part,name,assembly,material,triangles
0,Architecture/Foundation_00000,Architecture,Concrete_wall,44
1,Architecture/Floor_surface_00001,Architecture,Concrete_floor,12
2,Architecture/Floor_expansion_X_00002,Architecture,Deep_charcoal,12
3,Architecture/Floor_expansion_X_00003,Architecture,Deep_charcoal,12
4,Architecture/Floor_expansion_X_00004,Architecture,Deep_charcoal,12
5,Architecture/Floor_expansion_X_00005,Architecture,Deep_charcoal,12
6,Architecture/Floor_expansion_X_00006,Architecture,Deep_charcoal,12
7,Architecture/Floor_expansion_X_00007,Architecture,Deep_charcoal,12
8,Architecture/Floor_expansion_X_00008,Architecture,Deep_charcoal,12
9,Architecture/Floor_expansion_X_00009,Architecture,Deep_charcoal,12
10,Architecture/Floor_expansion_X_00010,Architecture,Deep_charcoal,12
11,Architecture/Floor_expansion_Y_00011,Architecture,Deep_charcoal,12
12,Architecture/Floor_expansion_Y_00012,Architecture,Deep_charcoal,12
13,Architecture/Floor_expansion_Y_00013,Architecture,Deep_charcoal,12
14,Architecture/Floor_expansion_Y_00014,Architecture,Deep_charcoal,12
15,Architecture/Floor_expansion_Y_00015,Architecture,Deep_charcoal,12
16,Architecture/Floor_expansion_Y_00016,Architecture,Deep_charcoal,12
17,Architecture/Floor_expansion_Y_00017,Architecture,Deep_charcoal,12
18,Architecture/Floor_expansion_Y_00018,Architecture,Deep_charcoal,12
19,Architecture/Floor_expansion_Y_00019,Architecture,Deep_charcoal,12
20,Architecture/Floor_expansion_Y_00020,Architecture,Deep_charcoal,12
21,Architecture/Floor_expansion_Y_00021,Architecture,Deep_charcoal,12
22,Architecture/Concrete_side_wall_00022,Architecture,Concrete_wall,44
23,Architecture/Corrugated_side_rib_00023,Architecture,Aged_black_steel,44
24,Architecture/Corrugated_side_rib_00024,Architecture,Aged_black_steel,44
25,Architecture/Corrugated_side_rib_00025,Architecture,Aged_black_steel,44
26,Architecture/Corrugated_side_rib_00026,Architecture,Aged_black_steel,44
27,Architecture/Corrugated_side_rib_00027,Architecture,Aged_black_steel,44
28,Architecture/Corrugated_side_rib_00028,Architecture,Aged_black_steel,44
29,Architecture/Corrugated_side_rib_00029,Architecture,Aged_black_steel,44
30,Architecture/Corrugated_side_rib_00030,Architecture,Aged_black_steel,44
31,Architecture/Corrugated_side_rib_00031,Architecture,Aged_black_steel,44
32,Architecture/Corrugated_side_rib_00032,Architecture,Aged_black_steel,44
33,Architecture/Corrugated_side_rib_00033,Architecture,Aged_black_steel,44
34,Architecture/Corrugated_side_rib_00034,Architecture,Aged_black_steel,44
35,Architecture/Corrugated_side_rib_00035,Architecture,Aged_black_steel,44
36,Architecture/Corrugated_side_rib_00036,Architecture,Aged_black_steel,44
37,Architecture/Corrugated_side_rib_00037,Architecture,Aged_black_steel,44
38,Architecture/Corrugated_side_rib_00038,Architecture,Aged_black_steel,44
39,Architecture/Corrugated_side_rib_00039,Architecture,Aged_black_steel,44
40,Architecture/Corrugated_side_rib_00040,Architecture,Aged_black_steel,44
41,Architecture/Corrugated_side_rib_00041,Architecture,Aged_black_steel,44
42,Architecture/Corrugated_side_rib_00042,Architecture,Aged_black_steel,44
43,Architecture/Red_wall_datum_00043,Architecture,Worn_crimson_paint,12
44,Architecture/Horizontal_wall_rail_00044,Architecture,Aged_black_steel,44
45,Architecture/Horizontal_wall_rail_00045,Architecture,Aged_black_steel,44
46,Architecture/Horizontal_wall_rail_00046,Architecture,Aged_black_steel,44
47,Architecture/Concrete_side_wall_00047,Architecture,Concrete_wall,44
48,Architecture/Corrugated_side_rib_00048,Architecture,Aged_black_steel,44
49,Architecture/Corrugated_side_rib_00049,Architecture,Aged_black_steel,44
50,Architecture/Corrugated_side_rib_00050,Architecture,Aged_black_steel,44
51,Architecture/Corrugated_side_rib_00051,Architecture,Aged_black_steel,44
52,Architecture/Corrugated_side_rib_00052,Architecture,Aged_black_steel,44
53,Architecture/Corrugated_side_rib_00053,Architecture,Aged_black_steel,44
54,Architecture/Corrugated_side_rib_00054,Architecture,Aged_black_steel,44
55,Architecture/Corrugated_side_rib_00055,Architecture,Aged_black_steel,44
56,Architecture/Corrugated_side_rib_00056,Architecture,Aged_black_steel,44
57,Architecture/Corrugated_side_rib_00057,Architecture,Aged_black_steel,44
58,Architecture/Corrugated_side_rib_00058,Architecture,Aged_black_steel,44
59,Architecture/Corrugated_side_rib_00059,Architecture,Aged_black_steel,44
60,Architecture/Corrugated_side_rib_00060,Architecture,Aged_black_steel,44
61,Architecture/Corrugated_side_rib_00061,Architecture,Aged_black_steel,44
62,Architecture/Corrugated_side_rib_00062,Architecture,Aged_black_steel,44
63,Architecture/Corrugated_side_rib_00063,Architecture,Aged_black_steel,44
64,Architecture/Corrugated_side_rib_00064,Architecture,Aged_black_steel,44
65,Architecture/Corrugated_side_rib_00065,Architecture,Aged_black_steel,44
66,Architecture/Corrugated_side_rib_00066,Architecture,Aged_black_steel,44
67,Architecture/Corrugated_side_rib_00067,Architecture,Aged_black_steel,44
68,Architecture/Red_wall_datum_00068,Architecture,Worn_crimson_paint,12
69,Architecture/Horizontal_wall_rail_00069,Architecture,Aged_black_steel,44
70,Architecture/Horizontal_wall_rail_00070,Architecture,Aged_black_steel,44
71,Architecture/Horizontal_wall_rail_00071,Architecture,Aged_black_steel,44
72,Architecture/Rear_wall_wing_00072,Architecture,Concrete_wall,44
73,Architecture/Rear_wall_wing_00073,Architecture,Concrete_wall,44
74,Architecture/Rear_door_header_00074,Architecture,Aged_black_steel,44
75,Architecture/Roof_00075,Architecture,Aged_black_steel,44
76,Architecture/Column_web_00076,Architecture,Aged_black_steel,44
77,Architecture/Column_flange_00077,Architecture,Aged_black_steel,44
78,Architecture/Column_flange_00078,Architecture,Aged_black_steel,44
79,Architecture/Column_anchor_plate_00079,Architecture,Aged_black_steel,44
80,Architecture/Column_anchor_bolt_00080,Architecture,Brushed_alloy,24
81,Architecture/Column_anchor_bolt_00081,Architecture,Brushed_alloy,24
82,Architecture/Column_anchor_bolt_00082,Architecture,Brushed_alloy,24
83,Architecture/Column_anchor_bolt_00083,Architecture,Brushed_alloy,24
84,Architecture/Column_web_00084,Architecture,Aged_black_steel,44
85,Architecture/Column_flange_00085,Architecture,Aged_black_steel,44
86,Architecture/Column_flange_00086,Architecture,Aged_black_steel,44
87,Architecture/Column_anchor_plate_00087,Architecture,Aged_black_steel,44
88,Architecture/Column_anchor_bolt_00088,Architecture,Brushed_alloy,24
89,Architecture/Column_anchor_bolt_00089,Architecture,Brushed_alloy,24
90,Architecture/Column_anchor_bolt_00090,Architecture,Brushed_alloy,24
91,Architecture/Column_anchor_bolt_00091,Architecture,Brushed_alloy,24
92,Architecture/Column_web_00092,Architecture,Aged_black_steel,44
93,Architecture/Column_flange_00093,Architecture,Aged_black_steel,44
94,Architecture/Column_flange_00094,Architecture,Aged_black_steel,44
95,Architecture/Column_anchor_plate_00095,Architecture,Aged_black_steel,44
96,Architecture/Column_anchor_bolt_00096,Architecture,Brushed_alloy,24
97,Architecture/Column_anchor_bolt_00097,Architecture,Brushed_alloy,24
98,Architecture/Column_anchor_bolt_00098,Architecture,Brushed_alloy,24
99,Architecture/Column_anchor_bolt_00099,Architecture,Brushed_alloy,24
100,Architecture/Column_web_00100,Architecture,Aged_black_steel,44
101,Architecture/Column_flange_00101,Architecture,Aged_black_steel,44
102,Architecture/Column_flange_00102,Architecture,Aged_black_steel,44
103,Architecture/Column_anchor_plate_00103,Architecture,Aged_black_steel,44
104,Architecture/Column_anchor_bolt_00104,Architecture,Brushed_alloy,24
105,Architecture/Column_anchor_bolt_00105,Architecture,Brushed_alloy,24
106,Architecture/Column_anchor_bolt_00106,Architecture,Brushed_alloy,24
107,Architecture/Column_anchor_bolt_00107,Architecture,Brushed_alloy,24
108,Architecture/Column_web_00108,Architecture,Aged_black_steel,44
109,Architecture/Column_flange_00109,Architecture,Aged_black_steel,44
110,Architecture/Column_flange_00110,Architecture,Aged_black_steel,44
111,Architecture/Column_anchor_plate_00111,Architecture,Aged_black_steel,44
112,Architecture/Column_anchor_bolt_00112,Architecture,Brushed_alloy,24
113,Architecture/Column_anchor_bolt_00113,Architecture,Brushed_alloy,24
114,Architecture/Column_anchor_bolt_00114,Architecture,Brushed_alloy,24
115,Architecture/Column_anchor_bolt_00115,Architecture,Brushed_alloy,24
116,Architecture/Column_web_00116,Architecture,Aged_black_steel,44
117,Architecture/Column_flange_00117,Architecture,Aged_black_steel,44
118,Architecture/Column_flange_00118,Architecture,Aged_black_steel,44
119,Architecture/Column_anchor_plate_00119,Architecture,Aged_black_steel,44
120,Architecture/Column_anchor_bolt_00120,Architecture,Brushed_alloy,24
121,Architecture/Column_anchor_bolt_00121,Architecture,Brushed_alloy,24
122,Architecture/Column_anchor_bolt_00122,Architecture,Brushed_alloy,24
123,Architecture/Column_anchor_bolt_00123,Architecture,Brushed_alloy,24
124,Architecture/Column_web_00124,Architecture,Aged_black_steel,44
125,Architecture/Column_flange_00125,Architecture,Aged_black_steel,44
126,Architecture/Column_flange_00126,Architecture,Aged_black_steel,44
127,Architecture/Column_anchor_plate_00127,Architecture,Aged_black_steel,44
128,Architecture/Column_anchor_bolt_00128,Architecture,Brushed_alloy,24
129,Architecture/Column_anchor_bolt_00129,Architecture,Brushed_alloy,24
130,Architecture/Column_anchor_bolt_00130,Architecture,Brushed_alloy,24
131,Architecture/Column_anchor_bolt_00131,Architecture,Brushed_alloy,24
132,Architecture/Column_web_00132,Architecture,Aged_black_steel,44
133,Architecture/Column_flange_00133,Architecture,Aged_black_steel,44
134,Architecture/Column_flange_00134,Architecture,Aged_black_steel,44
135,Architecture/Column_anchor_plate_00135,Architecture,Aged_black_steel,44
136,Architecture/Column_anchor_bolt_00136,Architecture,Brushed_alloy,24
137,Architecture/Column_anchor_bolt_00137,Architecture,Brushed_alloy,24
138,Architecture/Column_anchor_bolt_00138,Architecture,Brushed_alloy,24
139,Architecture/Column_anchor_bolt_00139,Architecture,Brushed_alloy,24
140,Architecture/Column_web_00140,Architecture,Aged_black_steel,44
141,Architecture/Column_flange_00141,Architecture,Aged_black_steel,44
142,Architecture/Column_flange_00142,Architecture,Aged_black_steel,44
143,Architecture/Column_anchor_plate_00143,Architecture,Aged_black_steel,44
144,Architecture/Column_anchor_bolt_00144,Architecture,Brushed_alloy,24
145,Architecture/Column_anchor_bolt_00145,Architecture,Brushed_alloy,24
146,Architecture/Column_anchor_bolt_00146,Architecture,Brushed_alloy,24
147,Architecture/Column_anchor_bolt_00147,Architecture,Brushed_alloy,24
148,Architecture/Column_web_00148,Architecture,Aged_black_steel,44
149,Architecture/Column_flange_00149,Architecture,Aged_black_steel,44
150,Architecture/Column_flange_00150,Architecture,Aged_black_steel,44
151,Architecture/Column_anchor_plate_00151,Architecture,Aged_black_steel,44
152,Architecture/Column_anchor_bolt_00152,Architecture,Brushed_alloy,24
153,Architecture/Column_anchor_bolt_00153,Architecture,Brushed_alloy,24
154,Architecture/Column_anchor_bolt_00154,Architecture,Brushed_alloy,24
155,Architecture/Column_anchor_bolt_00155,Architecture,Brushed_alloy,24
156,Architecture/Roof_truss_chord_00156,Architecture,Aged_black_steel,44
157,Architecture/Roof_truss_chord_00157,Architecture,Aged_black_steel,44
158,Architecture/Truss_diagonal_00158,Architecture,Aged_black_steel,44
159,Architecture/Truss_diagonal_00159,Architecture,Aged_black_steel,44
160,Architecture/Truss_diagonal_00160,Architecture,Aged_black_steel,44
161,Architecture/Truss_diagonal_00161,Architecture,Aged_black_steel,44
162,Architecture/Truss_diagonal_00162,Architecture,Aged_black_steel,44
163,Architecture/Truss_diagonal_00163,Architecture,Aged_black_steel,44
164,Architecture/Truss_diagonal_00164,Architecture,Aged_black_steel,44
165,Architecture/Truss_diagonal_00165,Architecture,Aged_black_steel,44
166,Architecture/Truss_diagonal_00166,Architecture,Aged_black_steel,44
167,Architecture/Truss_diagonal_00167,Architecture,Aged_black_steel,44
168,Architecture/Truss_diagonal_00168,Architecture,Aged_black_steel,44
169,Architecture/Truss_diagonal_00169,Architecture,Aged_black_steel,44
170,Architecture/Truss_diagonal_00170,Architecture,Aged_black_steel,44
171,Architecture/Truss_diagonal_00171,Architecture,Aged_black_steel,44
172,Architecture/Truss_diagonal_00172,Architecture,Aged_black_steel,44
173,Architecture/Truss_diagonal_00173,Architecture,Aged_black_steel,44
174,Architecture/Roof_truss_chord_00174,Architecture,Aged_black_steel,44
175,Architecture/Roof_truss_chord_00175,Architecture,Aged_black_steel,44
176,Architecture/Truss_diagonal_00176,Architecture,Aged_black_steel,44
177,Architecture/Truss_diagonal_00177,Architecture,Aged_black_steel,44
178,Architecture/Truss_diagonal_00178,Architecture,Aged_black_steel,44
179,Architecture/Truss_diagonal_00179,Architecture,Aged_black_steel,44
180,Architecture/Truss_diagonal_00180,Architecture,Aged_black_steel,44
181,Architecture/Truss_diagonal_00181,Architecture,Aged_black_steel,44
182,Architecture/Truss_diagonal_00182,Architecture,Aged_black_steel,44
183,Architecture/Truss_diagonal_00183,Architecture,Aged_black_steel,44
184,Architecture/Truss_diagonal_00184,Architecture,Aged_black_steel,44
185,Architecture/Truss_diagonal_00185,Architecture,Aged_black_steel,44
186,Architecture/Truss_diagonal_00186,Architecture,Aged_black_steel,44
187,Architecture/Truss_diagonal_00187,Architecture,Aged_black_steel,44
188,Architecture/Truss_diagonal_00188,Architecture,Aged_black_steel,44
189,Architecture/Truss_diagonal_00189,Architecture,Aged_black_steel,44
190,Architecture/Truss_diagonal_00190,Architecture,Aged_black_steel,44
191,Architecture/Truss_diagonal_00191,Architecture,Aged_black_steel,44
192,Architecture/Roof_truss_chord_00192,Architecture,Aged_black_steel,44
193,Architecture/Roof_truss_chord_00193,Architecture,Aged_black_steel,44
194,Architecture/Truss_diagonal_00194,Architecture,Aged_black_steel,44
195,Architecture/Truss_diagonal_00195,Architecture,Aged_black_steel,44
196,Architecture/Truss_diagonal_00196,Architecture,Aged_black_steel,44
197,Architecture/Truss_diagonal_00197,Architecture,Aged_black_steel,44
198,Architecture/Truss_diagonal_00198,Architecture,Aged_black_steel,44
199,Architecture/Truss_diagonal_00199,Architecture,Aged_black_steel,44
200,Architecture/Truss_diagonal_00200,Architecture,Aged_black_steel,44
201,Architecture/Truss_diagonal_00201,Architecture,Aged_black_steel,44
202,Architecture/Truss_diagonal_00202,Architecture,Aged_black_steel,44
203,Architecture/Truss_diagonal_00203,Architecture,Aged_black_steel,44
204,Architecture/Truss_diagonal_00204,Architecture,Aged_black_steel,44
205,Architecture/Truss_diagonal_00205,Architecture,Aged_black_steel,44
206,Architecture/Truss_diagonal_00206,Architecture,Aged_black_steel,44
207,Architecture/Truss_diagonal_00207,Architecture,Aged_black_steel,44
208,Architecture/Truss_diagonal_00208,Architecture,Aged_black_steel,44
209,Architecture/Truss_diagonal_00209,Architecture,Aged_black_steel,44
210,Architecture/Roof_truss_chord_00210,Architecture,Aged_black_steel,44
211,Architecture/Roof_truss_chord_00211,Architecture,Aged_black_steel,44
212,Architecture/Truss_diagonal_00212,Architecture,Aged_black_steel,44
213,Architecture/Truss_diagonal_00213,Architecture,Aged_black_steel,44
214,Architecture/Truss_diagonal_00214,Architecture,Aged_black_steel,44
215,Architecture/Truss_diagonal_00215,Architecture,Aged_black_steel,44
216,Architecture/Truss_diagonal_00216,Architecture,Aged_black_steel,44
217,Architecture/Truss_diagonal_00217,Architecture,Aged_black_steel,44
218,Architecture/Truss_diagonal_00218,Architecture,Aged_black_steel,44
219,Architecture/Truss_diagonal_00219,Architecture,Aged_black_steel,44
220,Architecture/Truss_diagonal_00220,Architecture,Aged_black_steel,44
221,Architecture/Truss_diagonal_00221,Architecture,Aged_black_steel,44
222,Architecture/Truss_diagonal_00222,Architecture,Aged_black_steel,44
223,Architecture/Truss_diagonal_00223,Architecture,Aged_black_steel,44
224,Architecture/Truss_diagonal_00224,Architecture,Aged_black_steel,44
225,Architecture/Truss_diagonal_00225,Architecture,Aged_black_steel,44
226,Architecture/Truss_diagonal_00226,Architecture,Aged_black_steel,44
227,Architecture/Truss_diagonal_00227,Architecture,Aged_black_steel,44
228,Architecture/Roof_truss_chord_00228,Architecture,Aged_black_steel,44
229,Architecture/Roof_truss_chord_00229,Architecture,Aged_black_steel,44
230,Architecture/Truss_diagonal_00230,Architecture,Aged_black_steel,44
231,Architecture/Truss_diagonal_00231,Architecture,Aged_black_steel,44
232,Architecture/Truss_diagonal_00232,Architecture,Aged_black_steel,44
233,Architecture/Truss_diagonal_00233,Architecture,Aged_black_steel,44
234,Architecture/Truss_diagonal_00234,Architecture,Aged_black_steel,44
235,Architecture/Truss_diagonal_00235,Architecture,Aged_black_steel,44
236,Architecture/Truss_diagonal_00236,Architecture,Aged_black_steel,44
237,Architecture/Truss_diagonal_00237,Architecture,Aged_black_steel,44
238,Architecture/Truss_diagonal_00238,Architecture,Aged_black_steel,44
239,Architecture/Truss_diagonal_00239,Architecture,Aged_black_steel,44
240,Architecture/Truss_diagonal_00240,Architecture,Aged_black_steel,44
241,Architecture/Truss_diagonal_00241,Architecture,Aged_black_steel,44
242,Architecture/Truss_diagonal_00242,Architecture,Aged_black_steel,44
243,Architecture/Truss_diagonal_00243,Architecture,Aged_black_steel,44
244,Architecture/Truss_diagonal_00244,Architecture,Aged_black_steel,44
245,Architecture/Truss_diagonal_00245,Architecture,Aged_black_steel,44
246,Architecture/Ceiling_purlin_00246,Architecture,Aged_black_steel,44
247,Architecture/Ceiling_purlin_00247,Architecture,Aged_black_steel,44
248,Architecture/Ceiling_purlin_00248,Architecture,Aged_black_steel,44
249,Architecture/Ceiling_purlin_00249,Architecture,Aged_black_steel,44
250,Architecture/Ceiling_purlin_00250,Architecture,Aged_black_steel,44
251,Architecture/Longitudinal_service_pipe_00251,Architecture,Brushed_alloy,128
252,Architecture/Pipe_collar_00252,Architecture,Aged_black_steel,192
253,Architecture/Pipe_collar_00253,Architecture,Aged_black_steel,192
254,Architecture/Pipe_collar_00254,Architecture,Aged_black_steel,192
255,Architecture/Pipe_collar_00255,Architecture,Aged_black_steel,192
256,Architecture/Pipe_collar_00256,Architecture,Aged_black_steel,192
257,Architecture/Pipe_collar_00257,Architecture,Aged_black_steel,192
258,Architecture/Pipe_collar_00258,Architecture,Aged_black_steel,192
259,Architecture/Pipe_collar_00259,Architecture,Aged_black_steel,192
260,Architecture/Pipe_collar_00260,Architecture,Aged_black_steel,192
261,Architecture/Pipe_collar_00261,Architecture,Aged_black_steel,192
262,Architecture/Longitudinal_service_pipe_00262,Architecture,Brushed_alloy,128
263,Architecture/Pipe_collar_00263,Architecture,Aged_black_steel,192
264,Architecture/Pipe_collar_00264,Architecture,Aged_black_steel,192
265,Architecture/Pipe_collar_00265,Architecture,Aged_black_steel,192
266,Architecture/Pipe_collar_00266,Architecture,Aged_black_steel,192
267,Architecture/Pipe_collar_00267,Architecture,Aged_black_steel,192
268,Architecture/Pipe_collar_00268,Architecture,Aged_black_steel,192
269,Architecture/Pipe_collar_00269,Architecture,Aged_black_steel,192
270,Architecture/Pipe_collar_00270,Architecture,Aged_black_steel,192
271,Architecture/Pipe_collar_00271,Architecture,Aged_black_steel,192
272,Architecture/Pipe_collar_00272,Architecture,Aged_black_steel,192
273,Architecture/Longitudinal_service_pipe_00273,Architecture,Brushed_alloy,128
274,Architecture/Pipe_collar_00274,Architecture,Aged_black_steel,192
275,Architecture/Pipe_collar_00275,Architecture,Aged_black_steel,192
276,Architecture/Pipe_collar_00276,Architecture,Aged_black_steel,192
277,Architecture/Pipe_collar_00277,Architecture,Aged_black_steel,192
278,Architecture/Pipe_collar_00278,Architecture,Aged_black_steel,192
279,Architecture/Pipe_collar_00279,Architecture,Aged_black_steel,192
280,Architecture/Pipe_collar_00280,Architecture,Aged_black_steel,192
281,Architecture/Pipe_collar_00281,Architecture,Aged_black_steel,192
282,Architecture/Pipe_collar_00282,Architecture,Aged_black_steel,192
283,Architecture/Pipe_collar_00283,Architecture,Aged_black_steel,192
284,Architecture/Ventilation_main_00284,Architecture,Aged_black_steel,192
285,Architecture/Duct_band_00285,Architecture,Brushed_alloy,384
286,Architecture/Duct_band_00286,Architecture,Brushed_alloy,384
287,Architecture/Duct_band_00287,Architecture,Brushed_alloy,384
288,Architecture/Duct_band_00288,Architecture,Brushed_alloy,384
289,Architecture/Duct_band_00289,Architecture,Brushed_alloy,384
290,Architecture/Shutter_track_00290,Architecture,Aged_black_steel,44
291,Architecture/Shutter_track_inner_00291,Architecture,Brushed_alloy,44
292,Architecture/Shutter_track_screw_00292,Architecture,Brushed_alloy,24
293,Architecture/Shutter_track_screw_00293,Architecture,Brushed_alloy,24
294,Architecture/Shutter_track_screw_00294,Architecture,Brushed_alloy,24
295,Architecture/Shutter_track_screw_00295,Architecture,Brushed_alloy,24
296,Architecture/Shutter_track_screw_00296,Architecture,Brushed_alloy,24
297,Architecture/Shutter_track_screw_00297,Architecture,Brushed_alloy,24
298,Architecture/Shutter_track_screw_00298,Architecture,Brushed_alloy,24
299,Architecture/Shutter_track_screw_00299,Architecture,Brushed_alloy,24
300,Architecture/Shutter_track_screw_00300,Architecture,Brushed_alloy,24
301,Architecture/Shutter_track_00301,Architecture,Aged_black_steel,44
302,Architecture/Shutter_track_inner_00302,Architecture,Brushed_alloy,44
303,Architecture/Shutter_track_screw_00303,Architecture,Brushed_alloy,24
304,Architecture/Shutter_track_screw_00304,Architecture,Brushed_alloy,24
305,Architecture/Shutter_track_screw_00305,Architecture,Brushed_alloy,24
306,Architecture/Shutter_track_screw_00306,Architecture,Brushed_alloy,24
307,Architecture/Shutter_track_screw_00307,Architecture,Brushed_alloy,24
308,Architecture/Shutter_track_screw_00308,Architecture,Brushed_alloy,24
309,Architecture/Shutter_track_screw_00309,Architecture,Brushed_alloy,24
310,Architecture/Shutter_track_screw_00310,Architecture,Brushed_alloy,24
311,Architecture/Shutter_track_screw_00311,Architecture,Brushed_alloy,24
312,Architecture/Raised_shutter_slat_00312,Architecture,Aged_black_steel,44
313,Architecture/Raised_shutter_slat_00313,Architecture,Aged_black_steel,44
314,Architecture/Raised_shutter_slat_00314,Architecture,Aged_black_steel,44
315,Architecture/Raised_shutter_slat_00315,Architecture,Aged_black_steel,44
316,Architecture/Raised_shutter_slat_00316,Architecture,Aged_black_steel,44
317,Architecture/Raised_shutter_slat_00317,Architecture,Aged_black_steel,44
318,Architecture/Raised_shutter_slat_00318,Architecture,Aged_black_steel,44
319,Architecture/Raised_shutter_slat_00319,Architecture,Aged_black_steel,44
320,Architecture/Raised_shutter_slat_00320,Architecture,Aged_black_steel,44
321,Architecture/Raised_shutter_slat_00321,Architecture,Aged_black_steel,44
322,Architecture/Raised_shutter_slat_00322,Architecture,Aged_black_steel,44
323,Architecture/Raised_shutter_slat_00323,Architecture,Aged_black_steel,44
324,Architecture/Shutter_roller_00324,Architecture,Aged_black_steel,192
325,Architecture/Shutter_motor_00325,Architecture,Worn_crimson_paint,44
326,Architecture/Shutter_control_00326,Architecture,Ivory_paint,44
327,Reference_Workstations/Door_control_button_00327,Reference_Workstations,Neon_red,64
328,Reference_Workstations/Door_control_button_00328,Reference_Workstations,Deep_charcoal,64
329,Architecture/Front_facade_wing_00329,Architecture,Concrete_wall,44
330,Architecture/Front_facade_wing_00330,Architecture,Concrete_wall,44
331,Architecture/Front_lintel_00331,Architecture,Aged_black_steel,44
332,Platform_Static/Turntable_static_plinth_00332,Platform_Static,Aged_black_steel,768
333,Platform_Static/Turntable_static_shadow_gap_00333,Platform_Static,Deep_charcoal,768
334,Turntable_ROTATE/Turntable_rotating_deck_00334,Turntable_ROTATE,Aged_black_steel,768
335,Turntable_ROTATE/Deck_outer_alloy_trim_00335,Turntable_ROTATE,Brushed_alloy,3072
336,Turntable_ROTATE/Inner_track_00336,Turntable_ROTATE,Aged_black_steel,2304
337,Turntable_ROTATE/Turntable_skirt_segment_00337,Turntable_ROTATE,Aged_black_steel,44
338,Turntable_ROTATE/Skirt_hex_bolt_00338,Turntable_ROTATE,Brushed_alloy,24
339,Turntable_ROTATE/Skirt_hex_bolt_00339,Turntable_ROTATE,Brushed_alloy,24
340,Turntable_ROTATE/Deck_radial_seam_00340,Turntable_ROTATE,Deep_charcoal,44
341,Turntable_ROTATE/Turntable_skirt_segment_00341,Turntable_ROTATE,Aged_black_steel,44
342,Turntable_ROTATE/Skirt_hex_bolt_00342,Turntable_ROTATE,Brushed_alloy,24
343,Turntable_ROTATE/Skirt_hex_bolt_00343,Turntable_ROTATE,Brushed_alloy,24
344,Turntable_ROTATE/Turntable_skirt_segment_00344,Turntable_ROTATE,Aged_black_steel,44
345,Turntable_ROTATE/Skirt_hex_bolt_00345,Turntable_ROTATE,Brushed_alloy,24
346,Turntable_ROTATE/Skirt_hex_bolt_00346,Turntable_ROTATE,Brushed_alloy,24
347,Turntable_ROTATE/Deck_radial_seam_00347,Turntable_ROTATE,Deep_charcoal,44
348,Turntable_ROTATE/Turntable_skirt_segment_00348,Turntable_ROTATE,Aged_black_steel,44
349,Turntable_ROTATE/Skirt_hex_bolt_00349,Turntable_ROTATE,Brushed_alloy,24
350,Turntable_ROTATE/Skirt_hex_bolt_00350,Turntable_ROTATE,Brushed_alloy,24
351,Turntable_ROTATE/Turntable_skirt_segment_00351,Turntable_ROTATE,Aged_black_steel,44
352,Turntable_ROTATE/Skirt_hex_bolt_00352,Turntable_ROTATE,Brushed_alloy,24
353,Turntable_ROTATE/Skirt_hex_bolt_00353,Turntable_ROTATE,Brushed_alloy,24
354,Turntable_ROTATE/Deck_radial_seam_00354,Turntable_ROTATE,Deep_charcoal,44
355,Turntable_ROTATE/Turntable_skirt_segment_00355,Turntable_ROTATE,Aged_black_steel,44
356,Turntable_ROTATE/Skirt_hex_bolt_00356,Turntable_ROTATE,Brushed_alloy,24
357,Turntable_ROTATE/Skirt_hex_bolt_00357,Turntable_ROTATE,Brushed_alloy,24
358,Turntable_ROTATE/Turntable_skirt_segment_00358,Turntable_ROTATE,Aged_black_steel,44
359,Turntable_ROTATE/Skirt_hex_bolt_00359,Turntable_ROTATE,Brushed_alloy,24
360,Turntable_ROTATE/Skirt_hex_bolt_00360,Turntable_ROTATE,Brushed_alloy,24
361,Turntable_ROTATE/Deck_radial_seam_00361,Turntable_ROTATE,Deep_charcoal,44
362,Turntable_ROTATE/Turntable_skirt_segment_00362,Turntable_ROTATE,Aged_black_steel,44
363,Turntable_ROTATE/Skirt_hex_bolt_00363,Turntable_ROTATE,Brushed_alloy,24
364,Turntable_ROTATE/Skirt_hex_bolt_00364,Turntable_ROTATE,Brushed_alloy,24
365,Turntable_ROTATE/Turntable_skirt_segment_00365,Turntable_ROTATE,Aged_black_steel,44
366,Turntable_ROTATE/Skirt_hex_bolt_00366,Turntable_ROTATE,Brushed_alloy,24
367,Turntable_ROTATE/Skirt_hex_bolt_00367,Turntable_ROTATE,Brushed_alloy,24
368,Turntable_ROTATE/Deck_radial_seam_00368,Turntable_ROTATE,Deep_charcoal,44
369,Turntable_ROTATE/Turntable_skirt_segment_00369,Turntable_ROTATE,Aged_black_steel,44
370,Turntable_ROTATE/Skirt_hex_bolt_00370,Turntable_ROTATE,Brushed_alloy,24
371,Turntable_ROTATE/Skirt_hex_bolt_00371,Turntable_ROTATE,Brushed_alloy,24
372,Turntable_ROTATE/Turntable_skirt_segment_00372,Turntable_ROTATE,Aged_black_steel,44
373,Turntable_ROTATE/Skirt_hex_bolt_00373,Turntable_ROTATE,Brushed_alloy,24
374,Turntable_ROTATE/Skirt_hex_bolt_00374,Turntable_ROTATE,Brushed_alloy,24
375,Turntable_ROTATE/Deck_radial_seam_00375,Turntable_ROTATE,Deep_charcoal,44
376,Turntable_ROTATE/Turntable_skirt_segment_00376,Turntable_ROTATE,Aged_black_steel,44
377,Turntable_ROTATE/Skirt_hex_bolt_00377,Turntable_ROTATE,Brushed_alloy,24
378,Turntable_ROTATE/Skirt_hex_bolt_00378,Turntable_ROTATE,Brushed_alloy,24
379,Turntable_ROTATE/Turntable_skirt_segment_00379,Turntable_ROTATE,Aged_black_steel,44
380,Turntable_ROTATE/Skirt_hex_bolt_00380,Turntable_ROTATE,Brushed_alloy,24
381,Turntable_ROTATE/Skirt_hex_bolt_00381,Turntable_ROTATE,Brushed_alloy,24
382,Turntable_ROTATE/Deck_radial_seam_00382,Turntable_ROTATE,Deep_charcoal,44
383,Turntable_ROTATE/Turntable_skirt_segment_00383,Turntable_ROTATE,Aged_black_steel,44
384,Turntable_ROTATE/Skirt_hex_bolt_00384,Turntable_ROTATE,Brushed_alloy,24
385,Turntable_ROTATE/Skirt_hex_bolt_00385,Turntable_ROTATE,Brushed_alloy,24
386,Turntable_ROTATE/Turntable_skirt_segment_00386,Turntable_ROTATE,Aged_black_steel,44
387,Turntable_ROTATE/Skirt_hex_bolt_00387,Turntable_ROTATE,Brushed_alloy,24
388,Turntable_ROTATE/Skirt_hex_bolt_00388,Turntable_ROTATE,Brushed_alloy,24
389,Turntable_ROTATE/Deck_radial_seam_00389,Turntable_ROTATE,Deep_charcoal,44
390,Turntable_ROTATE/Turntable_skirt_segment_00390,Turntable_ROTATE,Aged_black_steel,44
391,Turntable_ROTATE/Skirt_hex_bolt_00391,Turntable_ROTATE,Brushed_alloy,24
392,Turntable_ROTATE/Skirt_hex_bolt_00392,Turntable_ROTATE,Brushed_alloy,24
393,Turntable_ROTATE/Turntable_skirt_segment_00393,Turntable_ROTATE,Aged_black_steel,44
394,Turntable_ROTATE/Skirt_hex_bolt_00394,Turntable_ROTATE,Brushed_alloy,24
395,Turntable_ROTATE/Skirt_hex_bolt_00395,Turntable_ROTATE,Brushed_alloy,24
396,Turntable_ROTATE/Deck_radial_seam_00396,Turntable_ROTATE,Deep_charcoal,44
397,Turntable_ROTATE/Turntable_skirt_segment_00397,Turntable_ROTATE,Aged_black_steel,44
398,Turntable_ROTATE/Skirt_hex_bolt_00398,Turntable_ROTATE,Brushed_alloy,24
399,Turntable_ROTATE/Skirt_hex_bolt_00399,Turntable_ROTATE,Brushed_alloy,24
400,Turntable_ROTATE/Turntable_skirt_segment_00400,Turntable_ROTATE,Aged_black_steel,44
401,Turntable_ROTATE/Skirt_hex_bolt_00401,Turntable_ROTATE,Brushed_alloy,24
402,Turntable_ROTATE/Skirt_hex_bolt_00402,Turntable_ROTATE,Brushed_alloy,24
403,Turntable_ROTATE/Deck_radial_seam_00403,Turntable_ROTATE,Deep_charcoal,44
404,Turntable_ROTATE/Turntable_skirt_segment_00404,Turntable_ROTATE,Aged_black_steel,44
405,Turntable_ROTATE/Skirt_hex_bolt_00405,Turntable_ROTATE,Brushed_alloy,24
406,Turntable_ROTATE/Skirt_hex_bolt_00406,Turntable_ROTATE,Brushed_alloy,24
407,Turntable_ROTATE/Turntable_skirt_segment_00407,Turntable_ROTATE,Aged_black_steel,44
408,Turntable_ROTATE/Skirt_hex_bolt_00408,Turntable_ROTATE,Brushed_alloy,24
409,Turntable_ROTATE/Skirt_hex_bolt_00409,Turntable_ROTATE,Brushed_alloy,24
410,Turntable_ROTATE/Deck_radial_seam_00410,Turntable_ROTATE,Deep_charcoal,44
411,Turntable_ROTATE/Turntable_skirt_segment_00411,Turntable_ROTATE,Aged_black_steel,44
412,Turntable_ROTATE/Skirt_hex_bolt_00412,Turntable_ROTATE,Brushed_alloy,24
413,Turntable_ROTATE/Skirt_hex_bolt_00413,Turntable_ROTATE,Brushed_alloy,24
414,Turntable_ROTATE/Turntable_skirt_segment_00414,Turntable_ROTATE,Aged_black_steel,44
415,Turntable_ROTATE/Skirt_hex_bolt_00415,Turntable_ROTATE,Brushed_alloy,24
416,Turntable_ROTATE/Skirt_hex_bolt_00416,Turntable_ROTATE,Brushed_alloy,24
417,Turntable_ROTATE/Deck_radial_seam_00417,Turntable_ROTATE,Deep_charcoal,44
418,Turntable_ROTATE/Turntable_skirt_segment_00418,Turntable_ROTATE,Aged_black_steel,44
419,Turntable_ROTATE/Skirt_hex_bolt_00419,Turntable_ROTATE,Brushed_alloy,24
420,Turntable_ROTATE/Skirt_hex_bolt_00420,Turntable_ROTATE,Brushed_alloy,24
421,Turntable_ROTATE/Deck_perimeter_rivet_00421,Turntable_ROTATE,Brushed_alloy,32
422,Turntable_ROTATE/Deck_perimeter_rivet_00422,Turntable_ROTATE,Brushed_alloy,32
423,Turntable_ROTATE/Deck_perimeter_rivet_00423,Turntable_ROTATE,Brushed_alloy,32
424,Turntable_ROTATE/Deck_perimeter_rivet_00424,Turntable_ROTATE,Brushed_alloy,32
425,Turntable_ROTATE/Deck_perimeter_rivet_00425,Turntable_ROTATE,Brushed_alloy,32
426,Turntable_ROTATE/Deck_perimeter_rivet_00426,Turntable_ROTATE,Brushed_alloy,32
427,Turntable_ROTATE/Deck_perimeter_rivet_00427,Turntable_ROTATE,Brushed_alloy,32
428,Turntable_ROTATE/Deck_perimeter_rivet_00428,Turntable_ROTATE,Brushed_alloy,32
429,Turntable_ROTATE/Deck_perimeter_rivet_00429,Turntable_ROTATE,Brushed_alloy,32
430,Turntable_ROTATE/Deck_perimeter_rivet_00430,Turntable_ROTATE,Brushed_alloy,32
431,Turntable_ROTATE/Deck_perimeter_rivet_00431,Turntable_ROTATE,Brushed_alloy,32
432,Turntable_ROTATE/Deck_perimeter_rivet_00432,Turntable_ROTATE,Brushed_alloy,32
433,Turntable_ROTATE/Deck_perimeter_rivet_00433,Turntable_ROTATE,Brushed_alloy,32
434,Turntable_ROTATE/Deck_perimeter_rivet_00434,Turntable_ROTATE,Brushed_alloy,32
435,Turntable_ROTATE/Deck_perimeter_rivet_00435,Turntable_ROTATE,Brushed_alloy,32
436,Turntable_ROTATE/Deck_perimeter_rivet_00436,Turntable_ROTATE,Brushed_alloy,32
437,Turntable_ROTATE/Deck_perimeter_rivet_00437,Turntable_ROTATE,Brushed_alloy,32
438,Turntable_ROTATE/Deck_perimeter_rivet_00438,Turntable_ROTATE,Brushed_alloy,32
439,Turntable_ROTATE/Deck_perimeter_rivet_00439,Turntable_ROTATE,Brushed_alloy,32
440,Turntable_ROTATE/Deck_perimeter_rivet_00440,Turntable_ROTATE,Brushed_alloy,32
441,Turntable_ROTATE/Deck_perimeter_rivet_00441,Turntable_ROTATE,Brushed_alloy,32
442,Turntable_ROTATE/Deck_perimeter_rivet_00442,Turntable_ROTATE,Brushed_alloy,32
443,Turntable_ROTATE/Deck_perimeter_rivet_00443,Turntable_ROTATE,Brushed_alloy,32
444,Turntable_ROTATE/Deck_perimeter_rivet_00444,Turntable_ROTATE,Brushed_alloy,32
445,Turntable_ROTATE/Deck_perimeter_rivet_00445,Turntable_ROTATE,Brushed_alloy,32
446,Turntable_ROTATE/Deck_perimeter_rivet_00446,Turntable_ROTATE,Brushed_alloy,32
447,Turntable_ROTATE/Deck_perimeter_rivet_00447,Turntable_ROTATE,Brushed_alloy,32
448,Turntable_ROTATE/Deck_perimeter_rivet_00448,Turntable_ROTATE,Brushed_alloy,32
449,Turntable_ROTATE/Deck_perimeter_rivet_00449,Turntable_ROTATE,Brushed_alloy,32
450,Turntable_ROTATE/Deck_perimeter_rivet_00450,Turntable_ROTATE,Brushed_alloy,32
451,Turntable_ROTATE/Deck_perimeter_rivet_00451,Turntable_ROTATE,Brushed_alloy,32
452,Turntable_ROTATE/Deck_perimeter_rivet_00452,Turntable_ROTATE,Brushed_alloy,32
453,Turntable_ROTATE/Deck_perimeter_rivet_00453,Turntable_ROTATE,Brushed_alloy,32
454,Turntable_ROTATE/Deck_perimeter_rivet_00454,Turntable_ROTATE,Brushed_alloy,32
455,Turntable_ROTATE/Deck_perimeter_rivet_00455,Turntable_ROTATE,Brushed_alloy,32
456,Turntable_ROTATE/Deck_perimeter_rivet_00456,Turntable_ROTATE,Brushed_alloy,32
457,Turntable_ROTATE/Deck_perimeter_rivet_00457,Turntable_ROTATE,Brushed_alloy,32
458,Turntable_ROTATE/Deck_perimeter_rivet_00458,Turntable_ROTATE,Brushed_alloy,32
459,Turntable_ROTATE/Deck_perimeter_rivet_00459,Turntable_ROTATE,Brushed_alloy,32
460,Turntable_ROTATE/Deck_perimeter_rivet_00460,Turntable_ROTATE,Brushed_alloy,32
461,Turntable_ROTATE/Deck_perimeter_rivet_00461,Turntable_ROTATE,Brushed_alloy,32
462,Turntable_ROTATE/Deck_perimeter_rivet_00462,Turntable_ROTATE,Brushed_alloy,32
463,Turntable_ROTATE/Deck_perimeter_rivet_00463,Turntable_ROTATE,Brushed_alloy,32
464,Turntable_ROTATE/Deck_perimeter_rivet_00464,Turntable_ROTATE,Brushed_alloy,32
465,Turntable_ROTATE/Deck_perimeter_rivet_00465,Turntable_ROTATE,Brushed_alloy,32
466,Turntable_ROTATE/Deck_perimeter_rivet_00466,Turntable_ROTATE,Brushed_alloy,32
467,Turntable_ROTATE/Deck_perimeter_rivet_00467,Turntable_ROTATE,Brushed_alloy,32
468,Turntable_ROTATE/Deck_perimeter_rivet_00468,Turntable_ROTATE,Brushed_alloy,32
469,Reference_Workstations/Safety_floor_marking_00469,Reference_Workstations,Hazard_stripes,12
470,Reference_Workstations/Safety_floor_marking_00470,Reference_Workstations,Hazard_stripes,12
471,Reference_Workstations/Safety_floor_marking_00471,Reference_Workstations,Hazard_stripes,12
472,Reference_Workstations/Safety_floor_marking_00472,Reference_Workstations,Hazard_stripes,12
473,Reference_Workstations/Drawer_cabinet_body_00473,Reference_Workstations,Worn_crimson_paint,44
474,Reference_Workstations/Cabinet_steel_counter_00474,Reference_Workstations,Brushed_alloy,44
475,Reference_Workstations/Drawer_front_00475,Reference_Workstations,Worn_crimson_paint,44
476,Reference_Workstations/Drawer_handle_00476,Reference_Workstations,Brushed_alloy,44
477,Reference_Workstations/Drawer_seam_00477,Reference_Workstations,Deep_charcoal,12
478,Reference_Workstations/Drawer_front_00478,Reference_Workstations,Worn_crimson_paint,44
479,Reference_Workstations/Drawer_handle_00479,Reference_Workstations,Brushed_alloy,44
480,Reference_Workstations/Drawer_seam_00480,Reference_Workstations,Deep_charcoal,12
481,Reference_Workstations/Drawer_front_00481,Reference_Workstations,Worn_crimson_paint,44
482,Reference_Workstations/Drawer_handle_00482,Reference_Workstations,Brushed_alloy,44
483,Reference_Workstations/Drawer_seam_00483,Reference_Workstations,Deep_charcoal,12
484,Reference_Workstations/Drawer_front_00484,Reference_Workstations,Worn_crimson_paint,44
485,Reference_Workstations/Drawer_handle_00485,Reference_Workstations,Brushed_alloy,44
486,Reference_Workstations/Drawer_seam_00486,Reference_Workstations,Deep_charcoal,12
487,Reference_Workstations/Drawer_front_00487,Reference_Workstations,Worn_crimson_paint,44
488,Reference_Workstations/Drawer_handle_00488,Reference_Workstations,Brushed_alloy,44
489,Reference_Workstations/Drawer_seam_00489,Reference_Workstations,Deep_charcoal,12
490,Reference_Workstations/Drawer_front_00490,Reference_Workstations,Worn_crimson_paint,44
491,Reference_Workstations/Drawer_handle_00491,Reference_Workstations,Brushed_alloy,44
492,Reference_Workstations/Drawer_seam_00492,Reference_Workstations,Deep_charcoal,12
493,Reference_Workstations/Cabinet_castor_00493,Reference_Workstations,Tyre_rubber,80
494,Reference_Workstations/Cabinet_castor_00494,Reference_Workstations,Tyre_rubber,80
495,Reference_Workstations/Cabinet_castor_00495,Reference_Workstations,Tyre_rubber,80
496,Reference_Workstations/Cabinet_castor_00496,Reference_Workstations,Tyre_rubber,80
497,Reference_Workstations/Drawer_cabinet_body_00497,Reference_Workstations,Aged_black_steel,44
498,Reference_Workstations/Cabinet_steel_counter_00498,Reference_Workstations,Brushed_alloy,44
499,Reference_Workstations/Drawer_front_00499,Reference_Workstations,Aged_black_steel,44
500,Reference_Workstations/Drawer_handle_00500,Reference_Workstations,Brushed_alloy,44
501,Reference_Workstations/Drawer_seam_00501,Reference_Workstations,Deep_charcoal,12
502,Reference_Workstations/Drawer_front_00502,Reference_Workstations,Aged_black_steel,44
503,Reference_Workstations/Drawer_handle_00503,Reference_Workstations,Brushed_alloy,44
504,Reference_Workstations/Drawer_seam_00504,Reference_Workstations,Deep_charcoal,12
505,Reference_Workstations/Drawer_front_00505,Reference_Workstations,Aged_black_steel,44
506,Reference_Workstations/Drawer_handle_00506,Reference_Workstations,Brushed_alloy,44
507,Reference_Workstations/Drawer_seam_00507,Reference_Workstations,Deep_charcoal,12
508,Reference_Workstations/Drawer_front_00508,Reference_Workstations,Aged_black_steel,44
509,Reference_Workstations/Drawer_handle_00509,Reference_Workstations,Brushed_alloy,44
510,Reference_Workstations/Drawer_seam_00510,Reference_Workstations,Deep_charcoal,12
511,Reference_Workstations/Drawer_front_00511,Reference_Workstations,Aged_black_steel,44
512,Reference_Workstations/Drawer_handle_00512,Reference_Workstations,Brushed_alloy,44
513,Reference_Workstations/Drawer_seam_00513,Reference_Workstations,Deep_charcoal,12
514,Reference_Workstations/Drawer_front_00514,Reference_Workstations,Aged_black_steel,44
515,Reference_Workstations/Drawer_handle_00515,Reference_Workstations,Brushed_alloy,44
516,Reference_Workstations/Drawer_seam_00516,Reference_Workstations,Deep_charcoal,12
517,Reference_Workstations/Cabinet_castor_00517,Reference_Workstations,Tyre_rubber,80
518,Reference_Workstations/Cabinet_castor_00518,Reference_Workstations,Tyre_rubber,80
519,Reference_Workstations/Cabinet_castor_00519,Reference_Workstations,Tyre_rubber,80
520,Reference_Workstations/Cabinet_castor_00520,Reference_Workstations,Tyre_rubber,80
521,Reference_Workstations/Workstation_upper_shelf_00521,Reference_Workstations,Aged_black_steel,44
522,Reference_Workstations/Workbench_light_housing_00522,Reference_Workstations,Aged_black_steel,44
523,Reference_Workstations/Workbench_warm_light_00523,Reference_Workstations,Warm_fixture,44
524,Reference_Workstations/Oil_bottle_body_00524,Reference_Workstations,Aged_black_steel,64
525,Reference_Workstations/Oil_bottle_cap_00525,Reference_Workstations,Deep_charcoal,48
526,Reference_Workstations/Oil_bottle_body_00526,Reference_Workstations,Worn_crimson_paint,64
527,Reference_Workstations/Oil_bottle_cap_00527,Reference_Workstations,Deep_charcoal,48
528,Reference_Workstations/Oil_bottle_body_00528,Reference_Workstations,Aged_black_steel,64
529,Reference_Workstations/Oil_bottle_cap_00529,Reference_Workstations,Deep_charcoal,48
530,Reference_Workstations/Oil_bottle_body_00530,Reference_Workstations,Worn_crimson_paint,64
531,Reference_Workstations/Oil_bottle_cap_00531,Reference_Workstations,Deep_charcoal,48
532,Reference_Workstations/Parts_case_00532,Reference_Workstations,Deep_charcoal,44
533,Reference_Workstations/Parts_case_handle_00533,Reference_Workstations,Brushed_alloy,44
534,Reference_Workstations/Workstation_upper_shelf_00534,Reference_Workstations,Aged_black_steel,44
535,Reference_Workstations/Workbench_light_housing_00535,Reference_Workstations,Aged_black_steel,44
536,Reference_Workstations/Workbench_warm_light_00536,Reference_Workstations,Warm_fixture,44
537,Reference_Workstations/Oil_bottle_body_00537,Reference_Workstations,Aged_black_steel,64
538,Reference_Workstations/Oil_bottle_cap_00538,Reference_Workstations,Deep_charcoal,48
539,Reference_Workstations/Oil_bottle_body_00539,Reference_Workstations,Worn_crimson_paint,64
540,Reference_Workstations/Oil_bottle_cap_00540,Reference_Workstations,Deep_charcoal,48
541,Reference_Workstations/Oil_bottle_body_00541,Reference_Workstations,Aged_black_steel,64
542,Reference_Workstations/Oil_bottle_cap_00542,Reference_Workstations,Deep_charcoal,48
543,Reference_Workstations/Oil_bottle_body_00543,Reference_Workstations,Worn_crimson_paint,64
544,Reference_Workstations/Oil_bottle_cap_00544,Reference_Workstations,Deep_charcoal,48
545,Reference_Workstations/Parts_case_00545,Reference_Workstations,Deep_charcoal,44
546,Reference_Workstations/Parts_case_handle_00546,Reference_Workstations,Brushed_alloy,44
547,Reference_Workstations/JDM_fabric_banner_00547,Reference_Workstations,Reference_poster_and_banners,2
548,Reference_Workstations/Japanese_flag_00548,Reference_Workstations,Reference_poster_and_banners,2
549,Reference_Workstations/Electrical_service_box_00549,Reference_Workstations,Aged_black_steel,44
550,Reference_Workstations/Service_box_vent_00550,Reference_Workstations,Deep_charcoal,44
551,Reference_Workstations/Service_box_vent_00551,Reference_Workstations,Deep_charcoal,44
552,Reference_Workstations/Service_box_vent_00552,Reference_Workstations,Deep_charcoal,44
553,Reference_Workstations/Service_box_vent_00553,Reference_Workstations,Deep_charcoal,44
554,Reference_Workstations/Service_box_vent_00554,Reference_Workstations,Deep_charcoal,44
555,Reference_Workstations/Service_box_vent_00555,Reference_Workstations,Deep_charcoal,44
556,Reference_Workstations/Service_box_vent_00556,Reference_Workstations,Deep_charcoal,44
557,Reference_Workstations/Service_box_vent_00557,Reference_Workstations,Deep_charcoal,44
558,Reference_Workstations/Service_box_vent_00558,Reference_Workstations,Deep_charcoal,44
559,Reference_Workstations/Service_box_vent_00559,Reference_Workstations,Deep_charcoal,44
560,Reference_Workstations/Fire_extinguisher_00560,Reference_Workstations,Worn_crimson_paint,128
561,Reference_Workstations/Extinguisher_valve_00561,Reference_Workstations,Brushed_alloy,48
562,Reference_Workstations/Extinguisher_handle_00562,Reference_Workstations,Aged_black_steel,44
563,Reference_Workstations/Extinguisher_hose_00563,Reference_Workstations,Tyre_rubber,44
564,Reference_Workstations/Coiled_air_hose_00564,Reference_Workstations,Worn_crimson_paint,4080
565,Architecture/Drain_channel_00565,Architecture,Aged_black_steel,12
566,Architecture/Drain_slot_00566,Architecture,Deep_charcoal,12
567,Architecture/Drain_slot_00567,Architecture,Deep_charcoal,12
568,Architecture/Drain_slot_00568,Architecture,Deep_charcoal,12
569,Architecture/Drain_slot_00569,Architecture,Deep_charcoal,12
570,Architecture/Drain_slot_00570,Architecture,Deep_charcoal,12
571,Architecture/Drain_slot_00571,Architecture,Deep_charcoal,12
572,Architecture/Drain_slot_00572,Architecture,Deep_charcoal,12
573,Architecture/Drain_slot_00573,Architecture,Deep_charcoal,12
574,Architecture/Drain_slot_00574,Architecture,Deep_charcoal,12
575,Architecture/Drain_slot_00575,Architecture,Deep_charcoal,12
576,Architecture/Drain_slot_00576,Architecture,Deep_charcoal,12
577,Architecture/Drain_slot_00577,Architecture,Deep_charcoal,12
578,Architecture/Drain_slot_00578,Architecture,Deep_charcoal,12
579,Architecture/Drain_slot_00579,Architecture,Deep_charcoal,12
580,Architecture/Drain_slot_00580,Architecture,Deep_charcoal,12
581,Architecture/Drain_slot_00581,Architecture,Deep_charcoal,12
582,Architecture/Drain_slot_00582,Architecture,Deep_charcoal,12
583,Architecture/Drain_slot_00583,Architecture,Deep_charcoal,12
584,Architecture/Drain_slot_00584,Architecture,Deep_charcoal,12
585,Architecture/Drain_slot_00585,Architecture,Deep_charcoal,12
586,Architecture/Drain_slot_00586,Architecture,Deep_charcoal,12
587,Architecture/Drain_slot_00587,Architecture,Deep_charcoal,12
588,Architecture/Drain_slot_00588,Architecture,Deep_charcoal,12
589,Architecture/Drain_slot_00589,Architecture,Deep_charcoal,12
590,Architecture/Drain_slot_00590,Architecture,Deep_charcoal,12
591,Architecture/Drain_slot_00591,Architecture,Deep_charcoal,12
592,Architecture/Drain_slot_00592,Architecture,Deep_charcoal,12
593,Architecture/Drain_slot_00593,Architecture,Deep_charcoal,12
594,Architecture/Drain_slot_00594,Architecture,Deep_charcoal,12
595,Architecture/Drain_slot_00595,Architecture,Deep_charcoal,12
596,Architecture/Drain_slot_00596,Architecture,Deep_charcoal,12
597,Architecture/Drain_slot_00597,Architecture,Deep_charcoal,12
598,Architecture/Drain_slot_00598,Architecture,Deep_charcoal,12
599,Architecture/Drain_slot_00599,Architecture,Deep_charcoal,12
600,Architecture/Drain_slot_00600,Architecture,Deep_charcoal,12
601,Architecture/Drain_slot_00601,Architecture,Deep_charcoal,12
602,Architecture/Drain_slot_00602,Architecture,Deep_charcoal,12
603,Architecture/Drain_slot_00603,Architecture,Deep_charcoal,12
604,Architecture/Drain_slot_00604,Architecture,Deep_charcoal,12
605,Architecture/Drain_slot_00605,Architecture,Deep_charcoal,12
606,Architecture/Drain_slot_00606,Architecture,Deep_charcoal,12
607,Architecture/Drain_slot_00607,Architecture,Deep_charcoal,12
608,Architecture/Drain_slot_00608,Architecture,Deep_charcoal,12
609,Architecture/Drain_slot_00609,Architecture,Deep_charcoal,12
610,Architecture/Drain_slot_00610,Architecture,Deep_charcoal,12
611,Architecture/Drain_slot_00611,Architecture,Deep_charcoal,12
612,Architecture/Drain_slot_00612,Architecture,Deep_charcoal,12
613,Architecture/Drain_slot_00613,Architecture,Deep_charcoal,12
614,Architecture/Drain_slot_00614,Architecture,Deep_charcoal,12
615,Architecture/Drain_slot_00615,Architecture,Deep_charcoal,12
616,Architecture/Drain_slot_00616,Architecture,Deep_charcoal,12
617,Architecture/Drain_slot_00617,Architecture,Deep_charcoal,12
618,Architecture/Drain_slot_00618,Architecture,Deep_charcoal,12
619,Architecture/Drain_slot_00619,Architecture,Deep_charcoal,12
620,Architecture/Drain_slot_00620,Architecture,Deep_charcoal,12
621,Architecture/Drain_slot_00621,Architecture,Deep_charcoal,12
622,Architecture/Drain_slot_00622,Architecture,Deep_charcoal,12
623,Architecture/Drain_slot_00623,Architecture,Deep_charcoal,12
624,Architecture/Drain_slot_00624,Architecture,Deep_charcoal,12
625,Architecture/Drain_slot_00625,Architecture,Deep_charcoal,12
626,Architecture/Drain_slot_00626,Architecture,Deep_charcoal,12
627,Architecture/Drain_slot_00627,Architecture,Deep_charcoal,12
628,Architecture/Drain_slot_00628,Architecture,Deep_charcoal,12
629,Architecture/Drain_slot_00629,Architecture,Deep_charcoal,12
630,Architecture/Drain_slot_00630,Architecture,Deep_charcoal,12
631,Architecture/Drain_slot_00631,Architecture,Deep_charcoal,12
632,Architecture/Drain_slot_00632,Architecture,Deep_charcoal,12
633,Architecture/Drain_slot_00633,Architecture,Deep_charcoal,12
634,Architecture/Drain_slot_00634,Architecture,Deep_charcoal,12
635,Architecture/Drain_slot_00635,Architecture,Deep_charcoal,12
636,Architecture/Drain_slot_00636,Architecture,Deep_charcoal,12
637,Architecture/Drain_slot_00637,Architecture,Deep_charcoal,12
638,Architecture/Drain_slot_00638,Architecture,Deep_charcoal,12
639,Architecture/Drain_slot_00639,Architecture,Deep_charcoal,12
640,Architecture/Drain_slot_00640,Architecture,Deep_charcoal,12
641,Architecture/Drain_slot_00641,Architecture,Deep_charcoal,12
642,Architecture/Drain_slot_00642,Architecture,Deep_charcoal,12
643,Architecture/Drain_slot_00643,Architecture,Deep_charcoal,12
644,Architecture/Drain_slot_00644,Architecture,Deep_charcoal,12
645,Architecture/Drain_slot_00645,Architecture,Deep_charcoal,12
646,Architecture/Drain_slot_00646,Architecture,Deep_charcoal,12
647,Architecture/Drain_slot_00647,Architecture,Deep_charcoal,12
648,Architecture/Drain_slot_00648,Architecture,Deep_charcoal,12
649,Architecture/Drain_slot_00649,Architecture,Deep_charcoal,12
650,Architecture/Drain_slot_00650,Architecture,Deep_charcoal,12
651,Architecture/Drain_slot_00651,Architecture,Deep_charcoal,12
652,Architecture/Drain_slot_00652,Architecture,Deep_charcoal,12
653,Architecture/Drain_slot_00653,Architecture,Deep_charcoal,12
654,Architecture/Drain_slot_00654,Architecture,Deep_charcoal,12
655,Architecture/Drain_slot_00655,Architecture,Deep_charcoal,12
656,Architecture/Drain_slot_00656,Architecture,Deep_charcoal,12
657,Architecture/Drain_slot_00657,Architecture,Deep_charcoal,12
658,Architecture/Drain_slot_00658,Architecture,Deep_charcoal,12
659,Architecture/Drain_slot_00659,Architecture,Deep_charcoal,12
660,Architecture/Drain_slot_00660,Architecture,Deep_charcoal,12
661,Architecture/Drain_slot_00661,Architecture,Deep_charcoal,12
662,Architecture/Drain_slot_00662,Architecture,Deep_charcoal,12
663,Architecture/Drain_slot_00663,Architecture,Deep_charcoal,12
664,Architecture/Drain_slot_00664,Architecture,Deep_charcoal,12
665,Architecture/Ceiling_light_fixture_00665,Architecture,Aged_black_steel,44
666,Architecture/Ceiling_light_diffuser_00666,Architecture,Cool_fixture,44
667,Architecture/Fixture_suspension_00667,Architecture,Aged_black_steel,32
668,Architecture/Fixture_suspension_00668,Architecture,Aged_black_steel,32
669,Architecture/Ceiling_light_fixture_00669,Architecture,Aged_black_steel,44
670,Architecture/Ceiling_light_diffuser_00670,Architecture,Cool_fixture,44
671,Architecture/Fixture_suspension_00671,Architecture,Aged_black_steel,32
672,Architecture/Fixture_suspension_00672,Architecture,Aged_black_steel,32
673,Architecture/Ceiling_light_fixture_00673,Architecture,Aged_black_steel,44
674,Architecture/Ceiling_light_diffuser_00674,Architecture,Cool_fixture,44
675,Architecture/Fixture_suspension_00675,Architecture,Aged_black_steel,32
676,Architecture/Fixture_suspension_00676,Architecture,Aged_black_steel,32
677,Architecture/Ceiling_light_fixture_00677,Architecture,Aged_black_steel,44
678,Architecture/Ceiling_light_diffuser_00678,Architecture,Cool_fixture,44
679,Architecture/Fixture_suspension_00679,Architecture,Aged_black_steel,32
680,Architecture/Fixture_suspension_00680,Architecture,Aged_black_steel,32
681,Architecture/Ceiling_light_fixture_00681,Architecture,Aged_black_steel,44
682,Architecture/Ceiling_light_diffuser_00682,Architecture,Cool_fixture,44
683,Architecture/Fixture_suspension_00683,Architecture,Aged_black_steel,32
684,Architecture/Fixture_suspension_00684,Architecture,Aged_black_steel,32
685,Architecture/Ceiling_light_fixture_00685,Architecture,Aged_black_steel,44
686,Architecture/Ceiling_light_diffuser_00686,Architecture,Cool_fixture,44
687,Architecture/Fixture_suspension_00687,Architecture,Aged_black_steel,32
688,Architecture/Fixture_suspension_00688,Architecture,Aged_black_steel,32
689,Architecture/Ceiling_light_fixture_00689,Architecture,Aged_black_steel,44
690,Architecture/Ceiling_light_diffuser_00690,Architecture,Cool_fixture,44
691,Architecture/Fixture_suspension_00691,Architecture,Aged_black_steel,32
692,Architecture/Fixture_suspension_00692,Architecture,Aged_black_steel,32
693,Architecture/Ceiling_light_fixture_00693,Architecture,Aged_black_steel,44
694,Architecture/Ceiling_light_diffuser_00694,Architecture,Cool_fixture,44
695,Architecture/Fixture_suspension_00695,Architecture,Aged_black_steel,32
696,Architecture/Fixture_suspension_00696,Architecture,Aged_black_steel,32
697,Architecture/Ceiling_light_fixture_00697,Architecture,Aged_black_steel,44
698,Architecture/Ceiling_light_diffuser_00698,Architecture,Cool_fixture,44
699,Architecture/Fixture_suspension_00699,Architecture,Aged_black_steel,32
700,Architecture/Fixture_suspension_00700,Architecture,Aged_black_steel,32
701,Architecture/Ceiling_light_fixture_00701,Architecture,Aged_black_steel,44
702,Architecture/Ceiling_light_diffuser_00702,Architecture,Cool_fixture,44
703,Architecture/Fixture_suspension_00703,Architecture,Aged_black_steel,32
704,Architecture/Fixture_suspension_00704,Architecture,Aged_black_steel,32
705,Architecture/Ceiling_light_fixture_00705,Architecture,Aged_black_steel,44
706,Architecture/Ceiling_light_diffuser_00706,Architecture,Cool_fixture,44
707,Architecture/Fixture_suspension_00707,Architecture,Aged_black_steel,32
708,Architecture/Fixture_suspension_00708,Architecture,Aged_black_steel,32
709,Architecture/Ceiling_light_fixture_00709,Architecture,Aged_black_steel,44
710,Architecture/Ceiling_light_diffuser_00710,Architecture,Cool_fixture,44
711,Architecture/Fixture_suspension_00711,Architecture,Aged_black_steel,32
712,Architecture/Fixture_suspension_00712,Architecture,Aged_black_steel,32
713,Architecture/Red_wall_light_housing_00713,Architecture,Aged_black_steel,44
714,Architecture/Red_wall_light_00714,Architecture,Neon_red,44
715,Architecture/Red_wall_light_housing_00715,Architecture,Aged_black_steel,44
716,Architecture/Red_wall_light_00716,Architecture,Neon_red,44
717,Architecture/Red_wall_light_housing_00717,Architecture,Aged_black_steel,44
718,Architecture/Red_wall_light_00718,Architecture,Neon_red,44
719,Architecture/Red_wall_light_housing_00719,Architecture,Aged_black_steel,44
720,Architecture/Red_wall_light_00720,Architecture,Neon_red,44
721,Architecture/Red_wall_light_housing_00721,Architecture,Aged_black_steel,44
722,Architecture/Red_wall_light_00722,Architecture,Neon_red,44
723,Architecture/Red_wall_light_housing_00723,Architecture,Aged_black_steel,44
724,Architecture/Red_wall_light_00724,Architecture,Neon_red,44
725,Architecture/Red_wall_light_housing_00725,Architecture,Aged_black_steel,44
726,Architecture/Red_wall_light_00726,Architecture,Neon_red,44
727,Architecture/Red_wall_light_housing_00727,Architecture,Aged_black_steel,44
728,Architecture/Red_wall_light_00728,Architecture,Neon_red,44
729,Exterior/Outside_asphalt_00729,Exterior,Concrete_floor,12
730,Exterior/Safety_bollard_00730,Exterior,Aged_black_steel,80
731,Exterior/Bollard_reflector_00731,Exterior,Hazard_stripes,80
732,Exterior/Bollard_reflector_00732,Exterior,Hazard_stripes,80
733,Exterior/Bollard_reflector_00733,Exterior,Hazard_stripes,80
734,Exterior/Safety_bollard_00734,Exterior,Aged_black_steel,80
735,Exterior/Bollard_reflector_00735,Exterior,Hazard_stripes,80
736,Exterior/Bollard_reflector_00736,Exterior,Hazard_stripes,80
737,Exterior/Bollard_reflector_00737,Exterior,Hazard_stripes,80
738,Exterior/Safety_bollard_00738,Exterior,Aged_black_steel,80
739,Exterior/Bollard_reflector_00739,Exterior,Hazard_stripes,80
740,Exterior/Bollard_reflector_00740,Exterior,Hazard_stripes,80
741,Exterior/Bollard_reflector_00741,Exterior,Hazard_stripes,80
742,Exterior/Safety_bollard_00742,Exterior,Aged_black_steel,80
743,Exterior/Bollard_reflector_00743,Exterior,Hazard_stripes,80
744,Exterior/Bollard_reflector_00744,Exterior,Hazard_stripes,80
745,Exterior/Bollard_reflector_00745,Exterior,Hazard_stripes,80
746,Rear_tool_wall_001/Pegboard_frame_000,Rear_tool_wall_001,Aged_black_steel,44
747,Rear_tool_wall_001/Perforated_board_001,Rear_tool_wall_001,Workbench_wood,44
748,Rear_tool_wall_001/Peg_hole_002,Rear_tool_wall_001,Deep_charcoal,32
749,Rear_tool_wall_001/Peg_hole_003,Rear_tool_wall_001,Deep_charcoal,32
750,Rear_tool_wall_001/Peg_hole_004,Rear_tool_wall_001,Deep_charcoal,32
751,Rear_tool_wall_001/Peg_hole_005,Rear_tool_wall_001,Deep_charcoal,32
752,Rear_tool_wall_001/Peg_hole_006,Rear_tool_wall_001,Deep_charcoal,32
753,Rear_tool_wall_001/Peg_hole_007,Rear_tool_wall_001,Deep_charcoal,32
754,Rear_tool_wall_001/Peg_hole_008,Rear_tool_wall_001,Deep_charcoal,32
755,Rear_tool_wall_001/Peg_hole_009,Rear_tool_wall_001,Deep_charcoal,32
756,Rear_tool_wall_001/Peg_hole_010,Rear_tool_wall_001,Deep_charcoal,32
757,Rear_tool_wall_001/Peg_hole_011,Rear_tool_wall_001,Deep_charcoal,32
758,Rear_tool_wall_001/Peg_hole_012,Rear_tool_wall_001,Deep_charcoal,32
759,Rear_tool_wall_001/Peg_hole_013,Rear_tool_wall_001,Deep_charcoal,32
760,Rear_tool_wall_001/Peg_hole_014,Rear_tool_wall_001,Deep_charcoal,32
761,Rear_tool_wall_001/Peg_hole_015,Rear_tool_wall_001,Deep_charcoal,32
762,Rear_tool_wall_001/Peg_hole_016,Rear_tool_wall_001,Deep_charcoal,32
763,Rear_tool_wall_001/Peg_hole_017,Rear_tool_wall_001,Deep_charcoal,32
764,Rear_tool_wall_001/Peg_hole_018,Rear_tool_wall_001,Deep_charcoal,32
765,Rear_tool_wall_001/Peg_hole_019,Rear_tool_wall_001,Deep_charcoal,32
766,Rear_tool_wall_001/Peg_hole_020,Rear_tool_wall_001,Deep_charcoal,32
767,Rear_tool_wall_001/Peg_hole_021,Rear_tool_wall_001,Deep_charcoal,32
768,Rear_tool_wall_001/Peg_hole_022,Rear_tool_wall_001,Deep_charcoal,32
769,Rear_tool_wall_001/Peg_hole_023,Rear_tool_wall_001,Deep_charcoal,32
770,Rear_tool_wall_001/Peg_hole_024,Rear_tool_wall_001,Deep_charcoal,32
771,Rear_tool_wall_001/Peg_hole_025,Rear_tool_wall_001,Deep_charcoal,32
772,Rear_tool_wall_001/Peg_hole_026,Rear_tool_wall_001,Deep_charcoal,32
773,Rear_tool_wall_001/Peg_hole_027,Rear_tool_wall_001,Deep_charcoal,32
774,Rear_tool_wall_001/Peg_hole_028,Rear_tool_wall_001,Deep_charcoal,32
775,Rear_tool_wall_001/Peg_hole_029,Rear_tool_wall_001,Deep_charcoal,32
776,Rear_tool_wall_001/Peg_hole_030,Rear_tool_wall_001,Deep_charcoal,32
777,Rear_tool_wall_001/Peg_hole_031,Rear_tool_wall_001,Deep_charcoal,32
778,Rear_tool_wall_001/Peg_hole_032,Rear_tool_wall_001,Deep_charcoal,32
779,Rear_tool_wall_001/Peg_hole_033,Rear_tool_wall_001,Deep_charcoal,32
780,Rear_tool_wall_001/Peg_hole_034,Rear_tool_wall_001,Deep_charcoal,32
781,Rear_tool_wall_001/Peg_hole_035,Rear_tool_wall_001,Deep_charcoal,32
782,Rear_tool_wall_001/Peg_hole_036,Rear_tool_wall_001,Deep_charcoal,32
783,Rear_tool_wall_001/Peg_hole_037,Rear_tool_wall_001,Deep_charcoal,32
784,Rear_tool_wall_001/Peg_hole_038,Rear_tool_wall_001,Deep_charcoal,32
785,Rear_tool_wall_001/Peg_hole_039,Rear_tool_wall_001,Deep_charcoal,32
786,Rear_tool_wall_001/Peg_hole_040,Rear_tool_wall_001,Deep_charcoal,32
787,Rear_tool_wall_001/Peg_hole_041,Rear_tool_wall_001,Deep_charcoal,32
788,Rear_tool_wall_001/Peg_hole_042,Rear_tool_wall_001,Deep_charcoal,32
789,Rear_tool_wall_001/Peg_hole_043,Rear_tool_wall_001,Deep_charcoal,32
790,Rear_tool_wall_001/Peg_hole_044,Rear_tool_wall_001,Deep_charcoal,32
791,Rear_tool_wall_001/Peg_hole_045,Rear_tool_wall_001,Deep_charcoal,32
792,Rear_tool_wall_001/Peg_hole_046,Rear_tool_wall_001,Deep_charcoal,32
793,Rear_tool_wall_001/Peg_hole_047,Rear_tool_wall_001,Deep_charcoal,32
794,Rear_tool_wall_001/Peg_hole_048,Rear_tool_wall_001,Deep_charcoal,32
795,Rear_tool_wall_001/Peg_hole_049,Rear_tool_wall_001,Deep_charcoal,32
796,Rear_tool_wall_001/Peg_hole_050,Rear_tool_wall_001,Deep_charcoal,32
797,Rear_tool_wall_001/Peg_hole_051,Rear_tool_wall_001,Deep_charcoal,32
798,Rear_tool_wall_001/Peg_hole_052,Rear_tool_wall_001,Deep_charcoal,32
799,Rear_tool_wall_001/Peg_hole_053,Rear_tool_wall_001,Deep_charcoal,32
800,Rear_tool_wall_001/Peg_hole_054,Rear_tool_wall_001,Deep_charcoal,32
801,Rear_tool_wall_001/Peg_hole_055,Rear_tool_wall_001,Deep_charcoal,32
802,Rear_tool_wall_001/Peg_hole_056,Rear_tool_wall_001,Deep_charcoal,32
803,Rear_tool_wall_001/Peg_hole_057,Rear_tool_wall_001,Deep_charcoal,32
804,Rear_tool_wall_001/Peg_hole_058,Rear_tool_wall_001,Deep_charcoal,32
805,Rear_tool_wall_001/Peg_hole_059,Rear_tool_wall_001,Deep_charcoal,32
806,Rear_tool_wall_001/Peg_hole_060,Rear_tool_wall_001,Deep_charcoal,32
807,Rear_tool_wall_001/Peg_hole_061,Rear_tool_wall_001,Deep_charcoal,32
808,Rear_tool_wall_001/Peg_hole_062,Rear_tool_wall_001,Deep_charcoal,32
809,Rear_tool_wall_001/Peg_hole_063,Rear_tool_wall_001,Deep_charcoal,32
810,Rear_tool_wall_001/Peg_hole_064,Rear_tool_wall_001,Deep_charcoal,32
811,Rear_tool_wall_001/Peg_hole_065,Rear_tool_wall_001,Deep_charcoal,32
812,Rear_tool_wall_001/Peg_hole_066,Rear_tool_wall_001,Deep_charcoal,32
813,Rear_tool_wall_001/Peg_hole_067,Rear_tool_wall_001,Deep_charcoal,32
814,Rear_tool_wall_001/Peg_hole_068,Rear_tool_wall_001,Deep_charcoal,32
815,Rear_tool_wall_001/Peg_hole_069,Rear_tool_wall_001,Deep_charcoal,32
816,Rear_tool_wall_001/Peg_hole_070,Rear_tool_wall_001,Deep_charcoal,32
817,Rear_tool_wall_001/Peg_hole_071,Rear_tool_wall_001,Deep_charcoal,32
818,Rear_tool_wall_001/Peg_hole_072,Rear_tool_wall_001,Deep_charcoal,32
819,Rear_tool_wall_001/Peg_hole_073,Rear_tool_wall_001,Deep_charcoal,32
820,Rear_tool_wall_001/Peg_hole_074,Rear_tool_wall_001,Deep_charcoal,32
821,Rear_tool_wall_001/Peg_hole_075,Rear_tool_wall_001,Deep_charcoal,32
822,Rear_tool_wall_001/Peg_hole_076,Rear_tool_wall_001,Deep_charcoal,32
823,Rear_tool_wall_001/Peg_hole_077,Rear_tool_wall_001,Deep_charcoal,32
824,Rear_tool_wall_001/Peg_hole_078,Rear_tool_wall_001,Deep_charcoal,32
825,Rear_tool_wall_001/Peg_hole_079,Rear_tool_wall_001,Deep_charcoal,32
826,Rear_tool_wall_001/Peg_hole_080,Rear_tool_wall_001,Deep_charcoal,32
827,Rear_tool_wall_001/Peg_hole_081,Rear_tool_wall_001,Deep_charcoal,32
828,Rear_tool_wall_001/Peg_hole_082,Rear_tool_wall_001,Deep_charcoal,32
829,Rear_tool_wall_001/Peg_hole_083,Rear_tool_wall_001,Deep_charcoal,32
830,Rear_tool_wall_001/Peg_hole_084,Rear_tool_wall_001,Deep_charcoal,32
831,Rear_tool_wall_001/Peg_hole_085,Rear_tool_wall_001,Deep_charcoal,32
832,Rear_tool_wall_001/Peg_hole_086,Rear_tool_wall_001,Deep_charcoal,32
833,Rear_tool_wall_001/Peg_hole_087,Rear_tool_wall_001,Deep_charcoal,32
834,Rear_tool_wall_001/Peg_hole_088,Rear_tool_wall_001,Deep_charcoal,32
835,Rear_tool_wall_001/Peg_hole_089,Rear_tool_wall_001,Deep_charcoal,32
836,Rear_tool_wall_001/Peg_hole_090,Rear_tool_wall_001,Deep_charcoal,32
837,Rear_tool_wall_001/Peg_hole_091,Rear_tool_wall_001,Deep_charcoal,32
838,Rear_tool_wall_001/Peg_hole_092,Rear_tool_wall_001,Deep_charcoal,32
839,Rear_tool_wall_001/Peg_hole_093,Rear_tool_wall_001,Deep_charcoal,32
840,Rear_tool_wall_001/Peg_hole_094,Rear_tool_wall_001,Deep_charcoal,32
841,Rear_tool_wall_001/Peg_hole_095,Rear_tool_wall_001,Deep_charcoal,32
842,Rear_tool_wall_001/Peg_hole_096,Rear_tool_wall_001,Deep_charcoal,32
843,Rear_tool_wall_001/Peg_hole_097,Rear_tool_wall_001,Deep_charcoal,32
844,Rear_tool_wall_001/Peg_hole_098,Rear_tool_wall_001,Deep_charcoal,32
845,Rear_tool_wall_001/Peg_hole_099,Rear_tool_wall_001,Deep_charcoal,32
846,Rear_tool_wall_001/Peg_hole_100,Rear_tool_wall_001,Deep_charcoal,32
847,Rear_tool_wall_001/Peg_hole_101,Rear_tool_wall_001,Deep_charcoal,32
848,Rear_tool_wall_001/Peg_hole_102,Rear_tool_wall_001,Deep_charcoal,32
849,Rear_tool_wall_001/Peg_hole_103,Rear_tool_wall_001,Deep_charcoal,32
850,Rear_tool_wall_001/Peg_hole_104,Rear_tool_wall_001,Deep_charcoal,32
851,Rear_tool_wall_001/Peg_hole_105,Rear_tool_wall_001,Deep_charcoal,32
852,Rear_tool_wall_001/Peg_hole_106,Rear_tool_wall_001,Deep_charcoal,32
853,Rear_tool_wall_001/Peg_hole_107,Rear_tool_wall_001,Deep_charcoal,32
854,Rear_tool_wall_001/Peg_hole_108,Rear_tool_wall_001,Deep_charcoal,32
855,Rear_tool_wall_001/Peg_hole_109,Rear_tool_wall_001,Deep_charcoal,32
856,Rear_tool_wall_001/Peg_hole_110,Rear_tool_wall_001,Deep_charcoal,32
857,Rear_tool_wall_001/Peg_hole_111,Rear_tool_wall_001,Deep_charcoal,32
858,Rear_tool_wall_001/Peg_hole_112,Rear_tool_wall_001,Deep_charcoal,32
859,Rear_tool_wall_001/Peg_hole_113,Rear_tool_wall_001,Deep_charcoal,32
860,Rear_tool_wall_001/Peg_hole_114,Rear_tool_wall_001,Deep_charcoal,32
861,Rear_tool_wall_001/Peg_hole_115,Rear_tool_wall_001,Deep_charcoal,32
862,Rear_tool_wall_001/Peg_hole_116,Rear_tool_wall_001,Deep_charcoal,32
863,Rear_tool_wall_001/Peg_hole_117,Rear_tool_wall_001,Deep_charcoal,32
864,Rear_tool_wall_001/Peg_hole_118,Rear_tool_wall_001,Deep_charcoal,32
865,Rear_tool_wall_001/Peg_hole_119,Rear_tool_wall_001,Deep_charcoal,32
866,Rear_tool_wall_001/Peg_hole_120,Rear_tool_wall_001,Deep_charcoal,32
867,Rear_tool_wall_001/Peg_hole_121,Rear_tool_wall_001,Deep_charcoal,32
868,Rear_tool_wall_001/Peg_hole_122,Rear_tool_wall_001,Deep_charcoal,32
869,Rear_tool_wall_001/Peg_hole_123,Rear_tool_wall_001,Deep_charcoal,32
870,Rear_tool_wall_001/Peg_hole_124,Rear_tool_wall_001,Deep_charcoal,32
871,Rear_tool_wall_001/Peg_hole_125,Rear_tool_wall_001,Deep_charcoal,32
872,Rear_tool_wall_001/Peg_hole_126,Rear_tool_wall_001,Deep_charcoal,32
873,Rear_tool_wall_001/Peg_hole_127,Rear_tool_wall_001,Deep_charcoal,32
874,Rear_tool_wall_001/Peg_hole_128,Rear_tool_wall_001,Deep_charcoal,32
875,Rear_tool_wall_001/Peg_hole_129,Rear_tool_wall_001,Deep_charcoal,32
876,Rear_tool_wall_001/Peg_hole_130,Rear_tool_wall_001,Deep_charcoal,32
877,Rear_tool_wall_001/Peg_hole_131,Rear_tool_wall_001,Deep_charcoal,32
878,Rear_tool_wall_001/Peg_hole_132,Rear_tool_wall_001,Deep_charcoal,32
879,Rear_tool_wall_001/Peg_hole_133,Rear_tool_wall_001,Deep_charcoal,32
880,Rear_tool_wall_001/Peg_hole_134,Rear_tool_wall_001,Deep_charcoal,32
881,Rear_tool_wall_001/Peg_hole_135,Rear_tool_wall_001,Deep_charcoal,32
882,Rear_tool_wall_001/Peg_hole_136,Rear_tool_wall_001,Deep_charcoal,32
883,Rear_tool_wall_001/Peg_hole_137,Rear_tool_wall_001,Deep_charcoal,32
884,Rear_tool_wall_001/Peg_hole_138,Rear_tool_wall_001,Deep_charcoal,32
885,Rear_tool_wall_001/Peg_hole_139,Rear_tool_wall_001,Deep_charcoal,32
886,Rear_tool_wall_001/Peg_hole_140,Rear_tool_wall_001,Deep_charcoal,32
887,Rear_tool_wall_001/Peg_hole_141,Rear_tool_wall_001,Deep_charcoal,32
888,Rear_tool_wall_001/Peg_hole_142,Rear_tool_wall_001,Deep_charcoal,32
889,Rear_tool_wall_001/Peg_hole_143,Rear_tool_wall_001,Deep_charcoal,32
890,Rear_tool_wall_001/Peg_hole_144,Rear_tool_wall_001,Deep_charcoal,32
891,Rear_tool_wall_001/Peg_hole_145,Rear_tool_wall_001,Deep_charcoal,32
892,Rear_tool_wall_001/Peg_hole_146,Rear_tool_wall_001,Deep_charcoal,32
893,Rear_tool_wall_001/Peg_hole_147,Rear_tool_wall_001,Deep_charcoal,32
894,Rear_tool_wall_001/Peg_hole_148,Rear_tool_wall_001,Deep_charcoal,32
895,Rear_tool_wall_001/Peg_hole_149,Rear_tool_wall_001,Deep_charcoal,32
896,Rear_tool_wall_001/Peg_hole_150,Rear_tool_wall_001,Deep_charcoal,32
897,Rear_tool_wall_001/Peg_hole_151,Rear_tool_wall_001,Deep_charcoal,32
898,Rear_tool_wall_001/Peg_hole_152,Rear_tool_wall_001,Deep_charcoal,32
899,Rear_tool_wall_001/Peg_hole_153,Rear_tool_wall_001,Deep_charcoal,32
900,Rear_tool_wall_001/Peg_hole_154,Rear_tool_wall_001,Deep_charcoal,32
901,Rear_tool_wall_001/Peg_hole_155,Rear_tool_wall_001,Deep_charcoal,32
902,Rear_tool_wall_001/Peg_hole_156,Rear_tool_wall_001,Deep_charcoal,32
903,Rear_tool_wall_001/Peg_hole_157,Rear_tool_wall_001,Deep_charcoal,32
904,Rear_tool_wall_001/Peg_hole_158,Rear_tool_wall_001,Deep_charcoal,32
905,Rear_tool_wall_001/Peg_hole_159,Rear_tool_wall_001,Deep_charcoal,32
906,Rear_tool_wall_001/Peg_hole_160,Rear_tool_wall_001,Deep_charcoal,32
907,Rear_tool_wall_001/Peg_hole_161,Rear_tool_wall_001,Deep_charcoal,32
908,Rear_tool_wall_001/Peg_hole_162,Rear_tool_wall_001,Deep_charcoal,32
909,Rear_tool_wall_001/Peg_hole_163,Rear_tool_wall_001,Deep_charcoal,32
910,Rear_tool_wall_001/Peg_hole_164,Rear_tool_wall_001,Deep_charcoal,32
911,Rear_tool_wall_001/Peg_hole_165,Rear_tool_wall_001,Deep_charcoal,32
912,Rear_tool_wall_001/Peg_hole_166,Rear_tool_wall_001,Deep_charcoal,32
913,Rear_tool_wall_001/Peg_hole_167,Rear_tool_wall_001,Deep_charcoal,32
914,Rear_tool_wall_001/Peg_hole_168,Rear_tool_wall_001,Deep_charcoal,32
915,Rear_tool_wall_001/Peg_hole_169,Rear_tool_wall_001,Deep_charcoal,32
916,Rear_tool_wall_001/Peg_hole_170,Rear_tool_wall_001,Deep_charcoal,32
917,Rear_tool_wall_001/Peg_hole_171,Rear_tool_wall_001,Deep_charcoal,32
918,Rear_tool_wall_001/Peg_hole_172,Rear_tool_wall_001,Deep_charcoal,32
919,Rear_tool_wall_001/Peg_hole_173,Rear_tool_wall_001,Deep_charcoal,32
920,Rear_tool_wall_001/Peg_hole_174,Rear_tool_wall_001,Deep_charcoal,32
921,Rear_tool_wall_001/Peg_hole_175,Rear_tool_wall_001,Deep_charcoal,32
922,Rear_tool_wall_001/Peg_hole_176,Rear_tool_wall_001,Deep_charcoal,32
923,Rear_tool_wall_001/Peg_hole_177,Rear_tool_wall_001,Deep_charcoal,32
924,Rear_tool_wall_001/Peg_hole_178,Rear_tool_wall_001,Deep_charcoal,32
925,Rear_tool_wall_001/Peg_hole_179,Rear_tool_wall_001,Deep_charcoal,32
926,Rear_tool_wall_001/Peg_hole_180,Rear_tool_wall_001,Deep_charcoal,32
927,Rear_tool_wall_001/Peg_hole_181,Rear_tool_wall_001,Deep_charcoal,32
928,Rear_tool_wall_001/Peg_hole_182,Rear_tool_wall_001,Deep_charcoal,32
929,Rear_tool_wall_001/Peg_hole_183,Rear_tool_wall_001,Deep_charcoal,32
930,Rear_tool_wall_001/Peg_hole_184,Rear_tool_wall_001,Deep_charcoal,32
931,Rear_tool_wall_001/Peg_hole_185,Rear_tool_wall_001,Deep_charcoal,32
932,Rear_tool_wall_001/Peg_hole_186,Rear_tool_wall_001,Deep_charcoal,32
933,Rear_tool_wall_001/Peg_hole_187,Rear_tool_wall_001,Deep_charcoal,32
934,Rear_tool_wall_001/Peg_hole_188,Rear_tool_wall_001,Deep_charcoal,32
935,Rear_tool_wall_001/Peg_hole_189,Rear_tool_wall_001,Deep_charcoal,32
936,Rear_tool_wall_001/Peg_hole_190,Rear_tool_wall_001,Deep_charcoal,32
937,Rear_tool_wall_001/Peg_hole_191,Rear_tool_wall_001,Deep_charcoal,32
938,Rear_tool_wall_001/Peg_hole_192,Rear_tool_wall_001,Deep_charcoal,32
939,Rear_tool_wall_001/Peg_hole_193,Rear_tool_wall_001,Deep_charcoal,32
940,Rear_tool_wall_001/Peg_hole_194,Rear_tool_wall_001,Deep_charcoal,32
941,Rear_tool_wall_001/Peg_hole_195,Rear_tool_wall_001,Deep_charcoal,32
942,Rear_tool_wall_001/Peg_hole_196,Rear_tool_wall_001,Deep_charcoal,32
943,Rear_tool_wall_001/Peg_hole_197,Rear_tool_wall_001,Deep_charcoal,32
944,Rear_tool_wall_001/Peg_hole_198,Rear_tool_wall_001,Deep_charcoal,32
945,Rear_tool_wall_001/Peg_hole_199,Rear_tool_wall_001,Deep_charcoal,32
946,Rear_tool_wall_001/Peg_hole_200,Rear_tool_wall_001,Deep_charcoal,32
947,Rear_tool_wall_001/Peg_hole_201,Rear_tool_wall_001,Deep_charcoal,32
948,Rear_tool_wall_001/Peg_hole_202,Rear_tool_wall_001,Deep_charcoal,32
949,Rear_tool_wall_001/Peg_hole_203,Rear_tool_wall_001,Deep_charcoal,32
950,Rear_tool_wall_001/Peg_hole_204,Rear_tool_wall_001,Deep_charcoal,32
951,Rear_tool_wall_001/Peg_hole_205,Rear_tool_wall_001,Deep_charcoal,32
952,Rear_tool_wall_001/Peg_hole_206,Rear_tool_wall_001,Deep_charcoal,32
953,Rear_tool_wall_001/Peg_hole_207,Rear_tool_wall_001,Deep_charcoal,32
954,Rear_tool_wall_001/Peg_hole_208,Rear_tool_wall_001,Deep_charcoal,32
955,Rear_tool_wall_001/Peg_hole_209,Rear_tool_wall_001,Deep_charcoal,32
956,Rear_tool_wall_001/Peg_hole_210,Rear_tool_wall_001,Deep_charcoal,32
957,Rear_tool_wall_001/Peg_hole_211,Rear_tool_wall_001,Deep_charcoal,32
958,Rear_tool_wall_001/Peg_hole_212,Rear_tool_wall_001,Deep_charcoal,32
959,Rear_tool_wall_001/Peg_hole_213,Rear_tool_wall_001,Deep_charcoal,32
960,Rear_tool_wall_001/Peg_hole_214,Rear_tool_wall_001,Deep_charcoal,32
961,Rear_tool_wall_001/Peg_hole_215,Rear_tool_wall_001,Deep_charcoal,32
962,Rear_tool_wall_001/Peg_hole_216,Rear_tool_wall_001,Deep_charcoal,32
963,Rear_tool_wall_001/Peg_hole_217,Rear_tool_wall_001,Deep_charcoal,32
964,Rear_tool_wall_001/Peg_hole_218,Rear_tool_wall_001,Deep_charcoal,32
965,Rear_tool_wall_001/Peg_hole_219,Rear_tool_wall_001,Deep_charcoal,32
966,Rear_tool_wall_001/Peg_hole_220,Rear_tool_wall_001,Deep_charcoal,32
967,Rear_tool_wall_001/Peg_hole_221,Rear_tool_wall_001,Deep_charcoal,32
968,Rear_tool_wall_001/Peg_hole_222,Rear_tool_wall_001,Deep_charcoal,32
969,Rear_tool_wall_001/Peg_hole_223,Rear_tool_wall_001,Deep_charcoal,32
970,Rear_tool_wall_001/Peg_hole_224,Rear_tool_wall_001,Deep_charcoal,32
971,Rear_tool_wall_001/Peg_hole_225,Rear_tool_wall_001,Deep_charcoal,32
972,Rear_tool_wall_001/Peg_hole_226,Rear_tool_wall_001,Deep_charcoal,32
973,Rear_tool_wall_001/Peg_hole_227,Rear_tool_wall_001,Deep_charcoal,32
974,Rear_tool_wall_001/Peg_hole_228,Rear_tool_wall_001,Deep_charcoal,32
975,Rear_tool_wall_001/Peg_hole_229,Rear_tool_wall_001,Deep_charcoal,32
976,Rear_tool_wall_001/Peg_hole_230,Rear_tool_wall_001,Deep_charcoal,32
977,Rear_tool_wall_001/Peg_hole_231,Rear_tool_wall_001,Deep_charcoal,32
978,Rear_tool_wall_001/Peg_hole_232,Rear_tool_wall_001,Deep_charcoal,32
979,Rear_tool_wall_001/Peg_hole_233,Rear_tool_wall_001,Deep_charcoal,32
980,Rear_tool_wall_001/Peg_hole_234,Rear_tool_wall_001,Deep_charcoal,32
981,Rear_tool_wall_001/Peg_hole_235,Rear_tool_wall_001,Deep_charcoal,32
982,Rear_tool_wall_001/Peg_hole_236,Rear_tool_wall_001,Deep_charcoal,32
983,Rear_tool_wall_001/Peg_hole_237,Rear_tool_wall_001,Deep_charcoal,32
984,Rear_tool_wall_001/Peg_hole_238,Rear_tool_wall_001,Deep_charcoal,32
985,Rear_tool_wall_001/Peg_hole_239,Rear_tool_wall_001,Deep_charcoal,32
986,Rear_tool_wall_001/Peg_hole_240,Rear_tool_wall_001,Deep_charcoal,32
987,Rear_tool_wall_001/Peg_hole_241,Rear_tool_wall_001,Deep_charcoal,32
988,Rear_tool_wall_001/Pegboard_hook_242,Rear_tool_wall_001,Brushed_alloy,64
989,Rear_tool_wall_001/Hook_tip_243,Rear_tool_wall_001,Brushed_alloy,64
990,Rear_tool_wall_001/Pegboard_hook_244,Rear_tool_wall_001,Brushed_alloy,64
991,Rear_tool_wall_001/Hook_tip_245,Rear_tool_wall_001,Brushed_alloy,64
992,Rear_tool_wall_001/Pegboard_hook_246,Rear_tool_wall_001,Brushed_alloy,64
993,Rear_tool_wall_001/Hook_tip_247,Rear_tool_wall_001,Brushed_alloy,64
994,Rear_tool_wall_001/Pegboard_hook_248,Rear_tool_wall_001,Brushed_alloy,64
995,Rear_tool_wall_001/Hook_tip_249,Rear_tool_wall_001,Brushed_alloy,64
996,Rear_tool_wall_001/Pegboard_hook_250,Rear_tool_wall_001,Brushed_alloy,64
997,Rear_tool_wall_001/Hook_tip_251,Rear_tool_wall_001,Brushed_alloy,64
998,Rear_tool_wall_001/Pegboard_hook_252,Rear_tool_wall_001,Brushed_alloy,64
999,Rear_tool_wall_001/Hook_tip_253,Rear_tool_wall_001,Brushed_alloy,64
1000,Rear_tool_wall_001/Pegboard_hook_254,Rear_tool_wall_001,Brushed_alloy,64
1001,Rear_tool_wall_001/Hook_tip_255,Rear_tool_wall_001,Brushed_alloy,64
1002,Rear_tool_wall_001/Pegboard_hook_256,Rear_tool_wall_001,Brushed_alloy,64
1003,Rear_tool_wall_001/Hook_tip_257,Rear_tool_wall_001,Brushed_alloy,64
1004,Rear_tool_wall_001/Pegboard_hook_258,Rear_tool_wall_001,Brushed_alloy,64
1005,Rear_tool_wall_001/Hook_tip_259,Rear_tool_wall_001,Brushed_alloy,64
1006,Hanging_spanner_001/Forged_shaft_000,Hanging_spanner_001,Brushed_alloy,44
1007,Hanging_spanner_001/Ring_spanner_head_001,Hanging_spanner_001,Brushed_alloy,288
1008,Hanging_spanner_001/Ring_internal_tooth_002,Hanging_spanner_001,Brushed_alloy,44
1009,Hanging_spanner_001/Ring_internal_tooth_003,Hanging_spanner_001,Brushed_alloy,44
1010,Hanging_spanner_001/Ring_internal_tooth_004,Hanging_spanner_001,Brushed_alloy,44
1011,Hanging_spanner_001/Ring_internal_tooth_005,Hanging_spanner_001,Brushed_alloy,44
1012,Hanging_spanner_001/Ring_internal_tooth_006,Hanging_spanner_001,Brushed_alloy,44
1013,Hanging_spanner_001/Ring_internal_tooth_007,Hanging_spanner_001,Brushed_alloy,44
1014,Hanging_spanner_001/Ring_internal_tooth_008,Hanging_spanner_001,Brushed_alloy,44
1015,Hanging_spanner_001/Ring_internal_tooth_009,Hanging_spanner_001,Brushed_alloy,44
1016,Hanging_spanner_001/Ring_internal_tooth_010,Hanging_spanner_001,Brushed_alloy,44
1017,Hanging_spanner_001/Ring_internal_tooth_011,Hanging_spanner_001,Brushed_alloy,44
1018,Hanging_spanner_001/Ring_internal_tooth_012,Hanging_spanner_001,Brushed_alloy,44
1019,Hanging_spanner_001/Ring_internal_tooth_013,Hanging_spanner_001,Brushed_alloy,44
1020,Hanging_spanner_001/Ring_spanner_head_014,Hanging_spanner_001,Brushed_alloy,288
1021,Hanging_spanner_001/Ring_internal_tooth_015,Hanging_spanner_001,Brushed_alloy,44
1022,Hanging_spanner_001/Ring_internal_tooth_016,Hanging_spanner_001,Brushed_alloy,44
1023,Hanging_spanner_001/Ring_internal_tooth_017,Hanging_spanner_001,Brushed_alloy,44
1024,Hanging_spanner_001/Ring_internal_tooth_018,Hanging_spanner_001,Brushed_alloy,44
1025,Hanging_spanner_001/Ring_internal_tooth_019,Hanging_spanner_001,Brushed_alloy,44
1026,Hanging_spanner_001/Ring_internal_tooth_020,Hanging_spanner_001,Brushed_alloy,44
1027,Hanging_spanner_001/Ring_internal_tooth_021,Hanging_spanner_001,Brushed_alloy,44
1028,Hanging_spanner_001/Ring_internal_tooth_022,Hanging_spanner_001,Brushed_alloy,44
1029,Hanging_spanner_001/Ring_internal_tooth_023,Hanging_spanner_001,Brushed_alloy,44
1030,Hanging_spanner_001/Ring_internal_tooth_024,Hanging_spanner_001,Brushed_alloy,44
1031,Hanging_spanner_001/Ring_internal_tooth_025,Hanging_spanner_001,Brushed_alloy,44
1032,Hanging_spanner_001/Ring_internal_tooth_026,Hanging_spanner_001,Brushed_alloy,44
1033,Hanging_spanner_001/Shaft_stamp_027,Hanging_spanner_001,Aged_black_steel,44
1034,Hanging_spanner_002/Forged_shaft_000,Hanging_spanner_002,Brushed_alloy,44
1035,Hanging_spanner_002/Open_jaw_bridge_001,Hanging_spanner_002,Brushed_alloy,44
1036,Hanging_spanner_002/Open_jaw_finger_002,Hanging_spanner_002,Brushed_alloy,44
1037,Hanging_spanner_002/Open_jaw_finger_003,Hanging_spanner_002,Brushed_alloy,44
1038,Hanging_spanner_002/Box_end_004,Hanging_spanner_002,Brushed_alloy,288
1039,Hanging_spanner_003/Forged_shaft_000,Hanging_spanner_003,Brushed_alloy,44
1040,Hanging_spanner_003/Ring_spanner_head_001,Hanging_spanner_003,Brushed_alloy,288
1041,Hanging_spanner_003/Ring_internal_tooth_002,Hanging_spanner_003,Brushed_alloy,44
1042,Hanging_spanner_003/Ring_internal_tooth_003,Hanging_spanner_003,Brushed_alloy,44
1043,Hanging_spanner_003/Ring_internal_tooth_004,Hanging_spanner_003,Brushed_alloy,44
1044,Hanging_spanner_003/Ring_internal_tooth_005,Hanging_spanner_003,Brushed_alloy,44
1045,Hanging_spanner_003/Ring_internal_tooth_006,Hanging_spanner_003,Brushed_alloy,44
1046,Hanging_spanner_003/Ring_internal_tooth_007,Hanging_spanner_003,Brushed_alloy,44
1047,Hanging_spanner_003/Ring_internal_tooth_008,Hanging_spanner_003,Brushed_alloy,44
1048,Hanging_spanner_003/Ring_internal_tooth_009,Hanging_spanner_003,Brushed_alloy,44
1049,Hanging_spanner_003/Ring_internal_tooth_010,Hanging_spanner_003,Brushed_alloy,44
1050,Hanging_spanner_003/Ring_internal_tooth_011,Hanging_spanner_003,Brushed_alloy,44
1051,Hanging_spanner_003/Ring_internal_tooth_012,Hanging_spanner_003,Brushed_alloy,44
1052,Hanging_spanner_003/Ring_internal_tooth_013,Hanging_spanner_003,Brushed_alloy,44
1053,Hanging_spanner_003/Ring_spanner_head_014,Hanging_spanner_003,Brushed_alloy,288
1054,Hanging_spanner_003/Ring_internal_tooth_015,Hanging_spanner_003,Brushed_alloy,44
1055,Hanging_spanner_003/Ring_internal_tooth_016,Hanging_spanner_003,Brushed_alloy,44
1056,Hanging_spanner_003/Ring_internal_tooth_017,Hanging_spanner_003,Brushed_alloy,44
1057,Hanging_spanner_003/Ring_internal_tooth_018,Hanging_spanner_003,Brushed_alloy,44
1058,Hanging_spanner_003/Ring_internal_tooth_019,Hanging_spanner_003,Brushed_alloy,44
1059,Hanging_spanner_003/Ring_internal_tooth_020,Hanging_spanner_003,Brushed_alloy,44
1060,Hanging_spanner_003/Ring_internal_tooth_021,Hanging_spanner_003,Brushed_alloy,44
1061,Hanging_spanner_003/Ring_internal_tooth_022,Hanging_spanner_003,Brushed_alloy,44
1062,Hanging_spanner_003/Ring_internal_tooth_023,Hanging_spanner_003,Brushed_alloy,44
1063,Hanging_spanner_003/Ring_internal_tooth_024,Hanging_spanner_003,Brushed_alloy,44
1064,Hanging_spanner_003/Ring_internal_tooth_025,Hanging_spanner_003,Brushed_alloy,44
1065,Hanging_spanner_003/Ring_internal_tooth_026,Hanging_spanner_003,Brushed_alloy,44
1066,Hanging_spanner_003/Shaft_stamp_027,Hanging_spanner_003,Aged_black_steel,44
1067,Hanging_spanner_004/Forged_shaft_000,Hanging_spanner_004,Brushed_alloy,44
1068,Hanging_spanner_004/Open_jaw_bridge_001,Hanging_spanner_004,Brushed_alloy,44
1069,Hanging_spanner_004/Open_jaw_finger_002,Hanging_spanner_004,Brushed_alloy,44
1070,Hanging_spanner_004/Open_jaw_finger_003,Hanging_spanner_004,Brushed_alloy,44
1071,Hanging_spanner_004/Box_end_004,Hanging_spanner_004,Brushed_alloy,288
1072,Hanging_spanner_005/Forged_shaft_000,Hanging_spanner_005,Brushed_alloy,44
1073,Hanging_spanner_005/Ring_spanner_head_001,Hanging_spanner_005,Brushed_alloy,288
1074,Hanging_spanner_005/Ring_internal_tooth_002,Hanging_spanner_005,Brushed_alloy,44
1075,Hanging_spanner_005/Ring_internal_tooth_003,Hanging_spanner_005,Brushed_alloy,44
1076,Hanging_spanner_005/Ring_internal_tooth_004,Hanging_spanner_005,Brushed_alloy,44
1077,Hanging_spanner_005/Ring_internal_tooth_005,Hanging_spanner_005,Brushed_alloy,44
1078,Hanging_spanner_005/Ring_internal_tooth_006,Hanging_spanner_005,Brushed_alloy,44
1079,Hanging_spanner_005/Ring_internal_tooth_007,Hanging_spanner_005,Brushed_alloy,44
1080,Hanging_spanner_005/Ring_internal_tooth_008,Hanging_spanner_005,Brushed_alloy,44
1081,Hanging_spanner_005/Ring_internal_tooth_009,Hanging_spanner_005,Brushed_alloy,44
1082,Hanging_spanner_005/Ring_internal_tooth_010,Hanging_spanner_005,Brushed_alloy,44
1083,Hanging_spanner_005/Ring_internal_tooth_011,Hanging_spanner_005,Brushed_alloy,44
1084,Hanging_spanner_005/Ring_internal_tooth_012,Hanging_spanner_005,Brushed_alloy,44
1085,Hanging_spanner_005/Ring_internal_tooth_013,Hanging_spanner_005,Brushed_alloy,44
1086,Hanging_spanner_005/Ring_spanner_head_014,Hanging_spanner_005,Brushed_alloy,288
1087,Hanging_spanner_005/Ring_internal_tooth_015,Hanging_spanner_005,Brushed_alloy,44
1088,Hanging_spanner_005/Ring_internal_tooth_016,Hanging_spanner_005,Brushed_alloy,44
1089,Hanging_spanner_005/Ring_internal_tooth_017,Hanging_spanner_005,Brushed_alloy,44
1090,Hanging_spanner_005/Ring_internal_tooth_018,Hanging_spanner_005,Brushed_alloy,44
1091,Hanging_spanner_005/Ring_internal_tooth_019,Hanging_spanner_005,Brushed_alloy,44
1092,Hanging_spanner_005/Ring_internal_tooth_020,Hanging_spanner_005,Brushed_alloy,44
1093,Hanging_spanner_005/Ring_internal_tooth_021,Hanging_spanner_005,Brushed_alloy,44
1094,Hanging_spanner_005/Ring_internal_tooth_022,Hanging_spanner_005,Brushed_alloy,44
1095,Hanging_spanner_005/Ring_internal_tooth_023,Hanging_spanner_005,Brushed_alloy,44
1096,Hanging_spanner_005/Ring_internal_tooth_024,Hanging_spanner_005,Brushed_alloy,44
1097,Hanging_spanner_005/Ring_internal_tooth_025,Hanging_spanner_005,Brushed_alloy,44
1098,Hanging_spanner_005/Ring_internal_tooth_026,Hanging_spanner_005,Brushed_alloy,44
1099,Hanging_spanner_005/Shaft_stamp_027,Hanging_spanner_005,Aged_black_steel,44
1100,Hanging_spanner_006/Forged_shaft_000,Hanging_spanner_006,Brushed_alloy,44
1101,Hanging_spanner_006/Open_jaw_bridge_001,Hanging_spanner_006,Brushed_alloy,44
1102,Hanging_spanner_006/Open_jaw_finger_002,Hanging_spanner_006,Brushed_alloy,44
1103,Hanging_spanner_006/Open_jaw_finger_003,Hanging_spanner_006,Brushed_alloy,44
1104,Hanging_spanner_006/Box_end_004,Hanging_spanner_006,Brushed_alloy,288
1105,Hanging_spanner_007/Forged_shaft_000,Hanging_spanner_007,Brushed_alloy,44
1106,Hanging_spanner_007/Ring_spanner_head_001,Hanging_spanner_007,Brushed_alloy,288
1107,Hanging_spanner_007/Ring_internal_tooth_002,Hanging_spanner_007,Brushed_alloy,44
1108,Hanging_spanner_007/Ring_internal_tooth_003,Hanging_spanner_007,Brushed_alloy,44
1109,Hanging_spanner_007/Ring_internal_tooth_004,Hanging_spanner_007,Brushed_alloy,44
1110,Hanging_spanner_007/Ring_internal_tooth_005,Hanging_spanner_007,Brushed_alloy,44
1111,Hanging_spanner_007/Ring_internal_tooth_006,Hanging_spanner_007,Brushed_alloy,44
1112,Hanging_spanner_007/Ring_internal_tooth_007,Hanging_spanner_007,Brushed_alloy,44
1113,Hanging_spanner_007/Ring_internal_tooth_008,Hanging_spanner_007,Brushed_alloy,44
1114,Hanging_spanner_007/Ring_internal_tooth_009,Hanging_spanner_007,Brushed_alloy,44
1115,Hanging_spanner_007/Ring_internal_tooth_010,Hanging_spanner_007,Brushed_alloy,44
1116,Hanging_spanner_007/Ring_internal_tooth_011,Hanging_spanner_007,Brushed_alloy,44
1117,Hanging_spanner_007/Ring_internal_tooth_012,Hanging_spanner_007,Brushed_alloy,44
1118,Hanging_spanner_007/Ring_internal_tooth_013,Hanging_spanner_007,Brushed_alloy,44
1119,Hanging_spanner_007/Ring_spanner_head_014,Hanging_spanner_007,Brushed_alloy,288
1120,Hanging_spanner_007/Ring_internal_tooth_015,Hanging_spanner_007,Brushed_alloy,44
1121,Hanging_spanner_007/Ring_internal_tooth_016,Hanging_spanner_007,Brushed_alloy,44
1122,Hanging_spanner_007/Ring_internal_tooth_017,Hanging_spanner_007,Brushed_alloy,44
1123,Hanging_spanner_007/Ring_internal_tooth_018,Hanging_spanner_007,Brushed_alloy,44
1124,Hanging_spanner_007/Ring_internal_tooth_019,Hanging_spanner_007,Brushed_alloy,44
1125,Hanging_spanner_007/Ring_internal_tooth_020,Hanging_spanner_007,Brushed_alloy,44
1126,Hanging_spanner_007/Ring_internal_tooth_021,Hanging_spanner_007,Brushed_alloy,44
1127,Hanging_spanner_007/Ring_internal_tooth_022,Hanging_spanner_007,Brushed_alloy,44
1128,Hanging_spanner_007/Ring_internal_tooth_023,Hanging_spanner_007,Brushed_alloy,44
1129,Hanging_spanner_007/Ring_internal_tooth_024,Hanging_spanner_007,Brushed_alloy,44
1130,Hanging_spanner_007/Ring_internal_tooth_025,Hanging_spanner_007,Brushed_alloy,44
1131,Hanging_spanner_007/Ring_internal_tooth_026,Hanging_spanner_007,Brushed_alloy,44
1132,Hanging_spanner_007/Shaft_stamp_027,Hanging_spanner_007,Aged_black_steel,44
1133,Hanging_spanner_008/Forged_shaft_000,Hanging_spanner_008,Brushed_alloy,44
1134,Hanging_spanner_008/Open_jaw_bridge_001,Hanging_spanner_008,Brushed_alloy,44
1135,Hanging_spanner_008/Open_jaw_finger_002,Hanging_spanner_008,Brushed_alloy,44
1136,Hanging_spanner_008/Open_jaw_finger_003,Hanging_spanner_008,Brushed_alloy,44
1137,Hanging_spanner_008/Box_end_004,Hanging_spanner_008,Brushed_alloy,288
1138,Hanging_spanner_009/Forged_shaft_000,Hanging_spanner_009,Brushed_alloy,44
1139,Hanging_spanner_009/Ring_spanner_head_001,Hanging_spanner_009,Brushed_alloy,288
1140,Hanging_spanner_009/Ring_internal_tooth_002,Hanging_spanner_009,Brushed_alloy,44
1141,Hanging_spanner_009/Ring_internal_tooth_003,Hanging_spanner_009,Brushed_alloy,44
1142,Hanging_spanner_009/Ring_internal_tooth_004,Hanging_spanner_009,Brushed_alloy,44
1143,Hanging_spanner_009/Ring_internal_tooth_005,Hanging_spanner_009,Brushed_alloy,44
1144,Hanging_spanner_009/Ring_internal_tooth_006,Hanging_spanner_009,Brushed_alloy,44
1145,Hanging_spanner_009/Ring_internal_tooth_007,Hanging_spanner_009,Brushed_alloy,44
1146,Hanging_spanner_009/Ring_internal_tooth_008,Hanging_spanner_009,Brushed_alloy,44
1147,Hanging_spanner_009/Ring_internal_tooth_009,Hanging_spanner_009,Brushed_alloy,44
1148,Hanging_spanner_009/Ring_internal_tooth_010,Hanging_spanner_009,Brushed_alloy,44
1149,Hanging_spanner_009/Ring_internal_tooth_011,Hanging_spanner_009,Brushed_alloy,44
1150,Hanging_spanner_009/Ring_internal_tooth_012,Hanging_spanner_009,Brushed_alloy,44
1151,Hanging_spanner_009/Ring_internal_tooth_013,Hanging_spanner_009,Brushed_alloy,44
1152,Hanging_spanner_009/Ring_spanner_head_014,Hanging_spanner_009,Brushed_alloy,288
1153,Hanging_spanner_009/Ring_internal_tooth_015,Hanging_spanner_009,Brushed_alloy,44
1154,Hanging_spanner_009/Ring_internal_tooth_016,Hanging_spanner_009,Brushed_alloy,44
1155,Hanging_spanner_009/Ring_internal_tooth_017,Hanging_spanner_009,Brushed_alloy,44
1156,Hanging_spanner_009/Ring_internal_tooth_018,Hanging_spanner_009,Brushed_alloy,44
1157,Hanging_spanner_009/Ring_internal_tooth_019,Hanging_spanner_009,Brushed_alloy,44
1158,Hanging_spanner_009/Ring_internal_tooth_020,Hanging_spanner_009,Brushed_alloy,44
1159,Hanging_spanner_009/Ring_internal_tooth_021,Hanging_spanner_009,Brushed_alloy,44
1160,Hanging_spanner_009/Ring_internal_tooth_022,Hanging_spanner_009,Brushed_alloy,44
1161,Hanging_spanner_009/Ring_internal_tooth_023,Hanging_spanner_009,Brushed_alloy,44
1162,Hanging_spanner_009/Ring_internal_tooth_024,Hanging_spanner_009,Brushed_alloy,44
1163,Hanging_spanner_009/Ring_internal_tooth_025,Hanging_spanner_009,Brushed_alloy,44
1164,Hanging_spanner_009/Ring_internal_tooth_026,Hanging_spanner_009,Brushed_alloy,44
1165,Hanging_spanner_009/Shaft_stamp_027,Hanging_spanner_009,Aged_black_steel,44
1166,Hanging_screwdriver_001/Screwdriver_grip_000,Hanging_screwdriver_001,Worn_crimson_paint,80
1167,Hanging_screwdriver_001/Grip_flute_001,Hanging_screwdriver_001,Tyre_rubber,44
1168,Hanging_screwdriver_001/Grip_flute_002,Hanging_screwdriver_001,Tyre_rubber,44
1169,Hanging_screwdriver_001/Grip_flute_003,Hanging_screwdriver_001,Tyre_rubber,44
1170,Hanging_screwdriver_001/Grip_flute_004,Hanging_screwdriver_001,Tyre_rubber,44
1171,Hanging_screwdriver_001/Grip_flute_005,Hanging_screwdriver_001,Tyre_rubber,44
1172,Hanging_screwdriver_001/Grip_flute_006,Hanging_screwdriver_001,Tyre_rubber,44
1173,Hanging_screwdriver_001/Screwdriver_shank_007,Hanging_screwdriver_001,Brushed_alloy,48
1174,Hanging_screwdriver_001/Driver_tip_008,Hanging_screwdriver_001,Brushed_alloy,44
1175,Hanging_screwdriver_001/Grip_collar_009,Hanging_screwdriver_001,Brushed_alloy,192
1176,Hanging_screwdriver_002/Screwdriver_grip_000,Hanging_screwdriver_002,Workshop_blue_paint,80
1177,Hanging_screwdriver_002/Grip_flute_001,Hanging_screwdriver_002,Tyre_rubber,44
1178,Hanging_screwdriver_002/Grip_flute_002,Hanging_screwdriver_002,Tyre_rubber,44
1179,Hanging_screwdriver_002/Grip_flute_003,Hanging_screwdriver_002,Tyre_rubber,44
1180,Hanging_screwdriver_002/Grip_flute_004,Hanging_screwdriver_002,Tyre_rubber,44
1181,Hanging_screwdriver_002/Grip_flute_005,Hanging_screwdriver_002,Tyre_rubber,44
1182,Hanging_screwdriver_002/Grip_flute_006,Hanging_screwdriver_002,Tyre_rubber,44
1183,Hanging_screwdriver_002/Screwdriver_shank_007,Hanging_screwdriver_002,Brushed_alloy,48
1184,Hanging_screwdriver_002/Driver_tip_008,Hanging_screwdriver_002,Brushed_alloy,44
1185,Hanging_screwdriver_002/Grip_collar_009,Hanging_screwdriver_002,Brushed_alloy,192
1186,Hanging_screwdriver_003/Screwdriver_grip_000,Hanging_screwdriver_003,Hand_tool_orange,80
1187,Hanging_screwdriver_003/Grip_flute_001,Hanging_screwdriver_003,Tyre_rubber,44
1188,Hanging_screwdriver_003/Grip_flute_002,Hanging_screwdriver_003,Tyre_rubber,44
1189,Hanging_screwdriver_003/Grip_flute_003,Hanging_screwdriver_003,Tyre_rubber,44
1190,Hanging_screwdriver_003/Grip_flute_004,Hanging_screwdriver_003,Tyre_rubber,44
1191,Hanging_screwdriver_003/Grip_flute_005,Hanging_screwdriver_003,Tyre_rubber,44
1192,Hanging_screwdriver_003/Grip_flute_006,Hanging_screwdriver_003,Tyre_rubber,44
1193,Hanging_screwdriver_003/Screwdriver_shank_007,Hanging_screwdriver_003,Brushed_alloy,48
1194,Hanging_screwdriver_003/Driver_tip_008,Hanging_screwdriver_003,Brushed_alloy,44
1195,Hanging_screwdriver_003/Grip_collar_009,Hanging_screwdriver_003,Brushed_alloy,192
1196,Hanging_screwdriver_004/Screwdriver_grip_000,Hanging_screwdriver_004,Tyre_rubber,80
1197,Hanging_screwdriver_004/Grip_flute_001,Hanging_screwdriver_004,Tyre_rubber,44
1198,Hanging_screwdriver_004/Grip_flute_002,Hanging_screwdriver_004,Tyre_rubber,44
1199,Hanging_screwdriver_004/Grip_flute_003,Hanging_screwdriver_004,Tyre_rubber,44
1200,Hanging_screwdriver_004/Grip_flute_004,Hanging_screwdriver_004,Tyre_rubber,44
1201,Hanging_screwdriver_004/Grip_flute_005,Hanging_screwdriver_004,Tyre_rubber,44
1202,Hanging_screwdriver_004/Grip_flute_006,Hanging_screwdriver_004,Tyre_rubber,44
1203,Hanging_screwdriver_004/Screwdriver_shank_007,Hanging_screwdriver_004,Brushed_alloy,48
1204,Hanging_screwdriver_004/Driver_tip_008,Hanging_screwdriver_004,Brushed_alloy,44
1205,Hanging_screwdriver_004/Grip_collar_009,Hanging_screwdriver_004,Brushed_alloy,192
1206,Hanging_pliers_001/Plier_handle_000,Hanging_pliers_001,Worn_crimson_paint,44
1207,Hanging_pliers_001/Steel_jaw_001,Hanging_pliers_001,Brushed_alloy,44
1208,Hanging_pliers_001/Jaw_tooth_002,Hanging_pliers_001,Aged_black_steel,12
1209,Hanging_pliers_001/Jaw_tooth_003,Hanging_pliers_001,Aged_black_steel,12
1210,Hanging_pliers_001/Jaw_tooth_004,Hanging_pliers_001,Aged_black_steel,12
1211,Hanging_pliers_001/Jaw_tooth_005,Hanging_pliers_001,Aged_black_steel,12
1212,Hanging_pliers_001/Jaw_tooth_006,Hanging_pliers_001,Aged_black_steel,12
1213,Hanging_pliers_001/Plier_handle_007,Hanging_pliers_001,Worn_crimson_paint,44
1214,Hanging_pliers_001/Steel_jaw_008,Hanging_pliers_001,Brushed_alloy,44
1215,Hanging_pliers_001/Jaw_tooth_009,Hanging_pliers_001,Aged_black_steel,12
1216,Hanging_pliers_001/Jaw_tooth_010,Hanging_pliers_001,Aged_black_steel,12
1217,Hanging_pliers_001/Jaw_tooth_011,Hanging_pliers_001,Aged_black_steel,12
1218,Hanging_pliers_001/Jaw_tooth_012,Hanging_pliers_001,Aged_black_steel,12
1219,Hanging_pliers_001/Jaw_tooth_013,Hanging_pliers_001,Aged_black_steel,12
1220,Hanging_pliers_001/Pivot_rivet_014,Hanging_pliers_001,Brushed_alloy,64
1221,Hanging_ratchet_001/Ratchet_handle_000,Hanging_ratchet_001,Brushed_alloy,64
1222,Hanging_ratchet_001/Ratchet_head_001,Hanging_ratchet_001,Brushed_alloy,96
1223,Hanging_ratchet_001/Square_drive_002,Hanging_ratchet_001,Aged_black_steel,44
1224,Hanging_ratchet_001/Selector_lever_003,Hanging_ratchet_001,Aged_black_steel,44
1225,Rear_tool_wall_002/Pegboard_frame_000,Rear_tool_wall_002,Aged_black_steel,44
1226,Rear_tool_wall_002/Perforated_board_001,Rear_tool_wall_002,Workbench_wood,44
1227,Rear_tool_wall_002/Peg_hole_002,Rear_tool_wall_002,Deep_charcoal,32
1228,Rear_tool_wall_002/Peg_hole_003,Rear_tool_wall_002,Deep_charcoal,32
1229,Rear_tool_wall_002/Peg_hole_004,Rear_tool_wall_002,Deep_charcoal,32
1230,Rear_tool_wall_002/Peg_hole_005,Rear_tool_wall_002,Deep_charcoal,32
1231,Rear_tool_wall_002/Peg_hole_006,Rear_tool_wall_002,Deep_charcoal,32
1232,Rear_tool_wall_002/Peg_hole_007,Rear_tool_wall_002,Deep_charcoal,32
1233,Rear_tool_wall_002/Peg_hole_008,Rear_tool_wall_002,Deep_charcoal,32
1234,Rear_tool_wall_002/Peg_hole_009,Rear_tool_wall_002,Deep_charcoal,32
1235,Rear_tool_wall_002/Peg_hole_010,Rear_tool_wall_002,Deep_charcoal,32
1236,Rear_tool_wall_002/Peg_hole_011,Rear_tool_wall_002,Deep_charcoal,32
1237,Rear_tool_wall_002/Peg_hole_012,Rear_tool_wall_002,Deep_charcoal,32
1238,Rear_tool_wall_002/Peg_hole_013,Rear_tool_wall_002,Deep_charcoal,32
1239,Rear_tool_wall_002/Peg_hole_014,Rear_tool_wall_002,Deep_charcoal,32
1240,Rear_tool_wall_002/Peg_hole_015,Rear_tool_wall_002,Deep_charcoal,32
1241,Rear_tool_wall_002/Peg_hole_016,Rear_tool_wall_002,Deep_charcoal,32
1242,Rear_tool_wall_002/Peg_hole_017,Rear_tool_wall_002,Deep_charcoal,32
1243,Rear_tool_wall_002/Peg_hole_018,Rear_tool_wall_002,Deep_charcoal,32
1244,Rear_tool_wall_002/Peg_hole_019,Rear_tool_wall_002,Deep_charcoal,32
1245,Rear_tool_wall_002/Peg_hole_020,Rear_tool_wall_002,Deep_charcoal,32
1246,Rear_tool_wall_002/Peg_hole_021,Rear_tool_wall_002,Deep_charcoal,32
1247,Rear_tool_wall_002/Peg_hole_022,Rear_tool_wall_002,Deep_charcoal,32
1248,Rear_tool_wall_002/Peg_hole_023,Rear_tool_wall_002,Deep_charcoal,32
1249,Rear_tool_wall_002/Peg_hole_024,Rear_tool_wall_002,Deep_charcoal,32
1250,Rear_tool_wall_002/Peg_hole_025,Rear_tool_wall_002,Deep_charcoal,32
1251,Rear_tool_wall_002/Peg_hole_026,Rear_tool_wall_002,Deep_charcoal,32
1252,Rear_tool_wall_002/Peg_hole_027,Rear_tool_wall_002,Deep_charcoal,32
1253,Rear_tool_wall_002/Peg_hole_028,Rear_tool_wall_002,Deep_charcoal,32
1254,Rear_tool_wall_002/Peg_hole_029,Rear_tool_wall_002,Deep_charcoal,32
1255,Rear_tool_wall_002/Peg_hole_030,Rear_tool_wall_002,Deep_charcoal,32
1256,Rear_tool_wall_002/Peg_hole_031,Rear_tool_wall_002,Deep_charcoal,32
1257,Rear_tool_wall_002/Peg_hole_032,Rear_tool_wall_002,Deep_charcoal,32
1258,Rear_tool_wall_002/Peg_hole_033,Rear_tool_wall_002,Deep_charcoal,32
1259,Rear_tool_wall_002/Peg_hole_034,Rear_tool_wall_002,Deep_charcoal,32
1260,Rear_tool_wall_002/Peg_hole_035,Rear_tool_wall_002,Deep_charcoal,32
1261,Rear_tool_wall_002/Peg_hole_036,Rear_tool_wall_002,Deep_charcoal,32
1262,Rear_tool_wall_002/Peg_hole_037,Rear_tool_wall_002,Deep_charcoal,32
1263,Rear_tool_wall_002/Peg_hole_038,Rear_tool_wall_002,Deep_charcoal,32
1264,Rear_tool_wall_002/Peg_hole_039,Rear_tool_wall_002,Deep_charcoal,32
1265,Rear_tool_wall_002/Peg_hole_040,Rear_tool_wall_002,Deep_charcoal,32
1266,Rear_tool_wall_002/Peg_hole_041,Rear_tool_wall_002,Deep_charcoal,32
1267,Rear_tool_wall_002/Peg_hole_042,Rear_tool_wall_002,Deep_charcoal,32
1268,Rear_tool_wall_002/Peg_hole_043,Rear_tool_wall_002,Deep_charcoal,32
1269,Rear_tool_wall_002/Peg_hole_044,Rear_tool_wall_002,Deep_charcoal,32
1270,Rear_tool_wall_002/Peg_hole_045,Rear_tool_wall_002,Deep_charcoal,32
1271,Rear_tool_wall_002/Peg_hole_046,Rear_tool_wall_002,Deep_charcoal,32
1272,Rear_tool_wall_002/Peg_hole_047,Rear_tool_wall_002,Deep_charcoal,32
1273,Rear_tool_wall_002/Peg_hole_048,Rear_tool_wall_002,Deep_charcoal,32
1274,Rear_tool_wall_002/Peg_hole_049,Rear_tool_wall_002,Deep_charcoal,32
1275,Rear_tool_wall_002/Peg_hole_050,Rear_tool_wall_002,Deep_charcoal,32
1276,Rear_tool_wall_002/Peg_hole_051,Rear_tool_wall_002,Deep_charcoal,32
1277,Rear_tool_wall_002/Peg_hole_052,Rear_tool_wall_002,Deep_charcoal,32
1278,Rear_tool_wall_002/Peg_hole_053,Rear_tool_wall_002,Deep_charcoal,32
1279,Rear_tool_wall_002/Peg_hole_054,Rear_tool_wall_002,Deep_charcoal,32
1280,Rear_tool_wall_002/Peg_hole_055,Rear_tool_wall_002,Deep_charcoal,32
1281,Rear_tool_wall_002/Peg_hole_056,Rear_tool_wall_002,Deep_charcoal,32
1282,Rear_tool_wall_002/Peg_hole_057,Rear_tool_wall_002,Deep_charcoal,32
1283,Rear_tool_wall_002/Peg_hole_058,Rear_tool_wall_002,Deep_charcoal,32
1284,Rear_tool_wall_002/Peg_hole_059,Rear_tool_wall_002,Deep_charcoal,32
1285,Rear_tool_wall_002/Peg_hole_060,Rear_tool_wall_002,Deep_charcoal,32
1286,Rear_tool_wall_002/Peg_hole_061,Rear_tool_wall_002,Deep_charcoal,32
1287,Rear_tool_wall_002/Peg_hole_062,Rear_tool_wall_002,Deep_charcoal,32
1288,Rear_tool_wall_002/Peg_hole_063,Rear_tool_wall_002,Deep_charcoal,32
1289,Rear_tool_wall_002/Peg_hole_064,Rear_tool_wall_002,Deep_charcoal,32
1290,Rear_tool_wall_002/Peg_hole_065,Rear_tool_wall_002,Deep_charcoal,32
1291,Rear_tool_wall_002/Peg_hole_066,Rear_tool_wall_002,Deep_charcoal,32
1292,Rear_tool_wall_002/Peg_hole_067,Rear_tool_wall_002,Deep_charcoal,32
1293,Rear_tool_wall_002/Peg_hole_068,Rear_tool_wall_002,Deep_charcoal,32
1294,Rear_tool_wall_002/Peg_hole_069,Rear_tool_wall_002,Deep_charcoal,32
1295,Rear_tool_wall_002/Peg_hole_070,Rear_tool_wall_002,Deep_charcoal,32
1296,Rear_tool_wall_002/Peg_hole_071,Rear_tool_wall_002,Deep_charcoal,32
1297,Rear_tool_wall_002/Peg_hole_072,Rear_tool_wall_002,Deep_charcoal,32
1298,Rear_tool_wall_002/Peg_hole_073,Rear_tool_wall_002,Deep_charcoal,32
1299,Rear_tool_wall_002/Peg_hole_074,Rear_tool_wall_002,Deep_charcoal,32
1300,Rear_tool_wall_002/Peg_hole_075,Rear_tool_wall_002,Deep_charcoal,32
1301,Rear_tool_wall_002/Peg_hole_076,Rear_tool_wall_002,Deep_charcoal,32
1302,Rear_tool_wall_002/Peg_hole_077,Rear_tool_wall_002,Deep_charcoal,32
1303,Rear_tool_wall_002/Peg_hole_078,Rear_tool_wall_002,Deep_charcoal,32
1304,Rear_tool_wall_002/Peg_hole_079,Rear_tool_wall_002,Deep_charcoal,32
1305,Rear_tool_wall_002/Peg_hole_080,Rear_tool_wall_002,Deep_charcoal,32
1306,Rear_tool_wall_002/Peg_hole_081,Rear_tool_wall_002,Deep_charcoal,32
1307,Rear_tool_wall_002/Peg_hole_082,Rear_tool_wall_002,Deep_charcoal,32
1308,Rear_tool_wall_002/Peg_hole_083,Rear_tool_wall_002,Deep_charcoal,32
1309,Rear_tool_wall_002/Peg_hole_084,Rear_tool_wall_002,Deep_charcoal,32
1310,Rear_tool_wall_002/Peg_hole_085,Rear_tool_wall_002,Deep_charcoal,32
1311,Rear_tool_wall_002/Peg_hole_086,Rear_tool_wall_002,Deep_charcoal,32
1312,Rear_tool_wall_002/Peg_hole_087,Rear_tool_wall_002,Deep_charcoal,32
1313,Rear_tool_wall_002/Peg_hole_088,Rear_tool_wall_002,Deep_charcoal,32
1314,Rear_tool_wall_002/Peg_hole_089,Rear_tool_wall_002,Deep_charcoal,32
1315,Rear_tool_wall_002/Peg_hole_090,Rear_tool_wall_002,Deep_charcoal,32
1316,Rear_tool_wall_002/Peg_hole_091,Rear_tool_wall_002,Deep_charcoal,32
1317,Rear_tool_wall_002/Peg_hole_092,Rear_tool_wall_002,Deep_charcoal,32
1318,Rear_tool_wall_002/Peg_hole_093,Rear_tool_wall_002,Deep_charcoal,32
1319,Rear_tool_wall_002/Peg_hole_094,Rear_tool_wall_002,Deep_charcoal,32
1320,Rear_tool_wall_002/Peg_hole_095,Rear_tool_wall_002,Deep_charcoal,32
1321,Rear_tool_wall_002/Peg_hole_096,Rear_tool_wall_002,Deep_charcoal,32
1322,Rear_tool_wall_002/Peg_hole_097,Rear_tool_wall_002,Deep_charcoal,32
1323,Rear_tool_wall_002/Peg_hole_098,Rear_tool_wall_002,Deep_charcoal,32
1324,Rear_tool_wall_002/Peg_hole_099,Rear_tool_wall_002,Deep_charcoal,32
1325,Rear_tool_wall_002/Peg_hole_100,Rear_tool_wall_002,Deep_charcoal,32
1326,Rear_tool_wall_002/Peg_hole_101,Rear_tool_wall_002,Deep_charcoal,32
1327,Rear_tool_wall_002/Peg_hole_102,Rear_tool_wall_002,Deep_charcoal,32
1328,Rear_tool_wall_002/Peg_hole_103,Rear_tool_wall_002,Deep_charcoal,32
1329,Rear_tool_wall_002/Peg_hole_104,Rear_tool_wall_002,Deep_charcoal,32
1330,Rear_tool_wall_002/Peg_hole_105,Rear_tool_wall_002,Deep_charcoal,32
1331,Rear_tool_wall_002/Peg_hole_106,Rear_tool_wall_002,Deep_charcoal,32
1332,Rear_tool_wall_002/Peg_hole_107,Rear_tool_wall_002,Deep_charcoal,32
1333,Rear_tool_wall_002/Peg_hole_108,Rear_tool_wall_002,Deep_charcoal,32
1334,Rear_tool_wall_002/Peg_hole_109,Rear_tool_wall_002,Deep_charcoal,32
1335,Rear_tool_wall_002/Peg_hole_110,Rear_tool_wall_002,Deep_charcoal,32
1336,Rear_tool_wall_002/Peg_hole_111,Rear_tool_wall_002,Deep_charcoal,32
1337,Rear_tool_wall_002/Peg_hole_112,Rear_tool_wall_002,Deep_charcoal,32
1338,Rear_tool_wall_002/Peg_hole_113,Rear_tool_wall_002,Deep_charcoal,32
1339,Rear_tool_wall_002/Peg_hole_114,Rear_tool_wall_002,Deep_charcoal,32
1340,Rear_tool_wall_002/Peg_hole_115,Rear_tool_wall_002,Deep_charcoal,32
1341,Rear_tool_wall_002/Peg_hole_116,Rear_tool_wall_002,Deep_charcoal,32
1342,Rear_tool_wall_002/Peg_hole_117,Rear_tool_wall_002,Deep_charcoal,32
1343,Rear_tool_wall_002/Peg_hole_118,Rear_tool_wall_002,Deep_charcoal,32
1344,Rear_tool_wall_002/Peg_hole_119,Rear_tool_wall_002,Deep_charcoal,32
1345,Rear_tool_wall_002/Peg_hole_120,Rear_tool_wall_002,Deep_charcoal,32
1346,Rear_tool_wall_002/Peg_hole_121,Rear_tool_wall_002,Deep_charcoal,32
1347,Rear_tool_wall_002/Peg_hole_122,Rear_tool_wall_002,Deep_charcoal,32
1348,Rear_tool_wall_002/Peg_hole_123,Rear_tool_wall_002,Deep_charcoal,32
1349,Rear_tool_wall_002/Peg_hole_124,Rear_tool_wall_002,Deep_charcoal,32
1350,Rear_tool_wall_002/Peg_hole_125,Rear_tool_wall_002,Deep_charcoal,32
1351,Rear_tool_wall_002/Peg_hole_126,Rear_tool_wall_002,Deep_charcoal,32
1352,Rear_tool_wall_002/Peg_hole_127,Rear_tool_wall_002,Deep_charcoal,32
1353,Rear_tool_wall_002/Peg_hole_128,Rear_tool_wall_002,Deep_charcoal,32
1354,Rear_tool_wall_002/Peg_hole_129,Rear_tool_wall_002,Deep_charcoal,32
1355,Rear_tool_wall_002/Peg_hole_130,Rear_tool_wall_002,Deep_charcoal,32
1356,Rear_tool_wall_002/Peg_hole_131,Rear_tool_wall_002,Deep_charcoal,32
1357,Rear_tool_wall_002/Peg_hole_132,Rear_tool_wall_002,Deep_charcoal,32
1358,Rear_tool_wall_002/Peg_hole_133,Rear_tool_wall_002,Deep_charcoal,32
1359,Rear_tool_wall_002/Peg_hole_134,Rear_tool_wall_002,Deep_charcoal,32
1360,Rear_tool_wall_002/Peg_hole_135,Rear_tool_wall_002,Deep_charcoal,32
1361,Rear_tool_wall_002/Peg_hole_136,Rear_tool_wall_002,Deep_charcoal,32
1362,Rear_tool_wall_002/Peg_hole_137,Rear_tool_wall_002,Deep_charcoal,32
1363,Rear_tool_wall_002/Peg_hole_138,Rear_tool_wall_002,Deep_charcoal,32
1364,Rear_tool_wall_002/Peg_hole_139,Rear_tool_wall_002,Deep_charcoal,32
1365,Rear_tool_wall_002/Peg_hole_140,Rear_tool_wall_002,Deep_charcoal,32
1366,Rear_tool_wall_002/Peg_hole_141,Rear_tool_wall_002,Deep_charcoal,32
1367,Rear_tool_wall_002/Peg_hole_142,Rear_tool_wall_002,Deep_charcoal,32
1368,Rear_tool_wall_002/Peg_hole_143,Rear_tool_wall_002,Deep_charcoal,32
1369,Rear_tool_wall_002/Peg_hole_144,Rear_tool_wall_002,Deep_charcoal,32
1370,Rear_tool_wall_002/Peg_hole_145,Rear_tool_wall_002,Deep_charcoal,32
1371,Rear_tool_wall_002/Peg_hole_146,Rear_tool_wall_002,Deep_charcoal,32
1372,Rear_tool_wall_002/Peg_hole_147,Rear_tool_wall_002,Deep_charcoal,32
1373,Rear_tool_wall_002/Peg_hole_148,Rear_tool_wall_002,Deep_charcoal,32
1374,Rear_tool_wall_002/Peg_hole_149,Rear_tool_wall_002,Deep_charcoal,32
1375,Rear_tool_wall_002/Peg_hole_150,Rear_tool_wall_002,Deep_charcoal,32
1376,Rear_tool_wall_002/Peg_hole_151,Rear_tool_wall_002,Deep_charcoal,32
1377,Rear_tool_wall_002/Peg_hole_152,Rear_tool_wall_002,Deep_charcoal,32
1378,Rear_tool_wall_002/Peg_hole_153,Rear_tool_wall_002,Deep_charcoal,32
1379,Rear_tool_wall_002/Peg_hole_154,Rear_tool_wall_002,Deep_charcoal,32
1380,Rear_tool_wall_002/Peg_hole_155,Rear_tool_wall_002,Deep_charcoal,32
1381,Rear_tool_wall_002/Peg_hole_156,Rear_tool_wall_002,Deep_charcoal,32
1382,Rear_tool_wall_002/Peg_hole_157,Rear_tool_wall_002,Deep_charcoal,32
1383,Rear_tool_wall_002/Peg_hole_158,Rear_tool_wall_002,Deep_charcoal,32
1384,Rear_tool_wall_002/Peg_hole_159,Rear_tool_wall_002,Deep_charcoal,32
1385,Rear_tool_wall_002/Peg_hole_160,Rear_tool_wall_002,Deep_charcoal,32
1386,Rear_tool_wall_002/Peg_hole_161,Rear_tool_wall_002,Deep_charcoal,32
1387,Rear_tool_wall_002/Peg_hole_162,Rear_tool_wall_002,Deep_charcoal,32
1388,Rear_tool_wall_002/Peg_hole_163,Rear_tool_wall_002,Deep_charcoal,32
1389,Rear_tool_wall_002/Peg_hole_164,Rear_tool_wall_002,Deep_charcoal,32
1390,Rear_tool_wall_002/Peg_hole_165,Rear_tool_wall_002,Deep_charcoal,32
1391,Rear_tool_wall_002/Peg_hole_166,Rear_tool_wall_002,Deep_charcoal,32
1392,Rear_tool_wall_002/Peg_hole_167,Rear_tool_wall_002,Deep_charcoal,32
1393,Rear_tool_wall_002/Peg_hole_168,Rear_tool_wall_002,Deep_charcoal,32
1394,Rear_tool_wall_002/Peg_hole_169,Rear_tool_wall_002,Deep_charcoal,32
1395,Rear_tool_wall_002/Peg_hole_170,Rear_tool_wall_002,Deep_charcoal,32
1396,Rear_tool_wall_002/Peg_hole_171,Rear_tool_wall_002,Deep_charcoal,32
1397,Rear_tool_wall_002/Peg_hole_172,Rear_tool_wall_002,Deep_charcoal,32
1398,Rear_tool_wall_002/Peg_hole_173,Rear_tool_wall_002,Deep_charcoal,32
1399,Rear_tool_wall_002/Peg_hole_174,Rear_tool_wall_002,Deep_charcoal,32
1400,Rear_tool_wall_002/Peg_hole_175,Rear_tool_wall_002,Deep_charcoal,32
1401,Rear_tool_wall_002/Peg_hole_176,Rear_tool_wall_002,Deep_charcoal,32
1402,Rear_tool_wall_002/Peg_hole_177,Rear_tool_wall_002,Deep_charcoal,32
1403,Rear_tool_wall_002/Peg_hole_178,Rear_tool_wall_002,Deep_charcoal,32
1404,Rear_tool_wall_002/Peg_hole_179,Rear_tool_wall_002,Deep_charcoal,32
1405,Rear_tool_wall_002/Peg_hole_180,Rear_tool_wall_002,Deep_charcoal,32
1406,Rear_tool_wall_002/Peg_hole_181,Rear_tool_wall_002,Deep_charcoal,32
1407,Rear_tool_wall_002/Peg_hole_182,Rear_tool_wall_002,Deep_charcoal,32
1408,Rear_tool_wall_002/Peg_hole_183,Rear_tool_wall_002,Deep_charcoal,32
1409,Rear_tool_wall_002/Peg_hole_184,Rear_tool_wall_002,Deep_charcoal,32
1410,Rear_tool_wall_002/Peg_hole_185,Rear_tool_wall_002,Deep_charcoal,32
1411,Rear_tool_wall_002/Peg_hole_186,Rear_tool_wall_002,Deep_charcoal,32
1412,Rear_tool_wall_002/Peg_hole_187,Rear_tool_wall_002,Deep_charcoal,32
1413,Rear_tool_wall_002/Peg_hole_188,Rear_tool_wall_002,Deep_charcoal,32
1414,Rear_tool_wall_002/Peg_hole_189,Rear_tool_wall_002,Deep_charcoal,32
1415,Rear_tool_wall_002/Peg_hole_190,Rear_tool_wall_002,Deep_charcoal,32
1416,Rear_tool_wall_002/Peg_hole_191,Rear_tool_wall_002,Deep_charcoal,32
1417,Rear_tool_wall_002/Peg_hole_192,Rear_tool_wall_002,Deep_charcoal,32
1418,Rear_tool_wall_002/Peg_hole_193,Rear_tool_wall_002,Deep_charcoal,32
1419,Rear_tool_wall_002/Peg_hole_194,Rear_tool_wall_002,Deep_charcoal,32
1420,Rear_tool_wall_002/Peg_hole_195,Rear_tool_wall_002,Deep_charcoal,32
1421,Rear_tool_wall_002/Peg_hole_196,Rear_tool_wall_002,Deep_charcoal,32
1422,Rear_tool_wall_002/Peg_hole_197,Rear_tool_wall_002,Deep_charcoal,32
1423,Rear_tool_wall_002/Peg_hole_198,Rear_tool_wall_002,Deep_charcoal,32
1424,Rear_tool_wall_002/Peg_hole_199,Rear_tool_wall_002,Deep_charcoal,32
1425,Rear_tool_wall_002/Peg_hole_200,Rear_tool_wall_002,Deep_charcoal,32
1426,Rear_tool_wall_002/Peg_hole_201,Rear_tool_wall_002,Deep_charcoal,32
1427,Rear_tool_wall_002/Peg_hole_202,Rear_tool_wall_002,Deep_charcoal,32
1428,Rear_tool_wall_002/Peg_hole_203,Rear_tool_wall_002,Deep_charcoal,32
1429,Rear_tool_wall_002/Peg_hole_204,Rear_tool_wall_002,Deep_charcoal,32
1430,Rear_tool_wall_002/Peg_hole_205,Rear_tool_wall_002,Deep_charcoal,32
1431,Rear_tool_wall_002/Peg_hole_206,Rear_tool_wall_002,Deep_charcoal,32
1432,Rear_tool_wall_002/Peg_hole_207,Rear_tool_wall_002,Deep_charcoal,32
1433,Rear_tool_wall_002/Peg_hole_208,Rear_tool_wall_002,Deep_charcoal,32
1434,Rear_tool_wall_002/Peg_hole_209,Rear_tool_wall_002,Deep_charcoal,32
1435,Rear_tool_wall_002/Peg_hole_210,Rear_tool_wall_002,Deep_charcoal,32
1436,Rear_tool_wall_002/Peg_hole_211,Rear_tool_wall_002,Deep_charcoal,32
1437,Rear_tool_wall_002/Peg_hole_212,Rear_tool_wall_002,Deep_charcoal,32
1438,Rear_tool_wall_002/Peg_hole_213,Rear_tool_wall_002,Deep_charcoal,32
1439,Rear_tool_wall_002/Peg_hole_214,Rear_tool_wall_002,Deep_charcoal,32
1440,Rear_tool_wall_002/Peg_hole_215,Rear_tool_wall_002,Deep_charcoal,32
1441,Rear_tool_wall_002/Peg_hole_216,Rear_tool_wall_002,Deep_charcoal,32
1442,Rear_tool_wall_002/Peg_hole_217,Rear_tool_wall_002,Deep_charcoal,32
1443,Rear_tool_wall_002/Peg_hole_218,Rear_tool_wall_002,Deep_charcoal,32
1444,Rear_tool_wall_002/Peg_hole_219,Rear_tool_wall_002,Deep_charcoal,32
1445,Rear_tool_wall_002/Peg_hole_220,Rear_tool_wall_002,Deep_charcoal,32
1446,Rear_tool_wall_002/Peg_hole_221,Rear_tool_wall_002,Deep_charcoal,32
1447,Rear_tool_wall_002/Peg_hole_222,Rear_tool_wall_002,Deep_charcoal,32
1448,Rear_tool_wall_002/Peg_hole_223,Rear_tool_wall_002,Deep_charcoal,32
1449,Rear_tool_wall_002/Peg_hole_224,Rear_tool_wall_002,Deep_charcoal,32
1450,Rear_tool_wall_002/Peg_hole_225,Rear_tool_wall_002,Deep_charcoal,32
1451,Rear_tool_wall_002/Peg_hole_226,Rear_tool_wall_002,Deep_charcoal,32
1452,Rear_tool_wall_002/Peg_hole_227,Rear_tool_wall_002,Deep_charcoal,32
1453,Rear_tool_wall_002/Peg_hole_228,Rear_tool_wall_002,Deep_charcoal,32
1454,Rear_tool_wall_002/Peg_hole_229,Rear_tool_wall_002,Deep_charcoal,32
1455,Rear_tool_wall_002/Peg_hole_230,Rear_tool_wall_002,Deep_charcoal,32
1456,Rear_tool_wall_002/Peg_hole_231,Rear_tool_wall_002,Deep_charcoal,32
1457,Rear_tool_wall_002/Peg_hole_232,Rear_tool_wall_002,Deep_charcoal,32
1458,Rear_tool_wall_002/Peg_hole_233,Rear_tool_wall_002,Deep_charcoal,32
1459,Rear_tool_wall_002/Peg_hole_234,Rear_tool_wall_002,Deep_charcoal,32
1460,Rear_tool_wall_002/Peg_hole_235,Rear_tool_wall_002,Deep_charcoal,32
1461,Rear_tool_wall_002/Peg_hole_236,Rear_tool_wall_002,Deep_charcoal,32
1462,Rear_tool_wall_002/Peg_hole_237,Rear_tool_wall_002,Deep_charcoal,32
1463,Rear_tool_wall_002/Peg_hole_238,Rear_tool_wall_002,Deep_charcoal,32
1464,Rear_tool_wall_002/Peg_hole_239,Rear_tool_wall_002,Deep_charcoal,32
1465,Rear_tool_wall_002/Peg_hole_240,Rear_tool_wall_002,Deep_charcoal,32
1466,Rear_tool_wall_002/Peg_hole_241,Rear_tool_wall_002,Deep_charcoal,32
1467,Rear_tool_wall_002/Pegboard_hook_242,Rear_tool_wall_002,Brushed_alloy,64
1468,Rear_tool_wall_002/Hook_tip_243,Rear_tool_wall_002,Brushed_alloy,64
1469,Rear_tool_wall_002/Pegboard_hook_244,Rear_tool_wall_002,Brushed_alloy,64
1470,Rear_tool_wall_002/Hook_tip_245,Rear_tool_wall_002,Brushed_alloy,64
1471,Rear_tool_wall_002/Pegboard_hook_246,Rear_tool_wall_002,Brushed_alloy,64
1472,Rear_tool_wall_002/Hook_tip_247,Rear_tool_wall_002,Brushed_alloy,64
1473,Rear_tool_wall_002/Pegboard_hook_248,Rear_tool_wall_002,Brushed_alloy,64
1474,Rear_tool_wall_002/Hook_tip_249,Rear_tool_wall_002,Brushed_alloy,64
1475,Rear_tool_wall_002/Pegboard_hook_250,Rear_tool_wall_002,Brushed_alloy,64
1476,Rear_tool_wall_002/Hook_tip_251,Rear_tool_wall_002,Brushed_alloy,64
1477,Rear_tool_wall_002/Pegboard_hook_252,Rear_tool_wall_002,Brushed_alloy,64
1478,Rear_tool_wall_002/Hook_tip_253,Rear_tool_wall_002,Brushed_alloy,64
1479,Rear_tool_wall_002/Pegboard_hook_254,Rear_tool_wall_002,Brushed_alloy,64
1480,Rear_tool_wall_002/Hook_tip_255,Rear_tool_wall_002,Brushed_alloy,64
1481,Rear_tool_wall_002/Pegboard_hook_256,Rear_tool_wall_002,Brushed_alloy,64
1482,Rear_tool_wall_002/Hook_tip_257,Rear_tool_wall_002,Brushed_alloy,64
1483,Rear_tool_wall_002/Pegboard_hook_258,Rear_tool_wall_002,Brushed_alloy,64
1484,Rear_tool_wall_002/Hook_tip_259,Rear_tool_wall_002,Brushed_alloy,64
1485,Hanging_spanner_010/Forged_shaft_000,Hanging_spanner_010,Brushed_alloy,44
1486,Hanging_spanner_010/Ring_spanner_head_001,Hanging_spanner_010,Brushed_alloy,288
1487,Hanging_spanner_010/Ring_internal_tooth_002,Hanging_spanner_010,Brushed_alloy,44
1488,Hanging_spanner_010/Ring_internal_tooth_003,Hanging_spanner_010,Brushed_alloy,44
1489,Hanging_spanner_010/Ring_internal_tooth_004,Hanging_spanner_010,Brushed_alloy,44
1490,Hanging_spanner_010/Ring_internal_tooth_005,Hanging_spanner_010,Brushed_alloy,44
1491,Hanging_spanner_010/Ring_internal_tooth_006,Hanging_spanner_010,Brushed_alloy,44
1492,Hanging_spanner_010/Ring_internal_tooth_007,Hanging_spanner_010,Brushed_alloy,44
1493,Hanging_spanner_010/Ring_internal_tooth_008,Hanging_spanner_010,Brushed_alloy,44
1494,Hanging_spanner_010/Ring_internal_tooth_009,Hanging_spanner_010,Brushed_alloy,44
1495,Hanging_spanner_010/Ring_internal_tooth_010,Hanging_spanner_010,Brushed_alloy,44
1496,Hanging_spanner_010/Ring_internal_tooth_011,Hanging_spanner_010,Brushed_alloy,44
1497,Hanging_spanner_010/Ring_internal_tooth_012,Hanging_spanner_010,Brushed_alloy,44
1498,Hanging_spanner_010/Ring_internal_tooth_013,Hanging_spanner_010,Brushed_alloy,44
1499,Hanging_spanner_010/Ring_spanner_head_014,Hanging_spanner_010,Brushed_alloy,288
1500,Hanging_spanner_010/Ring_internal_tooth_015,Hanging_spanner_010,Brushed_alloy,44
1501,Hanging_spanner_010/Ring_internal_tooth_016,Hanging_spanner_010,Brushed_alloy,44
1502,Hanging_spanner_010/Ring_internal_tooth_017,Hanging_spanner_010,Brushed_alloy,44
1503,Hanging_spanner_010/Ring_internal_tooth_018,Hanging_spanner_010,Brushed_alloy,44
1504,Hanging_spanner_010/Ring_internal_tooth_019,Hanging_spanner_010,Brushed_alloy,44
1505,Hanging_spanner_010/Ring_internal_tooth_020,Hanging_spanner_010,Brushed_alloy,44
1506,Hanging_spanner_010/Ring_internal_tooth_021,Hanging_spanner_010,Brushed_alloy,44
1507,Hanging_spanner_010/Ring_internal_tooth_022,Hanging_spanner_010,Brushed_alloy,44
1508,Hanging_spanner_010/Ring_internal_tooth_023,Hanging_spanner_010,Brushed_alloy,44
1509,Hanging_spanner_010/Ring_internal_tooth_024,Hanging_spanner_010,Brushed_alloy,44
1510,Hanging_spanner_010/Ring_internal_tooth_025,Hanging_spanner_010,Brushed_alloy,44
1511,Hanging_spanner_010/Ring_internal_tooth_026,Hanging_spanner_010,Brushed_alloy,44
1512,Hanging_spanner_010/Shaft_stamp_027,Hanging_spanner_010,Aged_black_steel,44
1513,Hanging_spanner_011/Forged_shaft_000,Hanging_spanner_011,Brushed_alloy,44
1514,Hanging_spanner_011/Open_jaw_bridge_001,Hanging_spanner_011,Brushed_alloy,44
1515,Hanging_spanner_011/Open_jaw_finger_002,Hanging_spanner_011,Brushed_alloy,44
1516,Hanging_spanner_011/Open_jaw_finger_003,Hanging_spanner_011,Brushed_alloy,44
1517,Hanging_spanner_011/Box_end_004,Hanging_spanner_011,Brushed_alloy,288
1518,Hanging_spanner_012/Forged_shaft_000,Hanging_spanner_012,Brushed_alloy,44
1519,Hanging_spanner_012/Ring_spanner_head_001,Hanging_spanner_012,Brushed_alloy,288
1520,Hanging_spanner_012/Ring_internal_tooth_002,Hanging_spanner_012,Brushed_alloy,44
1521,Hanging_spanner_012/Ring_internal_tooth_003,Hanging_spanner_012,Brushed_alloy,44
1522,Hanging_spanner_012/Ring_internal_tooth_004,Hanging_spanner_012,Brushed_alloy,44
1523,Hanging_spanner_012/Ring_internal_tooth_005,Hanging_spanner_012,Brushed_alloy,44
1524,Hanging_spanner_012/Ring_internal_tooth_006,Hanging_spanner_012,Brushed_alloy,44
1525,Hanging_spanner_012/Ring_internal_tooth_007,Hanging_spanner_012,Brushed_alloy,44
1526,Hanging_spanner_012/Ring_internal_tooth_008,Hanging_spanner_012,Brushed_alloy,44
1527,Hanging_spanner_012/Ring_internal_tooth_009,Hanging_spanner_012,Brushed_alloy,44
1528,Hanging_spanner_012/Ring_internal_tooth_010,Hanging_spanner_012,Brushed_alloy,44
1529,Hanging_spanner_012/Ring_internal_tooth_011,Hanging_spanner_012,Brushed_alloy,44
1530,Hanging_spanner_012/Ring_internal_tooth_012,Hanging_spanner_012,Brushed_alloy,44
1531,Hanging_spanner_012/Ring_internal_tooth_013,Hanging_spanner_012,Brushed_alloy,44
1532,Hanging_spanner_012/Ring_spanner_head_014,Hanging_spanner_012,Brushed_alloy,288
1533,Hanging_spanner_012/Ring_internal_tooth_015,Hanging_spanner_012,Brushed_alloy,44
1534,Hanging_spanner_012/Ring_internal_tooth_016,Hanging_spanner_012,Brushed_alloy,44
1535,Hanging_spanner_012/Ring_internal_tooth_017,Hanging_spanner_012,Brushed_alloy,44
1536,Hanging_spanner_012/Ring_internal_tooth_018,Hanging_spanner_012,Brushed_alloy,44
1537,Hanging_spanner_012/Ring_internal_tooth_019,Hanging_spanner_012,Brushed_alloy,44
1538,Hanging_spanner_012/Ring_internal_tooth_020,Hanging_spanner_012,Brushed_alloy,44
1539,Hanging_spanner_012/Ring_internal_tooth_021,Hanging_spanner_012,Brushed_alloy,44
1540,Hanging_spanner_012/Ring_internal_tooth_022,Hanging_spanner_012,Brushed_alloy,44
1541,Hanging_spanner_012/Ring_internal_tooth_023,Hanging_spanner_012,Brushed_alloy,44
1542,Hanging_spanner_012/Ring_internal_tooth_024,Hanging_spanner_012,Brushed_alloy,44
1543,Hanging_spanner_012/Ring_internal_tooth_025,Hanging_spanner_012,Brushed_alloy,44
1544,Hanging_spanner_012/Ring_internal_tooth_026,Hanging_spanner_012,Brushed_alloy,44
1545,Hanging_spanner_012/Shaft_stamp_027,Hanging_spanner_012,Aged_black_steel,44
1546,Hanging_spanner_013/Forged_shaft_000,Hanging_spanner_013,Brushed_alloy,44
1547,Hanging_spanner_013/Open_jaw_bridge_001,Hanging_spanner_013,Brushed_alloy,44
1548,Hanging_spanner_013/Open_jaw_finger_002,Hanging_spanner_013,Brushed_alloy,44
1549,Hanging_spanner_013/Open_jaw_finger_003,Hanging_spanner_013,Brushed_alloy,44
1550,Hanging_spanner_013/Box_end_004,Hanging_spanner_013,Brushed_alloy,288
1551,Hanging_spanner_014/Forged_shaft_000,Hanging_spanner_014,Brushed_alloy,44
1552,Hanging_spanner_014/Ring_spanner_head_001,Hanging_spanner_014,Brushed_alloy,288
1553,Hanging_spanner_014/Ring_internal_tooth_002,Hanging_spanner_014,Brushed_alloy,44
1554,Hanging_spanner_014/Ring_internal_tooth_003,Hanging_spanner_014,Brushed_alloy,44
1555,Hanging_spanner_014/Ring_internal_tooth_004,Hanging_spanner_014,Brushed_alloy,44
1556,Hanging_spanner_014/Ring_internal_tooth_005,Hanging_spanner_014,Brushed_alloy,44
1557,Hanging_spanner_014/Ring_internal_tooth_006,Hanging_spanner_014,Brushed_alloy,44
1558,Hanging_spanner_014/Ring_internal_tooth_007,Hanging_spanner_014,Brushed_alloy,44
1559,Hanging_spanner_014/Ring_internal_tooth_008,Hanging_spanner_014,Brushed_alloy,44
1560,Hanging_spanner_014/Ring_internal_tooth_009,Hanging_spanner_014,Brushed_alloy,44
1561,Hanging_spanner_014/Ring_internal_tooth_010,Hanging_spanner_014,Brushed_alloy,44
1562,Hanging_spanner_014/Ring_internal_tooth_011,Hanging_spanner_014,Brushed_alloy,44
1563,Hanging_spanner_014/Ring_internal_tooth_012,Hanging_spanner_014,Brushed_alloy,44
1564,Hanging_spanner_014/Ring_internal_tooth_013,Hanging_spanner_014,Brushed_alloy,44
1565,Hanging_spanner_014/Ring_spanner_head_014,Hanging_spanner_014,Brushed_alloy,288
1566,Hanging_spanner_014/Ring_internal_tooth_015,Hanging_spanner_014,Brushed_alloy,44
1567,Hanging_spanner_014/Ring_internal_tooth_016,Hanging_spanner_014,Brushed_alloy,44
1568,Hanging_spanner_014/Ring_internal_tooth_017,Hanging_spanner_014,Brushed_alloy,44
1569,Hanging_spanner_014/Ring_internal_tooth_018,Hanging_spanner_014,Brushed_alloy,44
1570,Hanging_spanner_014/Ring_internal_tooth_019,Hanging_spanner_014,Brushed_alloy,44
1571,Hanging_spanner_014/Ring_internal_tooth_020,Hanging_spanner_014,Brushed_alloy,44
1572,Hanging_spanner_014/Ring_internal_tooth_021,Hanging_spanner_014,Brushed_alloy,44
1573,Hanging_spanner_014/Ring_internal_tooth_022,Hanging_spanner_014,Brushed_alloy,44
1574,Hanging_spanner_014/Ring_internal_tooth_023,Hanging_spanner_014,Brushed_alloy,44
1575,Hanging_spanner_014/Ring_internal_tooth_024,Hanging_spanner_014,Brushed_alloy,44
1576,Hanging_spanner_014/Ring_internal_tooth_025,Hanging_spanner_014,Brushed_alloy,44
1577,Hanging_spanner_014/Ring_internal_tooth_026,Hanging_spanner_014,Brushed_alloy,44
1578,Hanging_spanner_014/Shaft_stamp_027,Hanging_spanner_014,Aged_black_steel,44
1579,Hanging_spanner_015/Forged_shaft_000,Hanging_spanner_015,Brushed_alloy,44
1580,Hanging_spanner_015/Open_jaw_bridge_001,Hanging_spanner_015,Brushed_alloy,44
1581,Hanging_spanner_015/Open_jaw_finger_002,Hanging_spanner_015,Brushed_alloy,44
1582,Hanging_spanner_015/Open_jaw_finger_003,Hanging_spanner_015,Brushed_alloy,44
1583,Hanging_spanner_015/Box_end_004,Hanging_spanner_015,Brushed_alloy,288
1584,Hanging_spanner_016/Forged_shaft_000,Hanging_spanner_016,Brushed_alloy,44
1585,Hanging_spanner_016/Ring_spanner_head_001,Hanging_spanner_016,Brushed_alloy,288
1586,Hanging_spanner_016/Ring_internal_tooth_002,Hanging_spanner_016,Brushed_alloy,44
1587,Hanging_spanner_016/Ring_internal_tooth_003,Hanging_spanner_016,Brushed_alloy,44
1588,Hanging_spanner_016/Ring_internal_tooth_004,Hanging_spanner_016,Brushed_alloy,44
1589,Hanging_spanner_016/Ring_internal_tooth_005,Hanging_spanner_016,Brushed_alloy,44
1590,Hanging_spanner_016/Ring_internal_tooth_006,Hanging_spanner_016,Brushed_alloy,44
1591,Hanging_spanner_016/Ring_internal_tooth_007,Hanging_spanner_016,Brushed_alloy,44
1592,Hanging_spanner_016/Ring_internal_tooth_008,Hanging_spanner_016,Brushed_alloy,44
1593,Hanging_spanner_016/Ring_internal_tooth_009,Hanging_spanner_016,Brushed_alloy,44
1594,Hanging_spanner_016/Ring_internal_tooth_010,Hanging_spanner_016,Brushed_alloy,44
1595,Hanging_spanner_016/Ring_internal_tooth_011,Hanging_spanner_016,Brushed_alloy,44
1596,Hanging_spanner_016/Ring_internal_tooth_012,Hanging_spanner_016,Brushed_alloy,44
1597,Hanging_spanner_016/Ring_internal_tooth_013,Hanging_spanner_016,Brushed_alloy,44
1598,Hanging_spanner_016/Ring_spanner_head_014,Hanging_spanner_016,Brushed_alloy,288
1599,Hanging_spanner_016/Ring_internal_tooth_015,Hanging_spanner_016,Brushed_alloy,44
1600,Hanging_spanner_016/Ring_internal_tooth_016,Hanging_spanner_016,Brushed_alloy,44
1601,Hanging_spanner_016/Ring_internal_tooth_017,Hanging_spanner_016,Brushed_alloy,44
1602,Hanging_spanner_016/Ring_internal_tooth_018,Hanging_spanner_016,Brushed_alloy,44
1603,Hanging_spanner_016/Ring_internal_tooth_019,Hanging_spanner_016,Brushed_alloy,44
1604,Hanging_spanner_016/Ring_internal_tooth_020,Hanging_spanner_016,Brushed_alloy,44
1605,Hanging_spanner_016/Ring_internal_tooth_021,Hanging_spanner_016,Brushed_alloy,44
1606,Hanging_spanner_016/Ring_internal_tooth_022,Hanging_spanner_016,Brushed_alloy,44
1607,Hanging_spanner_016/Ring_internal_tooth_023,Hanging_spanner_016,Brushed_alloy,44
1608,Hanging_spanner_016/Ring_internal_tooth_024,Hanging_spanner_016,Brushed_alloy,44
1609,Hanging_spanner_016/Ring_internal_tooth_025,Hanging_spanner_016,Brushed_alloy,44
1610,Hanging_spanner_016/Ring_internal_tooth_026,Hanging_spanner_016,Brushed_alloy,44
1611,Hanging_spanner_016/Shaft_stamp_027,Hanging_spanner_016,Aged_black_steel,44
1612,Hanging_spanner_017/Forged_shaft_000,Hanging_spanner_017,Brushed_alloy,44
1613,Hanging_spanner_017/Open_jaw_bridge_001,Hanging_spanner_017,Brushed_alloy,44
1614,Hanging_spanner_017/Open_jaw_finger_002,Hanging_spanner_017,Brushed_alloy,44
1615,Hanging_spanner_017/Open_jaw_finger_003,Hanging_spanner_017,Brushed_alloy,44
1616,Hanging_spanner_017/Box_end_004,Hanging_spanner_017,Brushed_alloy,288
1617,Hanging_spanner_018/Forged_shaft_000,Hanging_spanner_018,Brushed_alloy,44
1618,Hanging_spanner_018/Ring_spanner_head_001,Hanging_spanner_018,Brushed_alloy,288
1619,Hanging_spanner_018/Ring_internal_tooth_002,Hanging_spanner_018,Brushed_alloy,44
1620,Hanging_spanner_018/Ring_internal_tooth_003,Hanging_spanner_018,Brushed_alloy,44
1621,Hanging_spanner_018/Ring_internal_tooth_004,Hanging_spanner_018,Brushed_alloy,44
1622,Hanging_spanner_018/Ring_internal_tooth_005,Hanging_spanner_018,Brushed_alloy,44
1623,Hanging_spanner_018/Ring_internal_tooth_006,Hanging_spanner_018,Brushed_alloy,44
1624,Hanging_spanner_018/Ring_internal_tooth_007,Hanging_spanner_018,Brushed_alloy,44
1625,Hanging_spanner_018/Ring_internal_tooth_008,Hanging_spanner_018,Brushed_alloy,44
1626,Hanging_spanner_018/Ring_internal_tooth_009,Hanging_spanner_018,Brushed_alloy,44
1627,Hanging_spanner_018/Ring_internal_tooth_010,Hanging_spanner_018,Brushed_alloy,44
1628,Hanging_spanner_018/Ring_internal_tooth_011,Hanging_spanner_018,Brushed_alloy,44
1629,Hanging_spanner_018/Ring_internal_tooth_012,Hanging_spanner_018,Brushed_alloy,44
1630,Hanging_spanner_018/Ring_internal_tooth_013,Hanging_spanner_018,Brushed_alloy,44
1631,Hanging_spanner_018/Ring_spanner_head_014,Hanging_spanner_018,Brushed_alloy,288
1632,Hanging_spanner_018/Ring_internal_tooth_015,Hanging_spanner_018,Brushed_alloy,44
1633,Hanging_spanner_018/Ring_internal_tooth_016,Hanging_spanner_018,Brushed_alloy,44
1634,Hanging_spanner_018/Ring_internal_tooth_017,Hanging_spanner_018,Brushed_alloy,44
1635,Hanging_spanner_018/Ring_internal_tooth_018,Hanging_spanner_018,Brushed_alloy,44
1636,Hanging_spanner_018/Ring_internal_tooth_019,Hanging_spanner_018,Brushed_alloy,44
1637,Hanging_spanner_018/Ring_internal_tooth_020,Hanging_spanner_018,Brushed_alloy,44
1638,Hanging_spanner_018/Ring_internal_tooth_021,Hanging_spanner_018,Brushed_alloy,44
1639,Hanging_spanner_018/Ring_internal_tooth_022,Hanging_spanner_018,Brushed_alloy,44
1640,Hanging_spanner_018/Ring_internal_tooth_023,Hanging_spanner_018,Brushed_alloy,44
1641,Hanging_spanner_018/Ring_internal_tooth_024,Hanging_spanner_018,Brushed_alloy,44
1642,Hanging_spanner_018/Ring_internal_tooth_025,Hanging_spanner_018,Brushed_alloy,44
1643,Hanging_spanner_018/Ring_internal_tooth_026,Hanging_spanner_018,Brushed_alloy,44
1644,Hanging_spanner_018/Shaft_stamp_027,Hanging_spanner_018,Aged_black_steel,44
1645,Hanging_screwdriver_005/Screwdriver_grip_000,Hanging_screwdriver_005,Worn_crimson_paint,80
1646,Hanging_screwdriver_005/Grip_flute_001,Hanging_screwdriver_005,Tyre_rubber,44
1647,Hanging_screwdriver_005/Grip_flute_002,Hanging_screwdriver_005,Tyre_rubber,44
1648,Hanging_screwdriver_005/Grip_flute_003,Hanging_screwdriver_005,Tyre_rubber,44
1649,Hanging_screwdriver_005/Grip_flute_004,Hanging_screwdriver_005,Tyre_rubber,44
1650,Hanging_screwdriver_005/Grip_flute_005,Hanging_screwdriver_005,Tyre_rubber,44
1651,Hanging_screwdriver_005/Grip_flute_006,Hanging_screwdriver_005,Tyre_rubber,44
1652,Hanging_screwdriver_005/Screwdriver_shank_007,Hanging_screwdriver_005,Brushed_alloy,48
1653,Hanging_screwdriver_005/Driver_tip_008,Hanging_screwdriver_005,Brushed_alloy,44
1654,Hanging_screwdriver_005/Grip_collar_009,Hanging_screwdriver_005,Brushed_alloy,192
1655,Hanging_screwdriver_006/Screwdriver_grip_000,Hanging_screwdriver_006,Workshop_blue_paint,80
1656,Hanging_screwdriver_006/Grip_flute_001,Hanging_screwdriver_006,Tyre_rubber,44
1657,Hanging_screwdriver_006/Grip_flute_002,Hanging_screwdriver_006,Tyre_rubber,44
1658,Hanging_screwdriver_006/Grip_flute_003,Hanging_screwdriver_006,Tyre_rubber,44
1659,Hanging_screwdriver_006/Grip_flute_004,Hanging_screwdriver_006,Tyre_rubber,44
1660,Hanging_screwdriver_006/Grip_flute_005,Hanging_screwdriver_006,Tyre_rubber,44
1661,Hanging_screwdriver_006/Grip_flute_006,Hanging_screwdriver_006,Tyre_rubber,44
1662,Hanging_screwdriver_006/Screwdriver_shank_007,Hanging_screwdriver_006,Brushed_alloy,48
1663,Hanging_screwdriver_006/Driver_tip_008,Hanging_screwdriver_006,Brushed_alloy,44
1664,Hanging_screwdriver_006/Grip_collar_009,Hanging_screwdriver_006,Brushed_alloy,192
1665,Hanging_screwdriver_007/Screwdriver_grip_000,Hanging_screwdriver_007,Hand_tool_orange,80
1666,Hanging_screwdriver_007/Grip_flute_001,Hanging_screwdriver_007,Tyre_rubber,44
1667,Hanging_screwdriver_007/Grip_flute_002,Hanging_screwdriver_007,Tyre_rubber,44
1668,Hanging_screwdriver_007/Grip_flute_003,Hanging_screwdriver_007,Tyre_rubber,44
1669,Hanging_screwdriver_007/Grip_flute_004,Hanging_screwdriver_007,Tyre_rubber,44
1670,Hanging_screwdriver_007/Grip_flute_005,Hanging_screwdriver_007,Tyre_rubber,44
1671,Hanging_screwdriver_007/Grip_flute_006,Hanging_screwdriver_007,Tyre_rubber,44
1672,Hanging_screwdriver_007/Screwdriver_shank_007,Hanging_screwdriver_007,Brushed_alloy,48
1673,Hanging_screwdriver_007/Driver_tip_008,Hanging_screwdriver_007,Brushed_alloy,44
1674,Hanging_screwdriver_007/Grip_collar_009,Hanging_screwdriver_007,Brushed_alloy,192
1675,Hanging_screwdriver_008/Screwdriver_grip_000,Hanging_screwdriver_008,Tyre_rubber,80
1676,Hanging_screwdriver_008/Grip_flute_001,Hanging_screwdriver_008,Tyre_rubber,44
1677,Hanging_screwdriver_008/Grip_flute_002,Hanging_screwdriver_008,Tyre_rubber,44
1678,Hanging_screwdriver_008/Grip_flute_003,Hanging_screwdriver_008,Tyre_rubber,44
1679,Hanging_screwdriver_008/Grip_flute_004,Hanging_screwdriver_008,Tyre_rubber,44
1680,Hanging_screwdriver_008/Grip_flute_005,Hanging_screwdriver_008,Tyre_rubber,44
1681,Hanging_screwdriver_008/Grip_flute_006,Hanging_screwdriver_008,Tyre_rubber,44
1682,Hanging_screwdriver_008/Screwdriver_shank_007,Hanging_screwdriver_008,Brushed_alloy,48
1683,Hanging_screwdriver_008/Driver_tip_008,Hanging_screwdriver_008,Brushed_alloy,44
1684,Hanging_screwdriver_008/Grip_collar_009,Hanging_screwdriver_008,Brushed_alloy,192
1685,Hanging_pliers_002/Plier_handle_000,Hanging_pliers_002,Worn_crimson_paint,44
1686,Hanging_pliers_002/Steel_jaw_001,Hanging_pliers_002,Brushed_alloy,44
1687,Hanging_pliers_002/Jaw_tooth_002,Hanging_pliers_002,Aged_black_steel,12
1688,Hanging_pliers_002/Jaw_tooth_003,Hanging_pliers_002,Aged_black_steel,12
1689,Hanging_pliers_002/Jaw_tooth_004,Hanging_pliers_002,Aged_black_steel,12
1690,Hanging_pliers_002/Jaw_tooth_005,Hanging_pliers_002,Aged_black_steel,12
1691,Hanging_pliers_002/Jaw_tooth_006,Hanging_pliers_002,Aged_black_steel,12
1692,Hanging_pliers_002/Plier_handle_007,Hanging_pliers_002,Worn_crimson_paint,44
1693,Hanging_pliers_002/Steel_jaw_008,Hanging_pliers_002,Brushed_alloy,44
1694,Hanging_pliers_002/Jaw_tooth_009,Hanging_pliers_002,Aged_black_steel,12
1695,Hanging_pliers_002/Jaw_tooth_010,Hanging_pliers_002,Aged_black_steel,12
1696,Hanging_pliers_002/Jaw_tooth_011,Hanging_pliers_002,Aged_black_steel,12
1697,Hanging_pliers_002/Jaw_tooth_012,Hanging_pliers_002,Aged_black_steel,12
1698,Hanging_pliers_002/Jaw_tooth_013,Hanging_pliers_002,Aged_black_steel,12
1699,Hanging_pliers_002/Pivot_rivet_014,Hanging_pliers_002,Brushed_alloy,64
1700,Hanging_ratchet_002/Ratchet_handle_000,Hanging_ratchet_002,Brushed_alloy,64
1701,Hanging_ratchet_002/Ratchet_head_001,Hanging_ratchet_002,Brushed_alloy,96
1702,Hanging_ratchet_002/Square_drive_002,Hanging_ratchet_002,Aged_black_steel,44
1703,Hanging_ratchet_002/Selector_lever_003,Hanging_ratchet_002,Aged_black_steel,44
1704,Mountain_poster_001/Poster_frame_000,Mountain_poster_001,Aged_black_steel,44
1705,Mountain_poster_001/Reference_mountain_pass_poster_001,Mountain_poster_001,Reference_poster_and_banners,2
1706,Mountain_poster_001/Hex_fastener_002,Mountain_poster_001,Brushed_alloy,24
1707,Mountain_poster_001/Hex_fastener_003,Mountain_poster_001,Brushed_alloy,24
1708,Mountain_poster_001/Hex_fastener_004,Mountain_poster_001,Brushed_alloy,24
1709,Mountain_poster_001/Hex_fastener_005,Mountain_poster_001,Brushed_alloy,24
1710,Platform_Static/Segmented_platform_neon_01710,Platform_Static,Neon_red,144
1711,Platform_Static/Segmented_platform_neon_01711,Platform_Static,Neon_red,144
1712,Platform_Static/Segmented_platform_neon_01712,Platform_Static,Neon_red,144
1713,Platform_Static/Segmented_platform_neon_01713,Platform_Static,Neon_red,144
1714,Platform_Static/Segmented_platform_neon_01714,Platform_Static,Neon_red,144
1715,Platform_Static/Segmented_platform_neon_01715,Platform_Static,Neon_red,144
1716,Platform_Static/Segmented_platform_neon_01716,Platform_Static,Neon_red,144
1717,Platform_Static/Segmented_platform_neon_01717,Platform_Static,Neon_red,144
1718,Platform_Static/Segmented_platform_neon_01718,Platform_Static,Neon_red,144
1719,Platform_Static/Segmented_platform_neon_01719,Platform_Static,Neon_red,144
1720,Platform_Static/Segmented_platform_neon_01720,Platform_Static,Neon_red,144
1721,Platform_Static/Segmented_platform_neon_01721,Platform_Static,Neon_red,144
1722,Platform_Static/Segmented_platform_neon_01722,Platform_Static,Neon_red,144
1723,Platform_Static/Segmented_platform_neon_01723,Platform_Static,Neon_red,144
1724,Platform_Static/Segmented_platform_neon_01724,Platform_Static,Neon_red,144
1725,Platform_Static/Segmented_platform_neon_01725,Platform_Static,Neon_red,144
1726,Platform_Static/Segmented_platform_neon_01726,Platform_Static,Neon_red,144
1727,Platform_Static/Segmented_platform_neon_01727,Platform_Static,Neon_red,144
1728,Platform_Static/Segmented_platform_neon_01728,Platform_Static,Neon_red,144
1729,Platform_Static/Segmented_platform_neon_01729,Platform_Static,Neon_red,144
1730,Platform_Static/Segmented_platform_neon_01730,Platform_Static,Neon_red,144
1731,Platform_Static/Segmented_platform_neon_01731,Platform_Static,Neon_red,144
1732,Platform_Static/Segmented_platform_neon_01732,Platform_Static,Neon_red,144
1733,Platform_Static/Segmented_platform_neon_01733,Platform_Static,Neon_red,144
1734,Turntable_ROTATE/Platform_top_neon_accent_01734,Turntable_ROTATE,Neon_red,2304
1735,Platform_Static/Platform_Midnight_nameplate_01735,Platform_Static,Turntable_nameplate,2
1736,Floorplate_two_post_lift_001/Low_floor_cable_cover_000,Floorplate_two_post_lift_001,Aged_black_steel,44
1737,Floorplate_two_post_lift_001/Floorplate_edge_001,Floorplate_two_post_lift_001,Aged_black_steel,44
1738,Floorplate_two_post_lift_001/Floorplate_edge_002,Floorplate_two_post_lift_001,Aged_black_steel,44
1739,Floorplate_two_post_lift_001/Lift_base_plate_003,Floorplate_two_post_lift_001,Aged_black_steel,44
1740,Floorplate_two_post_lift_001/Lift_column_back_004,Floorplate_two_post_lift_001,Worn_crimson_paint,44
1741,Floorplate_two_post_lift_001/Column_channel_web_005,Floorplate_two_post_lift_001,Worn_crimson_paint,44
1742,Floorplate_two_post_lift_001/Column_channel_web_006,Floorplate_two_post_lift_001,Worn_crimson_paint,44
1743,Floorplate_two_post_lift_001/Column_top_cap_007,Floorplate_two_post_lift_001,Worn_crimson_paint,44
1744,Floorplate_two_post_lift_001/Hex_fastener_008,Floorplate_two_post_lift_001,Brushed_alloy,24
1745,Floorplate_two_post_lift_001/Hex_fastener_009,Floorplate_two_post_lift_001,Brushed_alloy,24
1746,Floorplate_two_post_lift_001/Hex_fastener_010,Floorplate_two_post_lift_001,Brushed_alloy,24
1747,Floorplate_two_post_lift_001/Hex_fastener_011,Floorplate_two_post_lift_001,Brushed_alloy,24
1748,Floorplate_two_post_lift_001/Column_cross_brace_012,Floorplate_two_post_lift_001,Aged_black_steel,44
1749,Floorplate_two_post_lift_001/Hex_fastener_013,Floorplate_two_post_lift_001,Brushed_alloy,24
1750,Floorplate_two_post_lift_001/Hex_fastener_014,Floorplate_two_post_lift_001,Brushed_alloy,24
1751,Floorplate_two_post_lift_001/Column_cross_brace_015,Floorplate_two_post_lift_001,Aged_black_steel,44
1752,Floorplate_two_post_lift_001/Hex_fastener_016,Floorplate_two_post_lift_001,Brushed_alloy,24
1753,Floorplate_two_post_lift_001/Hex_fastener_017,Floorplate_two_post_lift_001,Brushed_alloy,24
1754,Floorplate_two_post_lift_001/Column_cross_brace_018,Floorplate_two_post_lift_001,Aged_black_steel,44
1755,Floorplate_two_post_lift_001/Hex_fastener_019,Floorplate_two_post_lift_001,Brushed_alloy,24
1756,Floorplate_two_post_lift_001/Hex_fastener_020,Floorplate_two_post_lift_001,Brushed_alloy,24
1757,Floorplate_two_post_lift_001/Column_cross_brace_021,Floorplate_two_post_lift_001,Aged_black_steel,44
1758,Floorplate_two_post_lift_001/Hex_fastener_022,Floorplate_two_post_lift_001,Brushed_alloy,24
1759,Floorplate_two_post_lift_001/Hex_fastener_023,Floorplate_two_post_lift_001,Brushed_alloy,24
1760,Floorplate_two_post_lift_001/Column_cross_brace_024,Floorplate_two_post_lift_001,Aged_black_steel,44
1761,Floorplate_two_post_lift_001/Hex_fastener_025,Floorplate_two_post_lift_001,Brushed_alloy,24
1762,Floorplate_two_post_lift_001/Hex_fastener_026,Floorplate_two_post_lift_001,Brushed_alloy,24
1763,Floorplate_two_post_lift_001/Carriage_slide_rail_027,Floorplate_two_post_lift_001,Brushed_alloy,44
1764,Floorplate_two_post_lift_001/Carriage_slide_rail_028,Floorplate_two_post_lift_001,Brushed_alloy,44
1765,Floorplate_two_post_lift_001/Moving_carriage_029,Floorplate_two_post_lift_001,Aged_black_steel,44
1766,Floorplate_two_post_lift_001/Carriage_guide_roller_030,Floorplate_two_post_lift_001,Brushed_alloy,80
1767,Floorplate_two_post_lift_001/Carriage_guide_roller_031,Floorplate_two_post_lift_001,Brushed_alloy,80
1768,Floorplate_two_post_lift_001/Carriage_guide_roller_032,Floorplate_two_post_lift_001,Brushed_alloy,80
1769,Floorplate_two_post_lift_001/Carriage_guide_roller_033,Floorplate_two_post_lift_001,Brushed_alloy,80
1770,Floorplate_two_post_lift_001/Hydraulic_ram_barrel_034,Floorplate_two_post_lift_001,Aged_black_steel,96
1771,Floorplate_two_post_lift_001/Chrome_piston_035,Floorplate_two_post_lift_001,Brushed_alloy,96
1772,Floorplate_two_post_lift_001/Hydraulic_seal_036,Floorplate_two_post_lift_001,Tyre_rubber,288
1773,Floorplate_two_post_lift_001/Top_chain_pulley_037,Floorplate_two_post_lift_001,Aged_black_steel,96
1774,Floorplate_two_post_lift_001/Lift_chain_038,Floorplate_two_post_lift_001,Aged_black_steel,64
1775,Floorplate_two_post_lift_001/Lift_chain_039,Floorplate_two_post_lift_001,Aged_black_steel,64
1776,Floorplate_two_post_lift_001/Lock_ladder_tooth_040,Floorplate_two_post_lift_001,Aged_black_steel,44
1777,Floorplate_two_post_lift_001/Lock_ladder_tooth_041,Floorplate_two_post_lift_001,Aged_black_steel,44
1778,Floorplate_two_post_lift_001/Lock_ladder_tooth_042,Floorplate_two_post_lift_001,Aged_black_steel,44
1779,Floorplate_two_post_lift_001/Lock_ladder_tooth_043,Floorplate_two_post_lift_001,Aged_black_steel,44
1780,Floorplate_two_post_lift_001/Lock_ladder_tooth_044,Floorplate_two_post_lift_001,Aged_black_steel,44
1781,Floorplate_two_post_lift_001/Lock_ladder_tooth_045,Floorplate_two_post_lift_001,Aged_black_steel,44
1782,Floorplate_two_post_lift_001/Lock_ladder_tooth_046,Floorplate_two_post_lift_001,Aged_black_steel,44
1783,Floorplate_two_post_lift_001/Lock_ladder_tooth_047,Floorplate_two_post_lift_001,Aged_black_steel,44
1784,Floorplate_two_post_lift_001/Lock_ladder_tooth_048,Floorplate_two_post_lift_001,Aged_black_steel,44
1785,Floorplate_two_post_lift_001/Lock_ladder_tooth_049,Floorplate_two_post_lift_001,Aged_black_steel,44
1786,Floorplate_two_post_lift_001/Lock_ladder_tooth_050,Floorplate_two_post_lift_001,Aged_black_steel,44
1787,Floorplate_two_post_lift_001/Lock_ladder_tooth_051,Floorplate_two_post_lift_001,Aged_black_steel,44
1788,Floorplate_two_post_lift_001/Lock_ladder_tooth_052,Floorplate_two_post_lift_001,Aged_black_steel,44
1789,Floorplate_two_post_lift_001/Swing_arm_pivot_053,Floorplate_two_post_lift_001,Brushed_alloy,96
1790,Floorplate_two_post_lift_001/Arm_lock_sector_054,Floorplate_two_post_lift_001,Aged_black_steel,288
1791,Floorplate_two_post_lift_001/Outer_lifting_arm_055,Floorplate_two_post_lift_001,Worn_crimson_paint,44
1792,Floorplate_two_post_lift_001/Telescopic_inner_arm_056,Floorplate_two_post_lift_001,Aged_black_steel,44
1793,Floorplate_two_post_lift_001/Pad_thread_057,Floorplate_two_post_lift_001,Aged_black_steel,128
1794,Floorplate_two_post_lift_001/Pad_thread_058,Floorplate_two_post_lift_001,Aged_black_steel,128
1795,Floorplate_two_post_lift_001/Pad_thread_059,Floorplate_two_post_lift_001,Aged_black_steel,128
1796,Floorplate_two_post_lift_001/Threaded_pad_stem_060,Floorplate_two_post_lift_001,Brushed_alloy,64
1797,Floorplate_two_post_lift_001/Steel_pad_plate_061,Floorplate_two_post_lift_001,Aged_black_steel,96
1798,Floorplate_two_post_lift_001/Rubber_support_pad_062,Floorplate_two_post_lift_001,Tyre_rubber,96
1799,Floorplate_two_post_lift_001/Swing_arm_pivot_063,Floorplate_two_post_lift_001,Brushed_alloy,96
1800,Floorplate_two_post_lift_001/Arm_lock_sector_064,Floorplate_two_post_lift_001,Aged_black_steel,288
1801,Floorplate_two_post_lift_001/Outer_lifting_arm_065,Floorplate_two_post_lift_001,Worn_crimson_paint,44
1802,Floorplate_two_post_lift_001/Telescopic_inner_arm_066,Floorplate_two_post_lift_001,Aged_black_steel,44
1803,Floorplate_two_post_lift_001/Pad_thread_067,Floorplate_two_post_lift_001,Aged_black_steel,128
1804,Floorplate_two_post_lift_001/Pad_thread_068,Floorplate_two_post_lift_001,Aged_black_steel,128
1805,Floorplate_two_post_lift_001/Pad_thread_069,Floorplate_two_post_lift_001,Aged_black_steel,128
1806,Floorplate_two_post_lift_001/Threaded_pad_stem_070,Floorplate_two_post_lift_001,Brushed_alloy,64
1807,Floorplate_two_post_lift_001/Steel_pad_plate_071,Floorplate_two_post_lift_001,Aged_black_steel,96
1808,Floorplate_two_post_lift_001/Rubber_support_pad_072,Floorplate_two_post_lift_001,Tyre_rubber,96
1809,Floorplate_two_post_lift_001/Carriage_lock_release_073,Floorplate_two_post_lift_001,Brushed_alloy,44
1810,Floorplate_two_post_lift_001/Lift_base_plate_074,Floorplate_two_post_lift_001,Aged_black_steel,44
1811,Floorplate_two_post_lift_001/Lift_column_back_075,Floorplate_two_post_lift_001,Worn_crimson_paint,44
1812,Floorplate_two_post_lift_001/Column_channel_web_076,Floorplate_two_post_lift_001,Worn_crimson_paint,44
1813,Floorplate_two_post_lift_001/Column_channel_web_077,Floorplate_two_post_lift_001,Worn_crimson_paint,44
1814,Floorplate_two_post_lift_001/Column_top_cap_078,Floorplate_two_post_lift_001,Worn_crimson_paint,44
1815,Floorplate_two_post_lift_001/Hex_fastener_079,Floorplate_two_post_lift_001,Brushed_alloy,24
1816,Floorplate_two_post_lift_001/Hex_fastener_080,Floorplate_two_post_lift_001,Brushed_alloy,24
1817,Floorplate_two_post_lift_001/Hex_fastener_081,Floorplate_two_post_lift_001,Brushed_alloy,24
1818,Floorplate_two_post_lift_001/Hex_fastener_082,Floorplate_two_post_lift_001,Brushed_alloy,24
1819,Floorplate_two_post_lift_001/Column_cross_brace_083,Floorplate_two_post_lift_001,Aged_black_steel,44
1820,Floorplate_two_post_lift_001/Hex_fastener_084,Floorplate_two_post_lift_001,Brushed_alloy,24
1821,Floorplate_two_post_lift_001/Hex_fastener_085,Floorplate_two_post_lift_001,Brushed_alloy,24
1822,Floorplate_two_post_lift_001/Column_cross_brace_086,Floorplate_two_post_lift_001,Aged_black_steel,44
1823,Floorplate_two_post_lift_001/Hex_fastener_087,Floorplate_two_post_lift_001,Brushed_alloy,24
1824,Floorplate_two_post_lift_001/Hex_fastener_088,Floorplate_two_post_lift_001,Brushed_alloy,24
1825,Floorplate_two_post_lift_001/Column_cross_brace_089,Floorplate_two_post_lift_001,Aged_black_steel,44
1826,Floorplate_two_post_lift_001/Hex_fastener_090,Floorplate_two_post_lift_001,Brushed_alloy,24
1827,Floorplate_two_post_lift_001/Hex_fastener_091,Floorplate_two_post_lift_001,Brushed_alloy,24
1828,Floorplate_two_post_lift_001/Column_cross_brace_092,Floorplate_two_post_lift_001,Aged_black_steel,44
1829,Floorplate_two_post_lift_001/Hex_fastener_093,Floorplate_two_post_lift_001,Brushed_alloy,24
1830,Floorplate_two_post_lift_001/Hex_fastener_094,Floorplate_two_post_lift_001,Brushed_alloy,24
1831,Floorplate_two_post_lift_001/Column_cross_brace_095,Floorplate_two_post_lift_001,Aged_black_steel,44
1832,Floorplate_two_post_lift_001/Hex_fastener_096,Floorplate_two_post_lift_001,Brushed_alloy,24
1833,Floorplate_two_post_lift_001/Hex_fastener_097,Floorplate_two_post_lift_001,Brushed_alloy,24
1834,Floorplate_two_post_lift_001/Carriage_slide_rail_098,Floorplate_two_post_lift_001,Brushed_alloy,44
1835,Floorplate_two_post_lift_001/Carriage_slide_rail_099,Floorplate_two_post_lift_001,Brushed_alloy,44
1836,Floorplate_two_post_lift_001/Moving_carriage_100,Floorplate_two_post_lift_001,Aged_black_steel,44
1837,Floorplate_two_post_lift_001/Carriage_guide_roller_101,Floorplate_two_post_lift_001,Brushed_alloy,80
1838,Floorplate_two_post_lift_001/Carriage_guide_roller_102,Floorplate_two_post_lift_001,Brushed_alloy,80
1839,Floorplate_two_post_lift_001/Carriage_guide_roller_103,Floorplate_two_post_lift_001,Brushed_alloy,80
1840,Floorplate_two_post_lift_001/Carriage_guide_roller_104,Floorplate_two_post_lift_001,Brushed_alloy,80
1841,Floorplate_two_post_lift_001/Hydraulic_ram_barrel_105,Floorplate_two_post_lift_001,Aged_black_steel,96
1842,Floorplate_two_post_lift_001/Chrome_piston_106,Floorplate_two_post_lift_001,Brushed_alloy,96
1843,Floorplate_two_post_lift_001/Hydraulic_seal_107,Floorplate_two_post_lift_001,Tyre_rubber,288
1844,Floorplate_two_post_lift_001/Top_chain_pulley_108,Floorplate_two_post_lift_001,Aged_black_steel,96
1845,Floorplate_two_post_lift_001/Lift_chain_109,Floorplate_two_post_lift_001,Aged_black_steel,64
1846,Floorplate_two_post_lift_001/Lift_chain_110,Floorplate_two_post_lift_001,Aged_black_steel,64
1847,Floorplate_two_post_lift_001/Lock_ladder_tooth_111,Floorplate_two_post_lift_001,Aged_black_steel,44
1848,Floorplate_two_post_lift_001/Lock_ladder_tooth_112,Floorplate_two_post_lift_001,Aged_black_steel,44
1849,Floorplate_two_post_lift_001/Lock_ladder_tooth_113,Floorplate_two_post_lift_001,Aged_black_steel,44
1850,Floorplate_two_post_lift_001/Lock_ladder_tooth_114,Floorplate_two_post_lift_001,Aged_black_steel,44
1851,Floorplate_two_post_lift_001/Lock_ladder_tooth_115,Floorplate_two_post_lift_001,Aged_black_steel,44
1852,Floorplate_two_post_lift_001/Lock_ladder_tooth_116,Floorplate_two_post_lift_001,Aged_black_steel,44
1853,Floorplate_two_post_lift_001/Lock_ladder_tooth_117,Floorplate_two_post_lift_001,Aged_black_steel,44
1854,Floorplate_two_post_lift_001/Lock_ladder_tooth_118,Floorplate_two_post_lift_001,Aged_black_steel,44
1855,Floorplate_two_post_lift_001/Lock_ladder_tooth_119,Floorplate_two_post_lift_001,Aged_black_steel,44
1856,Floorplate_two_post_lift_001/Lock_ladder_tooth_120,Floorplate_two_post_lift_001,Aged_black_steel,44
1857,Floorplate_two_post_lift_001/Lock_ladder_tooth_121,Floorplate_two_post_lift_001,Aged_black_steel,44
1858,Floorplate_two_post_lift_001/Lock_ladder_tooth_122,Floorplate_two_post_lift_001,Aged_black_steel,44
1859,Floorplate_two_post_lift_001/Lock_ladder_tooth_123,Floorplate_two_post_lift_001,Aged_black_steel,44
1860,Floorplate_two_post_lift_001/Swing_arm_pivot_124,Floorplate_two_post_lift_001,Brushed_alloy,96
1861,Floorplate_two_post_lift_001/Arm_lock_sector_125,Floorplate_two_post_lift_001,Aged_black_steel,288
1862,Floorplate_two_post_lift_001/Outer_lifting_arm_126,Floorplate_two_post_lift_001,Worn_crimson_paint,44
1863,Floorplate_two_post_lift_001/Telescopic_inner_arm_127,Floorplate_two_post_lift_001,Aged_black_steel,44
1864,Floorplate_two_post_lift_001/Pad_thread_128,Floorplate_two_post_lift_001,Aged_black_steel,128
1865,Floorplate_two_post_lift_001/Pad_thread_129,Floorplate_two_post_lift_001,Aged_black_steel,128
1866,Floorplate_two_post_lift_001/Pad_thread_130,Floorplate_two_post_lift_001,Aged_black_steel,128
1867,Floorplate_two_post_lift_001/Threaded_pad_stem_131,Floorplate_two_post_lift_001,Brushed_alloy,64
1868,Floorplate_two_post_lift_001/Steel_pad_plate_132,Floorplate_two_post_lift_001,Aged_black_steel,96
1869,Floorplate_two_post_lift_001/Rubber_support_pad_133,Floorplate_two_post_lift_001,Tyre_rubber,96
1870,Floorplate_two_post_lift_001/Swing_arm_pivot_134,Floorplate_two_post_lift_001,Brushed_alloy,96
1871,Floorplate_two_post_lift_001/Arm_lock_sector_135,Floorplate_two_post_lift_001,Aged_black_steel,288
1872,Floorplate_two_post_lift_001/Outer_lifting_arm_136,Floorplate_two_post_lift_001,Worn_crimson_paint,44
1873,Floorplate_two_post_lift_001/Telescopic_inner_arm_137,Floorplate_two_post_lift_001,Aged_black_steel,44
1874,Floorplate_two_post_lift_001/Pad_thread_138,Floorplate_two_post_lift_001,Aged_black_steel,128
1875,Floorplate_two_post_lift_001/Pad_thread_139,Floorplate_two_post_lift_001,Aged_black_steel,128
1876,Floorplate_two_post_lift_001/Pad_thread_140,Floorplate_two_post_lift_001,Aged_black_steel,128
1877,Floorplate_two_post_lift_001/Threaded_pad_stem_141,Floorplate_two_post_lift_001,Brushed_alloy,64
1878,Floorplate_two_post_lift_001/Steel_pad_plate_142,Floorplate_two_post_lift_001,Aged_black_steel,96
1879,Floorplate_two_post_lift_001/Rubber_support_pad_143,Floorplate_two_post_lift_001,Tyre_rubber,96
1880,Floorplate_two_post_lift_001/Carriage_lock_release_144,Floorplate_two_post_lift_001,Brushed_alloy,44
1881,Floorplate_two_post_lift_001/Power_unit_tank_145,Floorplate_two_post_lift_001,Deep_charcoal,44
1882,Floorplate_two_post_lift_001/Hydraulic_motor_146,Floorplate_two_post_lift_001,Aged_black_steel,96
1883,Floorplate_two_post_lift_001/Reservoir_cap_147,Floorplate_two_post_lift_001,Worn_crimson_paint,64
1884,Floorplate_two_post_lift_001/Lift_control_box_148,Floorplate_two_post_lift_001,Aged_black_steel,44
1885,Floorplate_two_post_lift_001/Lift_control_button_149,Floorplate_two_post_lift_001,Coolant_bottle_green,64
1886,Floorplate_two_post_lift_001/Lift_control_button_150,Floorplate_two_post_lift_001,Worn_crimson_paint,64
1887,Floorplate_two_post_lift_001/Lift_load_warning_151,Floorplate_two_post_lift_001,Lift_warning,2
1888,Floorplate_two_post_lift_001/Hydraulic_feed_hose_152,Floorplate_two_post_lift_001,Tyre_rubber,48
1889,Floorplate_two_post_lift_001/Hydraulic_feed_hose_153,Floorplate_two_post_lift_001,Tyre_rubber,48
1890,Floorplate_two_post_lift_001/Hydraulic_feed_hose_154,Floorplate_two_post_lift_001,Tyre_rubber,48
1891,Floorplate_two_post_lift_001/Hydraulic_feed_hose_155,Floorplate_two_post_lift_001,Tyre_rubber,48
1892,Long_side_workbench_001/Bench_top_000,Long_side_workbench_001,Workbench_wood,44
1893,Long_side_workbench_001/Steel_apron_001,Long_side_workbench_001,Aged_black_steel,44
1894,Long_side_workbench_001/Square_tube_leg_002,Long_side_workbench_001,Aged_black_steel,44
1895,Long_side_workbench_001/Square_tube_leg_003,Long_side_workbench_001,Aged_black_steel,44
1896,Long_side_workbench_001/Square_tube_leg_004,Long_side_workbench_001,Aged_black_steel,44
1897,Long_side_workbench_001/Square_tube_leg_005,Long_side_workbench_001,Aged_black_steel,44
1898,Long_side_workbench_001/Square_tube_leg_006,Long_side_workbench_001,Aged_black_steel,44
1899,Long_side_workbench_001/Square_tube_leg_007,Long_side_workbench_001,Aged_black_steel,44
1900,Long_side_workbench_001/Under_bench_shelf_008,Long_side_workbench_001,Aged_black_steel,44
1901,Long_side_workbench_001/Parts_drawer_009,Long_side_workbench_001,Worn_crimson_paint,44
1902,Long_side_workbench_001/Drawer_pull_010,Long_side_workbench_001,Brushed_alloy,44
1903,Long_side_workbench_001/Parts_drawer_011,Long_side_workbench_001,Worn_crimson_paint,44
1904,Long_side_workbench_001/Drawer_pull_012,Long_side_workbench_001,Brushed_alloy,44
1905,Long_side_workbench_001/Parts_drawer_013,Long_side_workbench_001,Worn_crimson_paint,44
1906,Long_side_workbench_001/Drawer_pull_014,Long_side_workbench_001,Brushed_alloy,44
1907,Long_side_workbench_001/Parts_drawer_015,Long_side_workbench_001,Worn_crimson_paint,44
1908,Long_side_workbench_001/Drawer_pull_016,Long_side_workbench_001,Brushed_alloy,44
1909,Long_side_workbench_001/Parts_drawer_017,Long_side_workbench_001,Worn_crimson_paint,44
1910,Long_side_workbench_001/Drawer_pull_018,Long_side_workbench_001,Brushed_alloy,44
1911,Long_side_workbench_001/Parts_drawer_019,Long_side_workbench_001,Worn_crimson_paint,44
1912,Long_side_workbench_001/Drawer_pull_020,Long_side_workbench_001,Brushed_alloy,44
1913,Long_side_workbench_001/Side_pegboard_021,Long_side_workbench_001,Aged_black_steel,44
1914,Long_side_workbench_001/Side_board_hole_022,Long_side_workbench_001,Deep_charcoal,32
1915,Long_side_workbench_001/Side_board_hole_023,Long_side_workbench_001,Deep_charcoal,32
1916,Long_side_workbench_001/Side_board_hole_024,Long_side_workbench_001,Deep_charcoal,32
1917,Long_side_workbench_001/Side_board_hole_025,Long_side_workbench_001,Deep_charcoal,32
1918,Long_side_workbench_001/Side_board_hole_026,Long_side_workbench_001,Deep_charcoal,32
1919,Long_side_workbench_001/Side_board_hole_027,Long_side_workbench_001,Deep_charcoal,32
1920,Long_side_workbench_001/Side_board_hole_028,Long_side_workbench_001,Deep_charcoal,32
1921,Long_side_workbench_001/Side_board_hole_029,Long_side_workbench_001,Deep_charcoal,32
1922,Long_side_workbench_001/Side_board_hole_030,Long_side_workbench_001,Deep_charcoal,32
1923,Long_side_workbench_001/Side_board_hole_031,Long_side_workbench_001,Deep_charcoal,32
1924,Long_side_workbench_001/Side_board_hole_032,Long_side_workbench_001,Deep_charcoal,32
1925,Long_side_workbench_001/Side_board_hole_033,Long_side_workbench_001,Deep_charcoal,32
1926,Long_side_workbench_001/Side_board_hole_034,Long_side_workbench_001,Deep_charcoal,32
1927,Long_side_workbench_001/Side_board_hole_035,Long_side_workbench_001,Deep_charcoal,32
1928,Long_side_workbench_001/Side_board_hole_036,Long_side_workbench_001,Deep_charcoal,32
1929,Long_side_workbench_001/Side_board_hole_037,Long_side_workbench_001,Deep_charcoal,32
1930,Long_side_workbench_001/Side_board_hole_038,Long_side_workbench_001,Deep_charcoal,32
1931,Long_side_workbench_001/Side_board_hole_039,Long_side_workbench_001,Deep_charcoal,32
1932,Long_side_workbench_001/Side_board_hole_040,Long_side_workbench_001,Deep_charcoal,32
1933,Long_side_workbench_001/Side_board_hole_041,Long_side_workbench_001,Deep_charcoal,32
1934,Long_side_workbench_001/Side_board_hole_042,Long_side_workbench_001,Deep_charcoal,32
1935,Long_side_workbench_001/Side_board_hole_043,Long_side_workbench_001,Deep_charcoal,32
1936,Long_side_workbench_001/Side_board_hole_044,Long_side_workbench_001,Deep_charcoal,32
1937,Long_side_workbench_001/Side_board_hole_045,Long_side_workbench_001,Deep_charcoal,32
1938,Long_side_workbench_001/Side_board_hole_046,Long_side_workbench_001,Deep_charcoal,32
1939,Long_side_workbench_001/Side_board_hole_047,Long_side_workbench_001,Deep_charcoal,32
1940,Long_side_workbench_001/Side_board_hole_048,Long_side_workbench_001,Deep_charcoal,32
1941,Long_side_workbench_001/Side_board_hole_049,Long_side_workbench_001,Deep_charcoal,32
1942,Long_side_workbench_001/Side_board_hole_050,Long_side_workbench_001,Deep_charcoal,32
1943,Long_side_workbench_001/Side_board_hole_051,Long_side_workbench_001,Deep_charcoal,32
1944,Long_side_workbench_001/Side_board_hole_052,Long_side_workbench_001,Deep_charcoal,32
1945,Long_side_workbench_001/Side_board_hole_053,Long_side_workbench_001,Deep_charcoal,32
1946,Long_side_workbench_001/Side_board_hole_054,Long_side_workbench_001,Deep_charcoal,32
1947,Long_side_workbench_001/Side_board_hole_055,Long_side_workbench_001,Deep_charcoal,32
1948,Long_side_workbench_001/Side_board_hole_056,Long_side_workbench_001,Deep_charcoal,32
1949,Long_side_workbench_001/Side_board_hole_057,Long_side_workbench_001,Deep_charcoal,32
1950,Long_side_workbench_001/Side_board_hole_058,Long_side_workbench_001,Deep_charcoal,32
1951,Long_side_workbench_001/Side_board_hole_059,Long_side_workbench_001,Deep_charcoal,32
1952,Long_side_workbench_001/Side_board_hole_060,Long_side_workbench_001,Deep_charcoal,32
1953,Long_side_workbench_001/Side_board_hole_061,Long_side_workbench_001,Deep_charcoal,32
1954,Long_side_workbench_001/Side_board_hole_062,Long_side_workbench_001,Deep_charcoal,32
1955,Long_side_workbench_001/Side_board_hole_063,Long_side_workbench_001,Deep_charcoal,32
1956,Long_side_workbench_001/Side_board_hole_064,Long_side_workbench_001,Deep_charcoal,32
1957,Long_side_workbench_001/Side_board_hole_065,Long_side_workbench_001,Deep_charcoal,32
1958,Long_side_workbench_001/Side_board_hole_066,Long_side_workbench_001,Deep_charcoal,32
1959,Long_side_workbench_001/Side_board_hole_067,Long_side_workbench_001,Deep_charcoal,32
1960,Long_side_workbench_001/Side_board_hole_068,Long_side_workbench_001,Deep_charcoal,32
1961,Long_side_workbench_001/Side_board_hole_069,Long_side_workbench_001,Deep_charcoal,32
1962,Long_side_workbench_001/Side_board_hole_070,Long_side_workbench_001,Deep_charcoal,32
1963,Long_side_workbench_001/Side_board_hole_071,Long_side_workbench_001,Deep_charcoal,32
1964,Long_side_workbench_001/Side_board_hole_072,Long_side_workbench_001,Deep_charcoal,32
1965,Long_side_workbench_001/Side_board_hole_073,Long_side_workbench_001,Deep_charcoal,32
1966,Long_side_workbench_001/Side_board_hole_074,Long_side_workbench_001,Deep_charcoal,32
1967,Long_side_workbench_001/Side_board_hole_075,Long_side_workbench_001,Deep_charcoal,32
1968,Long_side_workbench_001/Side_board_hole_076,Long_side_workbench_001,Deep_charcoal,32
1969,Long_side_workbench_001/Side_board_hole_077,Long_side_workbench_001,Deep_charcoal,32
1970,Long_side_workbench_001/Side_board_hole_078,Long_side_workbench_001,Deep_charcoal,32
1971,Long_side_workbench_001/Side_board_hole_079,Long_side_workbench_001,Deep_charcoal,32
1972,Long_side_workbench_001/Side_board_hole_080,Long_side_workbench_001,Deep_charcoal,32
1973,Long_side_workbench_001/Side_board_hole_081,Long_side_workbench_001,Deep_charcoal,32
1974,Long_side_workbench_001/Side_board_hole_082,Long_side_workbench_001,Deep_charcoal,32
1975,Long_side_workbench_001/Side_board_hole_083,Long_side_workbench_001,Deep_charcoal,32
1976,Long_side_workbench_001/Side_board_hole_084,Long_side_workbench_001,Deep_charcoal,32
1977,Long_side_workbench_001/Side_board_hole_085,Long_side_workbench_001,Deep_charcoal,32
1978,Long_side_workbench_001/Side_board_hole_086,Long_side_workbench_001,Deep_charcoal,32
1979,Long_side_workbench_001/Side_board_hole_087,Long_side_workbench_001,Deep_charcoal,32
1980,Long_side_workbench_001/Side_board_hole_088,Long_side_workbench_001,Deep_charcoal,32
1981,Long_side_workbench_001/Side_board_hole_089,Long_side_workbench_001,Deep_charcoal,32
1982,Long_side_workbench_001/Side_board_hole_090,Long_side_workbench_001,Deep_charcoal,32
1983,Long_side_workbench_001/Side_board_hole_091,Long_side_workbench_001,Deep_charcoal,32
1984,Long_side_workbench_001/Side_board_hole_092,Long_side_workbench_001,Deep_charcoal,32
1985,Long_side_workbench_001/Side_board_hole_093,Long_side_workbench_001,Deep_charcoal,32
1986,Long_side_workbench_001/Side_board_hole_094,Long_side_workbench_001,Deep_charcoal,32
1987,Long_side_workbench_001/Side_board_hole_095,Long_side_workbench_001,Deep_charcoal,32
1988,Long_side_workbench_001/Side_board_hole_096,Long_side_workbench_001,Deep_charcoal,32
1989,Long_side_workbench_001/Side_board_hole_097,Long_side_workbench_001,Deep_charcoal,32
1990,Long_side_workbench_001/Side_board_hole_098,Long_side_workbench_001,Deep_charcoal,32
1991,Long_side_workbench_001/Side_board_hole_099,Long_side_workbench_001,Deep_charcoal,32
1992,Long_side_workbench_001/Side_board_hole_100,Long_side_workbench_001,Deep_charcoal,32
1993,Long_side_workbench_001/Side_board_hole_101,Long_side_workbench_001,Deep_charcoal,32
1994,Long_side_workbench_001/Side_board_hole_102,Long_side_workbench_001,Deep_charcoal,32
1995,Long_side_workbench_001/Side_board_hole_103,Long_side_workbench_001,Deep_charcoal,32
1996,Long_side_workbench_001/Side_board_hole_104,Long_side_workbench_001,Deep_charcoal,32
1997,Long_side_workbench_001/Side_board_hole_105,Long_side_workbench_001,Deep_charcoal,32
1998,Long_side_workbench_001/Side_board_hole_106,Long_side_workbench_001,Deep_charcoal,32
1999,Long_side_workbench_001/Side_board_hole_107,Long_side_workbench_001,Deep_charcoal,32
2000,Long_side_workbench_001/Side_board_hole_108,Long_side_workbench_001,Deep_charcoal,32
2001,Long_side_workbench_001/Side_board_hole_109,Long_side_workbench_001,Deep_charcoal,32
2002,Long_side_workbench_001/Side_board_hole_110,Long_side_workbench_001,Deep_charcoal,32
2003,Long_side_workbench_001/Side_board_hole_111,Long_side_workbench_001,Deep_charcoal,32
2004,Long_side_workbench_001/Side_board_hole_112,Long_side_workbench_001,Deep_charcoal,32
2005,Long_side_workbench_001/Side_board_hole_113,Long_side_workbench_001,Deep_charcoal,32
2006,Long_side_workbench_001/Side_board_hole_114,Long_side_workbench_001,Deep_charcoal,32
2007,Long_side_workbench_001/Side_board_hole_115,Long_side_workbench_001,Deep_charcoal,32
2008,Long_side_workbench_001/Side_board_hole_116,Long_side_workbench_001,Deep_charcoal,32
2009,Long_side_workbench_001/Side_board_hole_117,Long_side_workbench_001,Deep_charcoal,32
2010,Long_side_workbench_001/Side_board_hole_118,Long_side_workbench_001,Deep_charcoal,32
2011,Long_side_workbench_001/Side_board_hole_119,Long_side_workbench_001,Deep_charcoal,32
2012,Long_side_workbench_001/Side_board_hole_120,Long_side_workbench_001,Deep_charcoal,32
2013,Long_side_workbench_001/Side_board_hole_121,Long_side_workbench_001,Deep_charcoal,32
2014,Long_side_workbench_001/Side_board_hole_122,Long_side_workbench_001,Deep_charcoal,32
2015,Long_side_workbench_001/Side_board_hole_123,Long_side_workbench_001,Deep_charcoal,32
2016,Long_side_workbench_001/Side_board_hole_124,Long_side_workbench_001,Deep_charcoal,32
2017,Long_side_workbench_001/Side_board_hole_125,Long_side_workbench_001,Deep_charcoal,32
2018,Long_side_workbench_001/Side_board_hole_126,Long_side_workbench_001,Deep_charcoal,32
2019,Long_side_workbench_001/Side_board_hole_127,Long_side_workbench_001,Deep_charcoal,32
2020,Long_side_workbench_001/Side_board_hole_128,Long_side_workbench_001,Deep_charcoal,32
2021,Long_side_workbench_001/Side_board_hole_129,Long_side_workbench_001,Deep_charcoal,32
2022,Long_side_workbench_001/Side_board_hole_130,Long_side_workbench_001,Deep_charcoal,32
2023,Long_side_workbench_001/Side_board_hole_131,Long_side_workbench_001,Deep_charcoal,32
2024,Long_side_workbench_001/Side_board_hole_132,Long_side_workbench_001,Deep_charcoal,32
2025,Long_side_workbench_001/Side_board_hole_133,Long_side_workbench_001,Deep_charcoal,32
2026,Long_side_workbench_001/Side_board_hole_134,Long_side_workbench_001,Deep_charcoal,32
2027,Long_side_workbench_001/Side_board_hole_135,Long_side_workbench_001,Deep_charcoal,32
2028,Long_side_workbench_001/Side_board_hole_136,Long_side_workbench_001,Deep_charcoal,32
2029,Long_side_workbench_001/Side_board_hole_137,Long_side_workbench_001,Deep_charcoal,32
2030,Long_side_workbench_001/Side_board_hole_138,Long_side_workbench_001,Deep_charcoal,32
2031,Long_side_workbench_001/Side_board_hole_139,Long_side_workbench_001,Deep_charcoal,32
2032,Long_side_workbench_001/Side_board_hole_140,Long_side_workbench_001,Deep_charcoal,32
2033,Long_side_workbench_001/Side_board_hole_141,Long_side_workbench_001,Deep_charcoal,32
2034,Long_side_workbench_001/Side_board_hole_142,Long_side_workbench_001,Deep_charcoal,32
2035,Long_side_workbench_001/Side_board_hole_143,Long_side_workbench_001,Deep_charcoal,32
2036,Long_side_workbench_001/Side_board_hole_144,Long_side_workbench_001,Deep_charcoal,32
2037,Long_side_workbench_001/Side_board_hole_145,Long_side_workbench_001,Deep_charcoal,32
2038,Long_side_workbench_001/Side_board_hole_146,Long_side_workbench_001,Deep_charcoal,32
2039,Long_side_workbench_001/Side_board_hole_147,Long_side_workbench_001,Deep_charcoal,32
2040,Long_side_workbench_001/Side_board_hole_148,Long_side_workbench_001,Deep_charcoal,32
2041,Long_side_workbench_001/Side_board_hole_149,Long_side_workbench_001,Deep_charcoal,32
2042,Long_side_workbench_001/Side_board_hole_150,Long_side_workbench_001,Deep_charcoal,32
2043,Long_side_workbench_001/Side_board_hole_151,Long_side_workbench_001,Deep_charcoal,32
2044,Long_side_workbench_001/Side_board_hole_152,Long_side_workbench_001,Deep_charcoal,32
2045,Long_side_workbench_001/Side_board_hole_153,Long_side_workbench_001,Deep_charcoal,32
2046,Long_side_workbench_001/Side_board_hole_154,Long_side_workbench_001,Deep_charcoal,32
2047,Long_side_workbench_001/Side_board_hole_155,Long_side_workbench_001,Deep_charcoal,32
2048,Long_side_workbench_001/Side_board_hole_156,Long_side_workbench_001,Deep_charcoal,32
2049,Long_side_workbench_001/Side_board_hole_157,Long_side_workbench_001,Deep_charcoal,32
2050,Long_side_workbench_001/Side_board_hole_158,Long_side_workbench_001,Deep_charcoal,32
2051,Long_side_workbench_001/Side_board_hole_159,Long_side_workbench_001,Deep_charcoal,32
2052,Long_side_workbench_001/Side_board_hole_160,Long_side_workbench_001,Deep_charcoal,32
2053,Long_side_workbench_001/Side_board_hole_161,Long_side_workbench_001,Deep_charcoal,32
2054,Long_side_workbench_001/Side_board_hole_162,Long_side_workbench_001,Deep_charcoal,32
2055,Long_side_workbench_001/Side_board_hole_163,Long_side_workbench_001,Deep_charcoal,32
2056,Long_side_workbench_001/Side_board_hole_164,Long_side_workbench_001,Deep_charcoal,32
2057,Long_side_workbench_001/Side_board_hole_165,Long_side_workbench_001,Deep_charcoal,32
2058,Long_side_workbench_001/Side_board_hole_166,Long_side_workbench_001,Deep_charcoal,32
2059,Long_side_workbench_001/Side_board_hole_167,Long_side_workbench_001,Deep_charcoal,32
2060,Long_side_workbench_001/Side_board_hole_168,Long_side_workbench_001,Deep_charcoal,32
2061,Long_side_workbench_001/Side_board_hole_169,Long_side_workbench_001,Deep_charcoal,32
2062,Long_side_workbench_001/Side_board_hole_170,Long_side_workbench_001,Deep_charcoal,32
2063,Long_side_workbench_001/Side_board_hole_171,Long_side_workbench_001,Deep_charcoal,32
2064,Long_side_workbench_001/Side_board_hole_172,Long_side_workbench_001,Deep_charcoal,32
2065,Long_side_workbench_001/Side_board_hole_173,Long_side_workbench_001,Deep_charcoal,32
2066,Long_side_workbench_001/Side_board_hole_174,Long_side_workbench_001,Deep_charcoal,32
2067,Long_side_workbench_001/Side_board_hole_175,Long_side_workbench_001,Deep_charcoal,32
2068,Long_side_workbench_001/Side_board_hole_176,Long_side_workbench_001,Deep_charcoal,32
2069,Long_side_workbench_001/Side_board_hole_177,Long_side_workbench_001,Deep_charcoal,32
2070,Long_side_workbench_001/Side_board_hole_178,Long_side_workbench_001,Deep_charcoal,32
2071,Long_side_workbench_001/Side_board_hole_179,Long_side_workbench_001,Deep_charcoal,32
2072,Long_side_workbench_001/Side_board_hole_180,Long_side_workbench_001,Deep_charcoal,32
2073,Long_side_workbench_001/Side_board_hole_181,Long_side_workbench_001,Deep_charcoal,32
2074,Long_side_workbench_001/Side_board_hole_182,Long_side_workbench_001,Deep_charcoal,32
2075,Long_side_workbench_001/Side_board_hole_183,Long_side_workbench_001,Deep_charcoal,32
2076,Long_side_workbench_001/Side_board_hole_184,Long_side_workbench_001,Deep_charcoal,32
2077,Long_side_workbench_001/Side_board_hole_185,Long_side_workbench_001,Deep_charcoal,32
2078,Long_side_workbench_001/Side_board_hole_186,Long_side_workbench_001,Deep_charcoal,32
2079,Long_side_workbench_001/Side_board_hole_187,Long_side_workbench_001,Deep_charcoal,32
2080,Long_side_workbench_001/Side_board_hole_188,Long_side_workbench_001,Deep_charcoal,32
2081,Long_side_workbench_001/Side_board_hole_189,Long_side_workbench_001,Deep_charcoal,32
2082,Long_side_workbench_001/Side_board_hole_190,Long_side_workbench_001,Deep_charcoal,32
2083,Long_side_workbench_001/Side_board_hole_191,Long_side_workbench_001,Deep_charcoal,32
2084,Long_side_workbench_001/Side_board_hole_192,Long_side_workbench_001,Deep_charcoal,32
2085,Long_side_workbench_001/Side_board_hole_193,Long_side_workbench_001,Deep_charcoal,32
2086,Long_side_workbench_001/Side_board_hole_194,Long_side_workbench_001,Deep_charcoal,32
2087,Long_side_workbench_001/Side_board_hole_195,Long_side_workbench_001,Deep_charcoal,32
2088,Long_side_workbench_001/Side_board_hole_196,Long_side_workbench_001,Deep_charcoal,32
2089,Long_side_workbench_001/Side_board_hole_197,Long_side_workbench_001,Deep_charcoal,32
2090,Long_side_workbench_001/Side_board_hole_198,Long_side_workbench_001,Deep_charcoal,32
2091,Long_side_workbench_001/Side_board_hole_199,Long_side_workbench_001,Deep_charcoal,32
2092,Long_side_workbench_001/Side_board_hole_200,Long_side_workbench_001,Deep_charcoal,32
2093,Long_side_workbench_001/Side_board_hole_201,Long_side_workbench_001,Deep_charcoal,32
2094,Long_side_workbench_001/Side_board_hole_202,Long_side_workbench_001,Deep_charcoal,32
2095,Long_side_workbench_001/Side_board_hole_203,Long_side_workbench_001,Deep_charcoal,32
2096,Long_side_workbench_001/Side_board_hole_204,Long_side_workbench_001,Deep_charcoal,32
2097,Long_side_workbench_001/Side_board_hole_205,Long_side_workbench_001,Deep_charcoal,32
2098,Long_side_workbench_001/Side_board_hole_206,Long_side_workbench_001,Deep_charcoal,32
2099,Long_side_workbench_001/Side_board_hole_207,Long_side_workbench_001,Deep_charcoal,32
2100,Long_side_workbench_001/Side_board_hole_208,Long_side_workbench_001,Deep_charcoal,32
2101,Long_side_workbench_001/Side_board_hole_209,Long_side_workbench_001,Deep_charcoal,32
2102,Long_side_workbench_001/Side_board_hole_210,Long_side_workbench_001,Deep_charcoal,32
2103,Long_side_workbench_001/Side_board_hole_211,Long_side_workbench_001,Deep_charcoal,32
2104,Long_side_workbench_001/Side_board_hole_212,Long_side_workbench_001,Deep_charcoal,32
2105,Long_side_workbench_001/Side_board_hole_213,Long_side_workbench_001,Deep_charcoal,32
2106,Long_side_workbench_001/Shelf_over_bench_214,Long_side_workbench_001,Aged_black_steel,44
2107,Long_side_workbench_001/Bench_strip_light_215,Long_side_workbench_001,Warm_fixture,44
2108,Side_wall_spanner_001/Forged_shaft_000,Side_wall_spanner_001,Brushed_alloy,44
2109,Side_wall_spanner_001/Ring_spanner_head_001,Side_wall_spanner_001,Brushed_alloy,288
2110,Side_wall_spanner_001/Ring_internal_tooth_002,Side_wall_spanner_001,Brushed_alloy,44
2111,Side_wall_spanner_001/Ring_internal_tooth_003,Side_wall_spanner_001,Brushed_alloy,44
2112,Side_wall_spanner_001/Ring_internal_tooth_004,Side_wall_spanner_001,Brushed_alloy,44
2113,Side_wall_spanner_001/Ring_internal_tooth_005,Side_wall_spanner_001,Brushed_alloy,44
2114,Side_wall_spanner_001/Ring_internal_tooth_006,Side_wall_spanner_001,Brushed_alloy,44
2115,Side_wall_spanner_001/Ring_internal_tooth_007,Side_wall_spanner_001,Brushed_alloy,44
2116,Side_wall_spanner_001/Ring_internal_tooth_008,Side_wall_spanner_001,Brushed_alloy,44
2117,Side_wall_spanner_001/Ring_internal_tooth_009,Side_wall_spanner_001,Brushed_alloy,44
2118,Side_wall_spanner_001/Ring_internal_tooth_010,Side_wall_spanner_001,Brushed_alloy,44
2119,Side_wall_spanner_001/Ring_internal_tooth_011,Side_wall_spanner_001,Brushed_alloy,44
2120,Side_wall_spanner_001/Ring_internal_tooth_012,Side_wall_spanner_001,Brushed_alloy,44
2121,Side_wall_spanner_001/Ring_internal_tooth_013,Side_wall_spanner_001,Brushed_alloy,44
2122,Side_wall_spanner_001/Ring_spanner_head_014,Side_wall_spanner_001,Brushed_alloy,288
2123,Side_wall_spanner_001/Ring_internal_tooth_015,Side_wall_spanner_001,Brushed_alloy,44
2124,Side_wall_spanner_001/Ring_internal_tooth_016,Side_wall_spanner_001,Brushed_alloy,44
2125,Side_wall_spanner_001/Ring_internal_tooth_017,Side_wall_spanner_001,Brushed_alloy,44
2126,Side_wall_spanner_001/Ring_internal_tooth_018,Side_wall_spanner_001,Brushed_alloy,44
2127,Side_wall_spanner_001/Ring_internal_tooth_019,Side_wall_spanner_001,Brushed_alloy,44
2128,Side_wall_spanner_001/Ring_internal_tooth_020,Side_wall_spanner_001,Brushed_alloy,44
2129,Side_wall_spanner_001/Ring_internal_tooth_021,Side_wall_spanner_001,Brushed_alloy,44
2130,Side_wall_spanner_001/Ring_internal_tooth_022,Side_wall_spanner_001,Brushed_alloy,44
2131,Side_wall_spanner_001/Ring_internal_tooth_023,Side_wall_spanner_001,Brushed_alloy,44
2132,Side_wall_spanner_001/Ring_internal_tooth_024,Side_wall_spanner_001,Brushed_alloy,44
2133,Side_wall_spanner_001/Ring_internal_tooth_025,Side_wall_spanner_001,Brushed_alloy,44
2134,Side_wall_spanner_001/Ring_internal_tooth_026,Side_wall_spanner_001,Brushed_alloy,44
2135,Side_wall_spanner_001/Shaft_stamp_027,Side_wall_spanner_001,Aged_black_steel,44
2136,Side_wall_spanner_002/Forged_shaft_000,Side_wall_spanner_002,Brushed_alloy,44
2137,Side_wall_spanner_002/Open_jaw_bridge_001,Side_wall_spanner_002,Brushed_alloy,44
2138,Side_wall_spanner_002/Open_jaw_finger_002,Side_wall_spanner_002,Brushed_alloy,44
2139,Side_wall_spanner_002/Open_jaw_finger_003,Side_wall_spanner_002,Brushed_alloy,44
2140,Side_wall_spanner_002/Box_end_004,Side_wall_spanner_002,Brushed_alloy,288
2141,Side_wall_spanner_003/Forged_shaft_000,Side_wall_spanner_003,Brushed_alloy,44
2142,Side_wall_spanner_003/Open_jaw_bridge_001,Side_wall_spanner_003,Brushed_alloy,44
2143,Side_wall_spanner_003/Open_jaw_finger_002,Side_wall_spanner_003,Brushed_alloy,44
2144,Side_wall_spanner_003/Open_jaw_finger_003,Side_wall_spanner_003,Brushed_alloy,44
2145,Side_wall_spanner_003/Box_end_004,Side_wall_spanner_003,Brushed_alloy,288
2146,Side_wall_spanner_004/Forged_shaft_000,Side_wall_spanner_004,Brushed_alloy,44
2147,Side_wall_spanner_004/Ring_spanner_head_001,Side_wall_spanner_004,Brushed_alloy,288
2148,Side_wall_spanner_004/Ring_internal_tooth_002,Side_wall_spanner_004,Brushed_alloy,44
2149,Side_wall_spanner_004/Ring_internal_tooth_003,Side_wall_spanner_004,Brushed_alloy,44
2150,Side_wall_spanner_004/Ring_internal_tooth_004,Side_wall_spanner_004,Brushed_alloy,44
2151,Side_wall_spanner_004/Ring_internal_tooth_005,Side_wall_spanner_004,Brushed_alloy,44
2152,Side_wall_spanner_004/Ring_internal_tooth_006,Side_wall_spanner_004,Brushed_alloy,44
2153,Side_wall_spanner_004/Ring_internal_tooth_007,Side_wall_spanner_004,Brushed_alloy,44
2154,Side_wall_spanner_004/Ring_internal_tooth_008,Side_wall_spanner_004,Brushed_alloy,44
2155,Side_wall_spanner_004/Ring_internal_tooth_009,Side_wall_spanner_004,Brushed_alloy,44
2156,Side_wall_spanner_004/Ring_internal_tooth_010,Side_wall_spanner_004,Brushed_alloy,44
2157,Side_wall_spanner_004/Ring_internal_tooth_011,Side_wall_spanner_004,Brushed_alloy,44
2158,Side_wall_spanner_004/Ring_internal_tooth_012,Side_wall_spanner_004,Brushed_alloy,44
2159,Side_wall_spanner_004/Ring_internal_tooth_013,Side_wall_spanner_004,Brushed_alloy,44
2160,Side_wall_spanner_004/Ring_spanner_head_014,Side_wall_spanner_004,Brushed_alloy,288
2161,Side_wall_spanner_004/Ring_internal_tooth_015,Side_wall_spanner_004,Brushed_alloy,44
2162,Side_wall_spanner_004/Ring_internal_tooth_016,Side_wall_spanner_004,Brushed_alloy,44
2163,Side_wall_spanner_004/Ring_internal_tooth_017,Side_wall_spanner_004,Brushed_alloy,44
2164,Side_wall_spanner_004/Ring_internal_tooth_018,Side_wall_spanner_004,Brushed_alloy,44
2165,Side_wall_spanner_004/Ring_internal_tooth_019,Side_wall_spanner_004,Brushed_alloy,44
2166,Side_wall_spanner_004/Ring_internal_tooth_020,Side_wall_spanner_004,Brushed_alloy,44
2167,Side_wall_spanner_004/Ring_internal_tooth_021,Side_wall_spanner_004,Brushed_alloy,44
2168,Side_wall_spanner_004/Ring_internal_tooth_022,Side_wall_spanner_004,Brushed_alloy,44
2169,Side_wall_spanner_004/Ring_internal_tooth_023,Side_wall_spanner_004,Brushed_alloy,44
2170,Side_wall_spanner_004/Ring_internal_tooth_024,Side_wall_spanner_004,Brushed_alloy,44
2171,Side_wall_spanner_004/Ring_internal_tooth_025,Side_wall_spanner_004,Brushed_alloy,44
2172,Side_wall_spanner_004/Ring_internal_tooth_026,Side_wall_spanner_004,Brushed_alloy,44
2173,Side_wall_spanner_004/Shaft_stamp_027,Side_wall_spanner_004,Aged_black_steel,44
2174,Side_wall_spanner_005/Forged_shaft_000,Side_wall_spanner_005,Brushed_alloy,44
2175,Side_wall_spanner_005/Open_jaw_bridge_001,Side_wall_spanner_005,Brushed_alloy,44
2176,Side_wall_spanner_005/Open_jaw_finger_002,Side_wall_spanner_005,Brushed_alloy,44
2177,Side_wall_spanner_005/Open_jaw_finger_003,Side_wall_spanner_005,Brushed_alloy,44
2178,Side_wall_spanner_005/Box_end_004,Side_wall_spanner_005,Brushed_alloy,288
2179,Side_wall_spanner_006/Forged_shaft_000,Side_wall_spanner_006,Brushed_alloy,44
2180,Side_wall_spanner_006/Open_jaw_bridge_001,Side_wall_spanner_006,Brushed_alloy,44
2181,Side_wall_spanner_006/Open_jaw_finger_002,Side_wall_spanner_006,Brushed_alloy,44
2182,Side_wall_spanner_006/Open_jaw_finger_003,Side_wall_spanner_006,Brushed_alloy,44
2183,Side_wall_spanner_006/Box_end_004,Side_wall_spanner_006,Brushed_alloy,288
2184,Side_wall_spanner_007/Forged_shaft_000,Side_wall_spanner_007,Brushed_alloy,44
2185,Side_wall_spanner_007/Ring_spanner_head_001,Side_wall_spanner_007,Brushed_alloy,288
2186,Side_wall_spanner_007/Ring_internal_tooth_002,Side_wall_spanner_007,Brushed_alloy,44
2187,Side_wall_spanner_007/Ring_internal_tooth_003,Side_wall_spanner_007,Brushed_alloy,44
2188,Side_wall_spanner_007/Ring_internal_tooth_004,Side_wall_spanner_007,Brushed_alloy,44
2189,Side_wall_spanner_007/Ring_internal_tooth_005,Side_wall_spanner_007,Brushed_alloy,44
2190,Side_wall_spanner_007/Ring_internal_tooth_006,Side_wall_spanner_007,Brushed_alloy,44
2191,Side_wall_spanner_007/Ring_internal_tooth_007,Side_wall_spanner_007,Brushed_alloy,44
2192,Side_wall_spanner_007/Ring_internal_tooth_008,Side_wall_spanner_007,Brushed_alloy,44
2193,Side_wall_spanner_007/Ring_internal_tooth_009,Side_wall_spanner_007,Brushed_alloy,44
2194,Side_wall_spanner_007/Ring_internal_tooth_010,Side_wall_spanner_007,Brushed_alloy,44
2195,Side_wall_spanner_007/Ring_internal_tooth_011,Side_wall_spanner_007,Brushed_alloy,44
2196,Side_wall_spanner_007/Ring_internal_tooth_012,Side_wall_spanner_007,Brushed_alloy,44
2197,Side_wall_spanner_007/Ring_internal_tooth_013,Side_wall_spanner_007,Brushed_alloy,44
2198,Side_wall_spanner_007/Ring_spanner_head_014,Side_wall_spanner_007,Brushed_alloy,288
2199,Side_wall_spanner_007/Ring_internal_tooth_015,Side_wall_spanner_007,Brushed_alloy,44
2200,Side_wall_spanner_007/Ring_internal_tooth_016,Side_wall_spanner_007,Brushed_alloy,44
2201,Side_wall_spanner_007/Ring_internal_tooth_017,Side_wall_spanner_007,Brushed_alloy,44
2202,Side_wall_spanner_007/Ring_internal_tooth_018,Side_wall_spanner_007,Brushed_alloy,44
2203,Side_wall_spanner_007/Ring_internal_tooth_019,Side_wall_spanner_007,Brushed_alloy,44
2204,Side_wall_spanner_007/Ring_internal_tooth_020,Side_wall_spanner_007,Brushed_alloy,44
2205,Side_wall_spanner_007/Ring_internal_tooth_021,Side_wall_spanner_007,Brushed_alloy,44
2206,Side_wall_spanner_007/Ring_internal_tooth_022,Side_wall_spanner_007,Brushed_alloy,44
2207,Side_wall_spanner_007/Ring_internal_tooth_023,Side_wall_spanner_007,Brushed_alloy,44
2208,Side_wall_spanner_007/Ring_internal_tooth_024,Side_wall_spanner_007,Brushed_alloy,44
2209,Side_wall_spanner_007/Ring_internal_tooth_025,Side_wall_spanner_007,Brushed_alloy,44
2210,Side_wall_spanner_007/Ring_internal_tooth_026,Side_wall_spanner_007,Brushed_alloy,44
2211,Side_wall_spanner_007/Shaft_stamp_027,Side_wall_spanner_007,Aged_black_steel,44
2212,Side_wall_spanner_008/Forged_shaft_000,Side_wall_spanner_008,Brushed_alloy,44
2213,Side_wall_spanner_008/Open_jaw_bridge_001,Side_wall_spanner_008,Brushed_alloy,44
2214,Side_wall_spanner_008/Open_jaw_finger_002,Side_wall_spanner_008,Brushed_alloy,44
2215,Side_wall_spanner_008/Open_jaw_finger_003,Side_wall_spanner_008,Brushed_alloy,44
2216,Side_wall_spanner_008/Box_end_004,Side_wall_spanner_008,Brushed_alloy,288
2217,Side_wall_spanner_009/Forged_shaft_000,Side_wall_spanner_009,Brushed_alloy,44
2218,Side_wall_spanner_009/Open_jaw_bridge_001,Side_wall_spanner_009,Brushed_alloy,44
2219,Side_wall_spanner_009/Open_jaw_finger_002,Side_wall_spanner_009,Brushed_alloy,44
2220,Side_wall_spanner_009/Open_jaw_finger_003,Side_wall_spanner_009,Brushed_alloy,44
2221,Side_wall_spanner_009/Box_end_004,Side_wall_spanner_009,Brushed_alloy,288
2222,Side_wall_spanner_010/Forged_shaft_000,Side_wall_spanner_010,Brushed_alloy,44
2223,Side_wall_spanner_010/Ring_spanner_head_001,Side_wall_spanner_010,Brushed_alloy,288
2224,Side_wall_spanner_010/Ring_internal_tooth_002,Side_wall_spanner_010,Brushed_alloy,44
2225,Side_wall_spanner_010/Ring_internal_tooth_003,Side_wall_spanner_010,Brushed_alloy,44
2226,Side_wall_spanner_010/Ring_internal_tooth_004,Side_wall_spanner_010,Brushed_alloy,44
2227,Side_wall_spanner_010/Ring_internal_tooth_005,Side_wall_spanner_010,Brushed_alloy,44
2228,Side_wall_spanner_010/Ring_internal_tooth_006,Side_wall_spanner_010,Brushed_alloy,44
2229,Side_wall_spanner_010/Ring_internal_tooth_007,Side_wall_spanner_010,Brushed_alloy,44
2230,Side_wall_spanner_010/Ring_internal_tooth_008,Side_wall_spanner_010,Brushed_alloy,44
2231,Side_wall_spanner_010/Ring_internal_tooth_009,Side_wall_spanner_010,Brushed_alloy,44
2232,Side_wall_spanner_010/Ring_internal_tooth_010,Side_wall_spanner_010,Brushed_alloy,44
2233,Side_wall_spanner_010/Ring_internal_tooth_011,Side_wall_spanner_010,Brushed_alloy,44
2234,Side_wall_spanner_010/Ring_internal_tooth_012,Side_wall_spanner_010,Brushed_alloy,44
2235,Side_wall_spanner_010/Ring_internal_tooth_013,Side_wall_spanner_010,Brushed_alloy,44
2236,Side_wall_spanner_010/Ring_spanner_head_014,Side_wall_spanner_010,Brushed_alloy,288
2237,Side_wall_spanner_010/Ring_internal_tooth_015,Side_wall_spanner_010,Brushed_alloy,44
2238,Side_wall_spanner_010/Ring_internal_tooth_016,Side_wall_spanner_010,Brushed_alloy,44
2239,Side_wall_spanner_010/Ring_internal_tooth_017,Side_wall_spanner_010,Brushed_alloy,44
2240,Side_wall_spanner_010/Ring_internal_tooth_018,Side_wall_spanner_010,Brushed_alloy,44
2241,Side_wall_spanner_010/Ring_internal_tooth_019,Side_wall_spanner_010,Brushed_alloy,44
2242,Side_wall_spanner_010/Ring_internal_tooth_020,Side_wall_spanner_010,Brushed_alloy,44
2243,Side_wall_spanner_010/Ring_internal_tooth_021,Side_wall_spanner_010,Brushed_alloy,44
2244,Side_wall_spanner_010/Ring_internal_tooth_022,Side_wall_spanner_010,Brushed_alloy,44
2245,Side_wall_spanner_010/Ring_internal_tooth_023,Side_wall_spanner_010,Brushed_alloy,44
2246,Side_wall_spanner_010/Ring_internal_tooth_024,Side_wall_spanner_010,Brushed_alloy,44
2247,Side_wall_spanner_010/Ring_internal_tooth_025,Side_wall_spanner_010,Brushed_alloy,44
2248,Side_wall_spanner_010/Ring_internal_tooth_026,Side_wall_spanner_010,Brushed_alloy,44
2249,Side_wall_spanner_010/Shaft_stamp_027,Side_wall_spanner_010,Aged_black_steel,44
2250,Side_wall_spanner_011/Forged_shaft_000,Side_wall_spanner_011,Brushed_alloy,44
2251,Side_wall_spanner_011/Open_jaw_bridge_001,Side_wall_spanner_011,Brushed_alloy,44
2252,Side_wall_spanner_011/Open_jaw_finger_002,Side_wall_spanner_011,Brushed_alloy,44
2253,Side_wall_spanner_011/Open_jaw_finger_003,Side_wall_spanner_011,Brushed_alloy,44
2254,Side_wall_spanner_011/Box_end_004,Side_wall_spanner_011,Brushed_alloy,288
2255,Side_wall_spanner_012/Forged_shaft_000,Side_wall_spanner_012,Brushed_alloy,44
2256,Side_wall_spanner_012/Open_jaw_bridge_001,Side_wall_spanner_012,Brushed_alloy,44
2257,Side_wall_spanner_012/Open_jaw_finger_002,Side_wall_spanner_012,Brushed_alloy,44
2258,Side_wall_spanner_012/Open_jaw_finger_003,Side_wall_spanner_012,Brushed_alloy,44
2259,Side_wall_spanner_012/Box_end_004,Side_wall_spanner_012,Brushed_alloy,288
2260,Side_wall_spanner_013/Forged_shaft_000,Side_wall_spanner_013,Brushed_alloy,44
2261,Side_wall_spanner_013/Ring_spanner_head_001,Side_wall_spanner_013,Brushed_alloy,288
2262,Side_wall_spanner_013/Ring_internal_tooth_002,Side_wall_spanner_013,Brushed_alloy,44
2263,Side_wall_spanner_013/Ring_internal_tooth_003,Side_wall_spanner_013,Brushed_alloy,44
2264,Side_wall_spanner_013/Ring_internal_tooth_004,Side_wall_spanner_013,Brushed_alloy,44
2265,Side_wall_spanner_013/Ring_internal_tooth_005,Side_wall_spanner_013,Brushed_alloy,44
2266,Side_wall_spanner_013/Ring_internal_tooth_006,Side_wall_spanner_013,Brushed_alloy,44
2267,Side_wall_spanner_013/Ring_internal_tooth_007,Side_wall_spanner_013,Brushed_alloy,44
2268,Side_wall_spanner_013/Ring_internal_tooth_008,Side_wall_spanner_013,Brushed_alloy,44
2269,Side_wall_spanner_013/Ring_internal_tooth_009,Side_wall_spanner_013,Brushed_alloy,44
2270,Side_wall_spanner_013/Ring_internal_tooth_010,Side_wall_spanner_013,Brushed_alloy,44
2271,Side_wall_spanner_013/Ring_internal_tooth_011,Side_wall_spanner_013,Brushed_alloy,44
2272,Side_wall_spanner_013/Ring_internal_tooth_012,Side_wall_spanner_013,Brushed_alloy,44
2273,Side_wall_spanner_013/Ring_internal_tooth_013,Side_wall_spanner_013,Brushed_alloy,44
2274,Side_wall_spanner_013/Ring_spanner_head_014,Side_wall_spanner_013,Brushed_alloy,288
2275,Side_wall_spanner_013/Ring_internal_tooth_015,Side_wall_spanner_013,Brushed_alloy,44
2276,Side_wall_spanner_013/Ring_internal_tooth_016,Side_wall_spanner_013,Brushed_alloy,44
2277,Side_wall_spanner_013/Ring_internal_tooth_017,Side_wall_spanner_013,Brushed_alloy,44
2278,Side_wall_spanner_013/Ring_internal_tooth_018,Side_wall_spanner_013,Brushed_alloy,44
2279,Side_wall_spanner_013/Ring_internal_tooth_019,Side_wall_spanner_013,Brushed_alloy,44
2280,Side_wall_spanner_013/Ring_internal_tooth_020,Side_wall_spanner_013,Brushed_alloy,44
2281,Side_wall_spanner_013/Ring_internal_tooth_021,Side_wall_spanner_013,Brushed_alloy,44
2282,Side_wall_spanner_013/Ring_internal_tooth_022,Side_wall_spanner_013,Brushed_alloy,44
2283,Side_wall_spanner_013/Ring_internal_tooth_023,Side_wall_spanner_013,Brushed_alloy,44
2284,Side_wall_spanner_013/Ring_internal_tooth_024,Side_wall_spanner_013,Brushed_alloy,44
2285,Side_wall_spanner_013/Ring_internal_tooth_025,Side_wall_spanner_013,Brushed_alloy,44
2286,Side_wall_spanner_013/Ring_internal_tooth_026,Side_wall_spanner_013,Brushed_alloy,44
2287,Side_wall_spanner_013/Shaft_stamp_027,Side_wall_spanner_013,Aged_black_steel,44
2288,Side_wall_spanner_014/Forged_shaft_000,Side_wall_spanner_014,Brushed_alloy,44
2289,Side_wall_spanner_014/Open_jaw_bridge_001,Side_wall_spanner_014,Brushed_alloy,44
2290,Side_wall_spanner_014/Open_jaw_finger_002,Side_wall_spanner_014,Brushed_alloy,44
2291,Side_wall_spanner_014/Open_jaw_finger_003,Side_wall_spanner_014,Brushed_alloy,44
2292,Side_wall_spanner_014/Box_end_004,Side_wall_spanner_014,Brushed_alloy,288
2293,Side_wall_driver_001/Screwdriver_grip_000,Side_wall_driver_001,Worn_crimson_paint,80
2294,Side_wall_driver_001/Grip_flute_001,Side_wall_driver_001,Tyre_rubber,44
2295,Side_wall_driver_001/Grip_flute_002,Side_wall_driver_001,Tyre_rubber,44
2296,Side_wall_driver_001/Grip_flute_003,Side_wall_driver_001,Tyre_rubber,44
2297,Side_wall_driver_001/Grip_flute_004,Side_wall_driver_001,Tyre_rubber,44
2298,Side_wall_driver_001/Grip_flute_005,Side_wall_driver_001,Tyre_rubber,44
2299,Side_wall_driver_001/Grip_flute_006,Side_wall_driver_001,Tyre_rubber,44
2300,Side_wall_driver_001/Screwdriver_shank_007,Side_wall_driver_001,Brushed_alloy,48
2301,Side_wall_driver_001/Driver_tip_008,Side_wall_driver_001,Brushed_alloy,44
2302,Side_wall_driver_001/Grip_collar_009,Side_wall_driver_001,Brushed_alloy,192
2303,Side_wall_driver_002/Screwdriver_grip_000,Side_wall_driver_002,Hand_tool_orange,80
2304,Side_wall_driver_002/Grip_flute_001,Side_wall_driver_002,Tyre_rubber,44
2305,Side_wall_driver_002/Grip_flute_002,Side_wall_driver_002,Tyre_rubber,44
2306,Side_wall_driver_002/Grip_flute_003,Side_wall_driver_002,Tyre_rubber,44
2307,Side_wall_driver_002/Grip_flute_004,Side_wall_driver_002,Tyre_rubber,44
2308,Side_wall_driver_002/Grip_flute_005,Side_wall_driver_002,Tyre_rubber,44
2309,Side_wall_driver_002/Grip_flute_006,Side_wall_driver_002,Tyre_rubber,44
2310,Side_wall_driver_002/Screwdriver_shank_007,Side_wall_driver_002,Brushed_alloy,48
2311,Side_wall_driver_002/Driver_tip_008,Side_wall_driver_002,Brushed_alloy,44
2312,Side_wall_driver_002/Grip_collar_009,Side_wall_driver_002,Brushed_alloy,192
2313,Side_wall_driver_003/Screwdriver_grip_000,Side_wall_driver_003,Worn_crimson_paint,80
2314,Side_wall_driver_003/Grip_flute_001,Side_wall_driver_003,Tyre_rubber,44
2315,Side_wall_driver_003/Grip_flute_002,Side_wall_driver_003,Tyre_rubber,44
2316,Side_wall_driver_003/Grip_flute_003,Side_wall_driver_003,Tyre_rubber,44
2317,Side_wall_driver_003/Grip_flute_004,Side_wall_driver_003,Tyre_rubber,44
2318,Side_wall_driver_003/Grip_flute_005,Side_wall_driver_003,Tyre_rubber,44
2319,Side_wall_driver_003/Grip_flute_006,Side_wall_driver_003,Tyre_rubber,44
2320,Side_wall_driver_003/Screwdriver_shank_007,Side_wall_driver_003,Brushed_alloy,48
2321,Side_wall_driver_003/Driver_tip_008,Side_wall_driver_003,Brushed_alloy,44
2322,Side_wall_driver_003/Grip_collar_009,Side_wall_driver_003,Brushed_alloy,192
2323,Side_wall_driver_004/Screwdriver_grip_000,Side_wall_driver_004,Hand_tool_orange,80
2324,Side_wall_driver_004/Grip_flute_001,Side_wall_driver_004,Tyre_rubber,44
2325,Side_wall_driver_004/Grip_flute_002,Side_wall_driver_004,Tyre_rubber,44
2326,Side_wall_driver_004/Grip_flute_003,Side_wall_driver_004,Tyre_rubber,44
2327,Side_wall_driver_004/Grip_flute_004,Side_wall_driver_004,Tyre_rubber,44
2328,Side_wall_driver_004/Grip_flute_005,Side_wall_driver_004,Tyre_rubber,44
2329,Side_wall_driver_004/Grip_flute_006,Side_wall_driver_004,Tyre_rubber,44
2330,Side_wall_driver_004/Screwdriver_shank_007,Side_wall_driver_004,Brushed_alloy,48
2331,Side_wall_driver_004/Driver_tip_008,Side_wall_driver_004,Brushed_alloy,44
2332,Side_wall_driver_004/Grip_collar_009,Side_wall_driver_004,Brushed_alloy,192
2333,Side_wall_driver_005/Screwdriver_grip_000,Side_wall_driver_005,Worn_crimson_paint,80
2334,Side_wall_driver_005/Grip_flute_001,Side_wall_driver_005,Tyre_rubber,44
2335,Side_wall_driver_005/Grip_flute_002,Side_wall_driver_005,Tyre_rubber,44
2336,Side_wall_driver_005/Grip_flute_003,Side_wall_driver_005,Tyre_rubber,44
2337,Side_wall_driver_005/Grip_flute_004,Side_wall_driver_005,Tyre_rubber,44
2338,Side_wall_driver_005/Grip_flute_005,Side_wall_driver_005,Tyre_rubber,44
2339,Side_wall_driver_005/Grip_flute_006,Side_wall_driver_005,Tyre_rubber,44
2340,Side_wall_driver_005/Screwdriver_shank_007,Side_wall_driver_005,Brushed_alloy,48
2341,Side_wall_driver_005/Driver_tip_008,Side_wall_driver_005,Brushed_alloy,44
2342,Side_wall_driver_005/Grip_collar_009,Side_wall_driver_005,Brushed_alloy,192
2343,Side_wall_driver_006/Screwdriver_grip_000,Side_wall_driver_006,Hand_tool_orange,80
2344,Side_wall_driver_006/Grip_flute_001,Side_wall_driver_006,Tyre_rubber,44
2345,Side_wall_driver_006/Grip_flute_002,Side_wall_driver_006,Tyre_rubber,44
2346,Side_wall_driver_006/Grip_flute_003,Side_wall_driver_006,Tyre_rubber,44
2347,Side_wall_driver_006/Grip_flute_004,Side_wall_driver_006,Tyre_rubber,44
2348,Side_wall_driver_006/Grip_flute_005,Side_wall_driver_006,Tyre_rubber,44
2349,Side_wall_driver_006/Grip_flute_006,Side_wall_driver_006,Tyre_rubber,44
2350,Side_wall_driver_006/Screwdriver_shank_007,Side_wall_driver_006,Brushed_alloy,48
2351,Side_wall_driver_006/Driver_tip_008,Side_wall_driver_006,Brushed_alloy,44
2352,Side_wall_driver_006/Grip_collar_009,Side_wall_driver_006,Brushed_alloy,192
2353,Side_wall_driver_007/Screwdriver_grip_000,Side_wall_driver_007,Worn_crimson_paint,80
2354,Side_wall_driver_007/Grip_flute_001,Side_wall_driver_007,Tyre_rubber,44
2355,Side_wall_driver_007/Grip_flute_002,Side_wall_driver_007,Tyre_rubber,44
2356,Side_wall_driver_007/Grip_flute_003,Side_wall_driver_007,Tyre_rubber,44
2357,Side_wall_driver_007/Grip_flute_004,Side_wall_driver_007,Tyre_rubber,44
2358,Side_wall_driver_007/Grip_flute_005,Side_wall_driver_007,Tyre_rubber,44
2359,Side_wall_driver_007/Grip_flute_006,Side_wall_driver_007,Tyre_rubber,44
2360,Side_wall_driver_007/Screwdriver_shank_007,Side_wall_driver_007,Brushed_alloy,48
2361,Side_wall_driver_007/Driver_tip_008,Side_wall_driver_007,Brushed_alloy,44
2362,Side_wall_driver_007/Grip_collar_009,Side_wall_driver_007,Brushed_alloy,192
2363,Side_wall_driver_008/Screwdriver_grip_000,Side_wall_driver_008,Hand_tool_orange,80
2364,Side_wall_driver_008/Grip_flute_001,Side_wall_driver_008,Tyre_rubber,44
2365,Side_wall_driver_008/Grip_flute_002,Side_wall_driver_008,Tyre_rubber,44
2366,Side_wall_driver_008/Grip_flute_003,Side_wall_driver_008,Tyre_rubber,44
2367,Side_wall_driver_008/Grip_flute_004,Side_wall_driver_008,Tyre_rubber,44
2368,Side_wall_driver_008/Grip_flute_005,Side_wall_driver_008,Tyre_rubber,44
2369,Side_wall_driver_008/Grip_flute_006,Side_wall_driver_008,Tyre_rubber,44
2370,Side_wall_driver_008/Screwdriver_shank_007,Side_wall_driver_008,Brushed_alloy,48
2371,Side_wall_driver_008/Driver_tip_008,Side_wall_driver_008,Brushed_alloy,44
2372,Side_wall_driver_008/Grip_collar_009,Side_wall_driver_008,Brushed_alloy,192
2373,Wall_mounted_wheel_display_001/Wheel_display_upright_000,Wall_mounted_wheel_display_001,Aged_black_steel,44
2374,Wall_mounted_wheel_display_001/Wheel_display_upright_001,Wall_mounted_wheel_display_001,Aged_black_steel,44
2375,Wall_mounted_wheel_display_001/Wheel_display_tray_002,Wall_mounted_wheel_display_001,Aged_black_steel,44
2376,Wall_mounted_wheel_display_001/Display_top_rail_003,Wall_mounted_wheel_display_001,Aged_black_steel,44
2377,Wall_mounted_wheel_display_001/Stored_alloy_wheel_001/Tyre_carcass_205_55_R16_000_004,Wall_mounted_wheel_display_001,Tyre_rubber,3072
2378,Wall_mounted_wheel_display_001/Stored_alloy_wheel_001/Tread_block_001_005,Wall_mounted_wheel_display_001,Tyre_rubber,28
2379,Wall_mounted_wheel_display_001/Stored_alloy_wheel_001/Tread_block_002_006,Wall_mounted_wheel_display_001,Tyre_rubber,28
2380,Wall_mounted_wheel_display_001/Stored_alloy_wheel_001/Tread_block_003_007,Wall_mounted_wheel_display_001,Tyre_rubber,28
2381,Wall_mounted_wheel_display_001/Stored_alloy_wheel_001/Tread_block_004_008,Wall_mounted_wheel_display_001,Tyre_rubber,28
2382,Wall_mounted_wheel_display_001/Stored_alloy_wheel_001/Tread_block_005_009,Wall_mounted_wheel_display_001,Tyre_rubber,28
2383,Wall_mounted_wheel_display_001/Stored_alloy_wheel_001/Tread_block_006_010,Wall_mounted_wheel_display_001,Tyre_rubber,28
2384,Wall_mounted_wheel_display_001/Stored_alloy_wheel_001/Tread_block_007_011,Wall_mounted_wheel_display_001,Tyre_rubber,28
2385,Wall_mounted_wheel_display_001/Stored_alloy_wheel_001/Tread_block_008_012,Wall_mounted_wheel_display_001,Tyre_rubber,28
2386,Wall_mounted_wheel_display_001/Stored_alloy_wheel_001/Tread_block_009_013,Wall_mounted_wheel_display_001,Tyre_rubber,28
2387,Wall_mounted_wheel_display_001/Stored_alloy_wheel_001/Tread_block_010_014,Wall_mounted_wheel_display_001,Tyre_rubber,28
2388,Wall_mounted_wheel_display_001/Stored_alloy_wheel_001/Tread_block_011_015,Wall_mounted_wheel_display_001,Tyre_rubber,28
2389,Wall_mounted_wheel_display_001/Stored_alloy_wheel_001/Tread_block_012_016,Wall_mounted_wheel_display_001,Tyre_rubber,28
2390,Wall_mounted_wheel_display_001/Stored_alloy_wheel_001/Tread_block_013_017,Wall_mounted_wheel_display_001,Tyre_rubber,28
2391,Wall_mounted_wheel_display_001/Stored_alloy_wheel_001/Tread_block_014_018,Wall_mounted_wheel_display_001,Tyre_rubber,28
2392,Wall_mounted_wheel_display_001/Stored_alloy_wheel_001/Tread_block_015_019,Wall_mounted_wheel_display_001,Tyre_rubber,28
2393,Wall_mounted_wheel_display_001/Stored_alloy_wheel_001/Tread_block_016_020,Wall_mounted_wheel_display_001,Tyre_rubber,28
2394,Wall_mounted_wheel_display_001/Stored_alloy_wheel_001/Tread_block_017_021,Wall_mounted_wheel_display_001,Tyre_rubber,28
2395,Wall_mounted_wheel_display_001/Stored_alloy_wheel_001/Tread_block_018_022,Wall_mounted_wheel_display_001,Tyre_rubber,28
2396,Wall_mounted_wheel_display_001/Stored_alloy_wheel_001/Tread_block_019_023,Wall_mounted_wheel_display_001,Tyre_rubber,28
2397,Wall_mounted_wheel_display_001/Stored_alloy_wheel_001/Tread_block_020_024,Wall_mounted_wheel_display_001,Tyre_rubber,28
2398,Wall_mounted_wheel_display_001/Stored_alloy_wheel_001/Tread_block_021_025,Wall_mounted_wheel_display_001,Tyre_rubber,28
2399,Wall_mounted_wheel_display_001/Stored_alloy_wheel_001/Tread_block_022_026,Wall_mounted_wheel_display_001,Tyre_rubber,28
2400,Wall_mounted_wheel_display_001/Stored_alloy_wheel_001/Tread_block_023_027,Wall_mounted_wheel_display_001,Tyre_rubber,28
2401,Wall_mounted_wheel_display_001/Stored_alloy_wheel_001/Tread_block_024_028,Wall_mounted_wheel_display_001,Tyre_rubber,28
2402,Wall_mounted_wheel_display_001/Stored_alloy_wheel_001/Tread_block_025_029,Wall_mounted_wheel_display_001,Tyre_rubber,28
2403,Wall_mounted_wheel_display_001/Stored_alloy_wheel_001/Tread_block_026_030,Wall_mounted_wheel_display_001,Tyre_rubber,28
2404,Wall_mounted_wheel_display_001/Stored_alloy_wheel_001/Tread_block_027_031,Wall_mounted_wheel_display_001,Tyre_rubber,28
2405,Wall_mounted_wheel_display_001/Stored_alloy_wheel_001/Tread_block_028_032,Wall_mounted_wheel_display_001,Tyre_rubber,28
2406,Wall_mounted_wheel_display_001/Stored_alloy_wheel_001/Tread_block_029_033,Wall_mounted_wheel_display_001,Tyre_rubber,28
2407,Wall_mounted_wheel_display_001/Stored_alloy_wheel_001/Tread_block_030_034,Wall_mounted_wheel_display_001,Tyre_rubber,28
2408,Wall_mounted_wheel_display_001/Stored_alloy_wheel_001/Tread_block_031_035,Wall_mounted_wheel_display_001,Tyre_rubber,28
2409,Wall_mounted_wheel_display_001/Stored_alloy_wheel_001/Tread_block_032_036,Wall_mounted_wheel_display_001,Tyre_rubber,28
2410,Wall_mounted_wheel_display_001/Stored_alloy_wheel_001/Tread_block_033_037,Wall_mounted_wheel_display_001,Tyre_rubber,28
2411,Wall_mounted_wheel_display_001/Stored_alloy_wheel_001/Tread_block_034_038,Wall_mounted_wheel_display_001,Tyre_rubber,28
2412,Wall_mounted_wheel_display_001/Stored_alloy_wheel_001/Tread_block_035_039,Wall_mounted_wheel_display_001,Tyre_rubber,28
2413,Wall_mounted_wheel_display_001/Stored_alloy_wheel_001/Tread_block_036_040,Wall_mounted_wheel_display_001,Tyre_rubber,28
2414,Wall_mounted_wheel_display_001/Stored_alloy_wheel_001/Tread_block_037_041,Wall_mounted_wheel_display_001,Tyre_rubber,28
2415,Wall_mounted_wheel_display_001/Stored_alloy_wheel_001/Tread_block_038_042,Wall_mounted_wheel_display_001,Tyre_rubber,28
2416,Wall_mounted_wheel_display_001/Stored_alloy_wheel_001/Tread_block_039_043,Wall_mounted_wheel_display_001,Tyre_rubber,28
2417,Wall_mounted_wheel_display_001/Stored_alloy_wheel_001/Tread_block_040_044,Wall_mounted_wheel_display_001,Tyre_rubber,28
2418,Wall_mounted_wheel_display_001/Stored_alloy_wheel_001/Tread_block_041_045,Wall_mounted_wheel_display_001,Tyre_rubber,28
2419,Wall_mounted_wheel_display_001/Stored_alloy_wheel_001/Tread_block_042_046,Wall_mounted_wheel_display_001,Tyre_rubber,28
2420,Wall_mounted_wheel_display_001/Stored_alloy_wheel_001/Tread_block_043_047,Wall_mounted_wheel_display_001,Tyre_rubber,28
2421,Wall_mounted_wheel_display_001/Stored_alloy_wheel_001/Tread_block_044_048,Wall_mounted_wheel_display_001,Tyre_rubber,28
2422,Wall_mounted_wheel_display_001/Stored_alloy_wheel_001/Tread_block_045_049,Wall_mounted_wheel_display_001,Tyre_rubber,28
2423,Wall_mounted_wheel_display_001/Stored_alloy_wheel_001/Tread_block_046_050,Wall_mounted_wheel_display_001,Tyre_rubber,28
2424,Wall_mounted_wheel_display_001/Stored_alloy_wheel_001/Tread_block_047_051,Wall_mounted_wheel_display_001,Tyre_rubber,28
2425,Wall_mounted_wheel_display_001/Stored_alloy_wheel_001/Tread_block_048_052,Wall_mounted_wheel_display_001,Tyre_rubber,28
2426,Wall_mounted_wheel_display_001/Stored_alloy_wheel_001/Tread_block_049_053,Wall_mounted_wheel_display_001,Tyre_rubber,28
2427,Wall_mounted_wheel_display_001/Stored_alloy_wheel_001/Tread_block_050_054,Wall_mounted_wheel_display_001,Tyre_rubber,28
2428,Wall_mounted_wheel_display_001/Stored_alloy_wheel_001/Tread_block_051_055,Wall_mounted_wheel_display_001,Tyre_rubber,28
2429,Wall_mounted_wheel_display_001/Stored_alloy_wheel_001/Tread_block_052_056,Wall_mounted_wheel_display_001,Tyre_rubber,28
2430,Wall_mounted_wheel_display_001/Stored_alloy_wheel_001/Tread_block_053_057,Wall_mounted_wheel_display_001,Tyre_rubber,28
2431,Wall_mounted_wheel_display_001/Stored_alloy_wheel_001/Tread_block_054_058,Wall_mounted_wheel_display_001,Tyre_rubber,28
2432,Wall_mounted_wheel_display_001/Stored_alloy_wheel_001/Tread_block_055_059,Wall_mounted_wheel_display_001,Tyre_rubber,28
2433,Wall_mounted_wheel_display_001/Stored_alloy_wheel_001/Tread_block_056_060,Wall_mounted_wheel_display_001,Tyre_rubber,28
2434,Wall_mounted_wheel_display_001/Stored_alloy_wheel_001/Tread_block_057_061,Wall_mounted_wheel_display_001,Tyre_rubber,28
2435,Wall_mounted_wheel_display_001/Stored_alloy_wheel_001/Tread_block_058_062,Wall_mounted_wheel_display_001,Tyre_rubber,28
2436,Wall_mounted_wheel_display_001/Stored_alloy_wheel_001/Tread_block_059_063,Wall_mounted_wheel_display_001,Tyre_rubber,28
2437,Wall_mounted_wheel_display_001/Stored_alloy_wheel_001/Tread_block_060_064,Wall_mounted_wheel_display_001,Tyre_rubber,28
2438,Wall_mounted_wheel_display_001/Stored_alloy_wheel_001/Tread_block_061_065,Wall_mounted_wheel_display_001,Tyre_rubber,28
2439,Wall_mounted_wheel_display_001/Stored_alloy_wheel_001/Tread_block_062_066,Wall_mounted_wheel_display_001,Tyre_rubber,28
2440,Wall_mounted_wheel_display_001/Stored_alloy_wheel_001/Tread_block_063_067,Wall_mounted_wheel_display_001,Tyre_rubber,28
2441,Wall_mounted_wheel_display_001/Stored_alloy_wheel_001/Tread_block_064_068,Wall_mounted_wheel_display_001,Tyre_rubber,28
2442,Wall_mounted_wheel_display_001/Stored_alloy_wheel_001/Tread_block_065_069,Wall_mounted_wheel_display_001,Tyre_rubber,28
2443,Wall_mounted_wheel_display_001/Stored_alloy_wheel_001/Tread_block_066_070,Wall_mounted_wheel_display_001,Tyre_rubber,28
2444,Wall_mounted_wheel_display_001/Stored_alloy_wheel_001/Tread_block_067_071,Wall_mounted_wheel_display_001,Tyre_rubber,28
2445,Wall_mounted_wheel_display_001/Stored_alloy_wheel_001/Tread_block_068_072,Wall_mounted_wheel_display_001,Tyre_rubber,28
2446,Wall_mounted_wheel_display_001/Stored_alloy_wheel_001/Tread_block_069_073,Wall_mounted_wheel_display_001,Tyre_rubber,28
2447,Wall_mounted_wheel_display_001/Stored_alloy_wheel_001/Tread_block_070_074,Wall_mounted_wheel_display_001,Tyre_rubber,28
2448,Wall_mounted_wheel_display_001/Stored_alloy_wheel_001/Tread_block_071_075,Wall_mounted_wheel_display_001,Tyre_rubber,28
2449,Wall_mounted_wheel_display_001/Stored_alloy_wheel_001/Tread_block_072_076,Wall_mounted_wheel_display_001,Tyre_rubber,28
2450,Wall_mounted_wheel_display_001/Stored_alloy_wheel_001/Tread_block_073_077,Wall_mounted_wheel_display_001,Tyre_rubber,28
2451,Wall_mounted_wheel_display_001/Stored_alloy_wheel_001/Tread_block_074_078,Wall_mounted_wheel_display_001,Tyre_rubber,28
2452,Wall_mounted_wheel_display_001/Stored_alloy_wheel_001/Tread_block_075_079,Wall_mounted_wheel_display_001,Tyre_rubber,28
2453,Wall_mounted_wheel_display_001/Stored_alloy_wheel_001/Tread_block_076_080,Wall_mounted_wheel_display_001,Tyre_rubber,28
2454,Wall_mounted_wheel_display_001/Stored_alloy_wheel_001/Tread_block_077_081,Wall_mounted_wheel_display_001,Tyre_rubber,28
2455,Wall_mounted_wheel_display_001/Stored_alloy_wheel_001/Tread_block_078_082,Wall_mounted_wheel_display_001,Tyre_rubber,28
2456,Wall_mounted_wheel_display_001/Stored_alloy_wheel_001/Tread_block_079_083,Wall_mounted_wheel_display_001,Tyre_rubber,28
2457,Wall_mounted_wheel_display_001/Stored_alloy_wheel_001/Tread_block_080_084,Wall_mounted_wheel_display_001,Tyre_rubber,28
2458,Wall_mounted_wheel_display_001/Stored_alloy_wheel_001/Tread_block_081_085,Wall_mounted_wheel_display_001,Tyre_rubber,28
2459,Wall_mounted_wheel_display_001/Stored_alloy_wheel_001/Tread_block_082_086,Wall_mounted_wheel_display_001,Tyre_rubber,28
2460,Wall_mounted_wheel_display_001/Stored_alloy_wheel_001/Tread_block_083_087,Wall_mounted_wheel_display_001,Tyre_rubber,28
2461,Wall_mounted_wheel_display_001/Stored_alloy_wheel_001/Tread_block_084_088,Wall_mounted_wheel_display_001,Tyre_rubber,28
2462,Wall_mounted_wheel_display_001/Stored_alloy_wheel_001/Tread_block_085_089,Wall_mounted_wheel_display_001,Tyre_rubber,28
2463,Wall_mounted_wheel_display_001/Stored_alloy_wheel_001/Tread_block_086_090,Wall_mounted_wheel_display_001,Tyre_rubber,28
2464,Wall_mounted_wheel_display_001/Stored_alloy_wheel_001/Tread_block_087_091,Wall_mounted_wheel_display_001,Tyre_rubber,28
2465,Wall_mounted_wheel_display_001/Stored_alloy_wheel_001/Tread_block_088_092,Wall_mounted_wheel_display_001,Tyre_rubber,28
2466,Wall_mounted_wheel_display_001/Stored_alloy_wheel_001/Tread_block_089_093,Wall_mounted_wheel_display_001,Tyre_rubber,28
2467,Wall_mounted_wheel_display_001/Stored_alloy_wheel_001/Tread_block_090_094,Wall_mounted_wheel_display_001,Tyre_rubber,28
2468,Wall_mounted_wheel_display_001/Stored_alloy_wheel_001/Tread_block_091_095,Wall_mounted_wheel_display_001,Tyre_rubber,28
2469,Wall_mounted_wheel_display_001/Stored_alloy_wheel_001/Tread_block_092_096,Wall_mounted_wheel_display_001,Tyre_rubber,28
2470,Wall_mounted_wheel_display_001/Stored_alloy_wheel_001/Tread_block_093_097,Wall_mounted_wheel_display_001,Tyre_rubber,28
2471,Wall_mounted_wheel_display_001/Stored_alloy_wheel_001/Tread_block_094_098,Wall_mounted_wheel_display_001,Tyre_rubber,28
2472,Wall_mounted_wheel_display_001/Stored_alloy_wheel_001/Tread_block_095_099,Wall_mounted_wheel_display_001,Tyre_rubber,28
2473,Wall_mounted_wheel_display_001/Stored_alloy_wheel_001/Tread_block_096_100,Wall_mounted_wheel_display_001,Tyre_rubber,28
2474,Wall_mounted_wheel_display_001/Stored_alloy_wheel_001/Tread_block_097_101,Wall_mounted_wheel_display_001,Tyre_rubber,28
2475,Wall_mounted_wheel_display_001/Stored_alloy_wheel_001/Tread_block_098_102,Wall_mounted_wheel_display_001,Tyre_rubber,28
2476,Wall_mounted_wheel_display_001/Stored_alloy_wheel_001/Tread_block_099_103,Wall_mounted_wheel_display_001,Tyre_rubber,28
2477,Wall_mounted_wheel_display_001/Stored_alloy_wheel_001/Tread_block_100_104,Wall_mounted_wheel_display_001,Tyre_rubber,28
2478,Wall_mounted_wheel_display_001/Stored_alloy_wheel_001/Tread_block_101_105,Wall_mounted_wheel_display_001,Tyre_rubber,28
2479,Wall_mounted_wheel_display_001/Stored_alloy_wheel_001/Tread_block_102_106,Wall_mounted_wheel_display_001,Tyre_rubber,28
2480,Wall_mounted_wheel_display_001/Stored_alloy_wheel_001/Tread_block_103_107,Wall_mounted_wheel_display_001,Tyre_rubber,28
2481,Wall_mounted_wheel_display_001/Stored_alloy_wheel_001/Tread_block_104_108,Wall_mounted_wheel_display_001,Tyre_rubber,28
2482,Wall_mounted_wheel_display_001/Stored_alloy_wheel_001/Tread_block_105_109,Wall_mounted_wheel_display_001,Tyre_rubber,28
2483,Wall_mounted_wheel_display_001/Stored_alloy_wheel_001/Tread_block_106_110,Wall_mounted_wheel_display_001,Tyre_rubber,28
2484,Wall_mounted_wheel_display_001/Stored_alloy_wheel_001/Tread_block_107_111,Wall_mounted_wheel_display_001,Tyre_rubber,28
2485,Wall_mounted_wheel_display_001/Stored_alloy_wheel_001/Tread_block_108_112,Wall_mounted_wheel_display_001,Tyre_rubber,28
2486,Wall_mounted_wheel_display_001/Stored_alloy_wheel_001/Tread_block_109_113,Wall_mounted_wheel_display_001,Tyre_rubber,28
2487,Wall_mounted_wheel_display_001/Stored_alloy_wheel_001/Tread_block_110_114,Wall_mounted_wheel_display_001,Tyre_rubber,28
2488,Wall_mounted_wheel_display_001/Stored_alloy_wheel_001/Tread_block_111_115,Wall_mounted_wheel_display_001,Tyre_rubber,28
2489,Wall_mounted_wheel_display_001/Stored_alloy_wheel_001/Tread_block_112_116,Wall_mounted_wheel_display_001,Tyre_rubber,28
2490,Wall_mounted_wheel_display_001/Stored_alloy_wheel_001/Tread_block_113_117,Wall_mounted_wheel_display_001,Tyre_rubber,28
2491,Wall_mounted_wheel_display_001/Stored_alloy_wheel_001/Tread_block_114_118,Wall_mounted_wheel_display_001,Tyre_rubber,28
2492,Wall_mounted_wheel_display_001/Stored_alloy_wheel_001/Tread_block_115_119,Wall_mounted_wheel_display_001,Tyre_rubber,28
2493,Wall_mounted_wheel_display_001/Stored_alloy_wheel_001/Tread_block_116_120,Wall_mounted_wheel_display_001,Tyre_rubber,28
2494,Wall_mounted_wheel_display_001/Stored_alloy_wheel_001/Tread_block_117_121,Wall_mounted_wheel_display_001,Tyre_rubber,28
2495,Wall_mounted_wheel_display_001/Stored_alloy_wheel_001/Tread_block_118_122,Wall_mounted_wheel_display_001,Tyre_rubber,28
2496,Wall_mounted_wheel_display_001/Stored_alloy_wheel_001/Tread_block_119_123,Wall_mounted_wheel_display_001,Tyre_rubber,28
2497,Wall_mounted_wheel_display_001/Stored_alloy_wheel_001/Tread_block_120_124,Wall_mounted_wheel_display_001,Tyre_rubber,28
2498,Wall_mounted_wheel_display_001/Stored_alloy_wheel_001/Tread_block_121_125,Wall_mounted_wheel_display_001,Tyre_rubber,28
2499,Wall_mounted_wheel_display_001/Stored_alloy_wheel_001/Tread_block_122_126,Wall_mounted_wheel_display_001,Tyre_rubber,28
2500,Wall_mounted_wheel_display_001/Stored_alloy_wheel_001/Tread_block_123_127,Wall_mounted_wheel_display_001,Tyre_rubber,28
2501,Wall_mounted_wheel_display_001/Stored_alloy_wheel_001/Tread_block_124_128,Wall_mounted_wheel_display_001,Tyre_rubber,28
2502,Wall_mounted_wheel_display_001/Stored_alloy_wheel_001/Tread_block_125_129,Wall_mounted_wheel_display_001,Tyre_rubber,28
2503,Wall_mounted_wheel_display_001/Stored_alloy_wheel_001/Tread_block_126_130,Wall_mounted_wheel_display_001,Tyre_rubber,28
2504,Wall_mounted_wheel_display_001/Stored_alloy_wheel_001/Tread_block_127_131,Wall_mounted_wheel_display_001,Tyre_rubber,28
2505,Wall_mounted_wheel_display_001/Stored_alloy_wheel_001/Tread_block_128_132,Wall_mounted_wheel_display_001,Tyre_rubber,28
2506,Wall_mounted_wheel_display_001/Stored_alloy_wheel_001/Tread_block_129_133,Wall_mounted_wheel_display_001,Tyre_rubber,28
2507,Wall_mounted_wheel_display_001/Stored_alloy_wheel_001/Tread_block_130_134,Wall_mounted_wheel_display_001,Tyre_rubber,28
2508,Wall_mounted_wheel_display_001/Stored_alloy_wheel_001/Tread_block_131_135,Wall_mounted_wheel_display_001,Tyre_rubber,28
2509,Wall_mounted_wheel_display_001/Stored_alloy_wheel_001/Tread_block_132_136,Wall_mounted_wheel_display_001,Tyre_rubber,28
2510,Wall_mounted_wheel_display_001/Stored_alloy_wheel_001/Tread_block_133_137,Wall_mounted_wheel_display_001,Tyre_rubber,28
2511,Wall_mounted_wheel_display_001/Stored_alloy_wheel_001/Tread_block_134_138,Wall_mounted_wheel_display_001,Tyre_rubber,28
2512,Wall_mounted_wheel_display_001/Stored_alloy_wheel_001/Tread_block_135_139,Wall_mounted_wheel_display_001,Tyre_rubber,28
2513,Wall_mounted_wheel_display_001/Stored_alloy_wheel_001/Tread_block_136_140,Wall_mounted_wheel_display_001,Tyre_rubber,28
2514,Wall_mounted_wheel_display_001/Stored_alloy_wheel_001/Tread_block_137_141,Wall_mounted_wheel_display_001,Tyre_rubber,28
2515,Wall_mounted_wheel_display_001/Stored_alloy_wheel_001/Tread_block_138_142,Wall_mounted_wheel_display_001,Tyre_rubber,28
2516,Wall_mounted_wheel_display_001/Stored_alloy_wheel_001/Tread_block_139_143,Wall_mounted_wheel_display_001,Tyre_rubber,28
2517,Wall_mounted_wheel_display_001/Stored_alloy_wheel_001/Tread_block_140_144,Wall_mounted_wheel_display_001,Tyre_rubber,28
2518,Wall_mounted_wheel_display_001/Stored_alloy_wheel_001/Tread_block_141_145,Wall_mounted_wheel_display_001,Tyre_rubber,28
2519,Wall_mounted_wheel_display_001/Stored_alloy_wheel_001/Tread_block_142_146,Wall_mounted_wheel_display_001,Tyre_rubber,28
2520,Wall_mounted_wheel_display_001/Stored_alloy_wheel_001/Tread_block_143_147,Wall_mounted_wheel_display_001,Tyre_rubber,28
2521,Wall_mounted_wheel_display_001/Stored_alloy_wheel_001/Tread_block_144_148,Wall_mounted_wheel_display_001,Tyre_rubber,28
2522,Wall_mounted_wheel_display_001/Stored_alloy_wheel_001/Tread_block_145_149,Wall_mounted_wheel_display_001,Tyre_rubber,28
2523,Wall_mounted_wheel_display_001/Stored_alloy_wheel_001/Tread_block_146_150,Wall_mounted_wheel_display_001,Tyre_rubber,28
2524,Wall_mounted_wheel_display_001/Stored_alloy_wheel_001/Tread_block_147_151,Wall_mounted_wheel_display_001,Tyre_rubber,28
2525,Wall_mounted_wheel_display_001/Stored_alloy_wheel_001/Tread_block_148_152,Wall_mounted_wheel_display_001,Tyre_rubber,28
2526,Wall_mounted_wheel_display_001/Stored_alloy_wheel_001/Tread_block_149_153,Wall_mounted_wheel_display_001,Tyre_rubber,28
2527,Wall_mounted_wheel_display_001/Stored_alloy_wheel_001/Tread_block_150_154,Wall_mounted_wheel_display_001,Tyre_rubber,28
2528,Wall_mounted_wheel_display_001/Stored_alloy_wheel_001/Tread_block_151_155,Wall_mounted_wheel_display_001,Tyre_rubber,28
2529,Wall_mounted_wheel_display_001/Stored_alloy_wheel_001/Tread_block_152_156,Wall_mounted_wheel_display_001,Tyre_rubber,28
2530,Wall_mounted_wheel_display_001/Stored_alloy_wheel_001/Tread_block_153_157,Wall_mounted_wheel_display_001,Tyre_rubber,28
2531,Wall_mounted_wheel_display_001/Stored_alloy_wheel_001/Tread_block_154_158,Wall_mounted_wheel_display_001,Tyre_rubber,28
2532,Wall_mounted_wheel_display_001/Stored_alloy_wheel_001/Tread_block_155_159,Wall_mounted_wheel_display_001,Tyre_rubber,28
2533,Wall_mounted_wheel_display_001/Stored_alloy_wheel_001/Tread_block_156_160,Wall_mounted_wheel_display_001,Tyre_rubber,28
2534,Wall_mounted_wheel_display_001/Stored_alloy_wheel_001/Tread_block_157_161,Wall_mounted_wheel_display_001,Tyre_rubber,28
2535,Wall_mounted_wheel_display_001/Stored_alloy_wheel_001/Tread_block_158_162,Wall_mounted_wheel_display_001,Tyre_rubber,28
2536,Wall_mounted_wheel_display_001/Stored_alloy_wheel_001/Tread_block_159_163,Wall_mounted_wheel_display_001,Tyre_rubber,28
2537,Wall_mounted_wheel_display_001/Stored_alloy_wheel_001/Tread_block_160_164,Wall_mounted_wheel_display_001,Tyre_rubber,28
2538,Wall_mounted_wheel_display_001/Stored_alloy_wheel_001/Tread_block_161_165,Wall_mounted_wheel_display_001,Tyre_rubber,28
2539,Wall_mounted_wheel_display_001/Stored_alloy_wheel_001/Tread_block_162_166,Wall_mounted_wheel_display_001,Tyre_rubber,28
2540,Wall_mounted_wheel_display_001/Stored_alloy_wheel_001/Tread_block_163_167,Wall_mounted_wheel_display_001,Tyre_rubber,28
2541,Wall_mounted_wheel_display_001/Stored_alloy_wheel_001/Tread_block_164_168,Wall_mounted_wheel_display_001,Tyre_rubber,28
2542,Wall_mounted_wheel_display_001/Stored_alloy_wheel_001/Tread_block_165_169,Wall_mounted_wheel_display_001,Tyre_rubber,28
2543,Wall_mounted_wheel_display_001/Stored_alloy_wheel_001/Tread_block_166_170,Wall_mounted_wheel_display_001,Tyre_rubber,28
2544,Wall_mounted_wheel_display_001/Stored_alloy_wheel_001/Tread_block_167_171,Wall_mounted_wheel_display_001,Tyre_rubber,28
2545,Wall_mounted_wheel_display_001/Stored_alloy_wheel_001/Tread_block_168_172,Wall_mounted_wheel_display_001,Tyre_rubber,28
2546,Wall_mounted_wheel_display_001/Stored_alloy_wheel_001/Tread_block_169_173,Wall_mounted_wheel_display_001,Tyre_rubber,28
2547,Wall_mounted_wheel_display_001/Stored_alloy_wheel_001/Tread_block_170_174,Wall_mounted_wheel_display_001,Tyre_rubber,28
2548,Wall_mounted_wheel_display_001/Stored_alloy_wheel_001/Tread_block_171_175,Wall_mounted_wheel_display_001,Tyre_rubber,28
2549,Wall_mounted_wheel_display_001/Stored_alloy_wheel_001/Tread_block_172_176,Wall_mounted_wheel_display_001,Tyre_rubber,28
2550,Wall_mounted_wheel_display_001/Stored_alloy_wheel_001/Tread_block_173_177,Wall_mounted_wheel_display_001,Tyre_rubber,28
2551,Wall_mounted_wheel_display_001/Stored_alloy_wheel_001/Tread_block_174_178,Wall_mounted_wheel_display_001,Tyre_rubber,28
2552,Wall_mounted_wheel_display_001/Stored_alloy_wheel_001/Tread_block_175_179,Wall_mounted_wheel_display_001,Tyre_rubber,28
2553,Wall_mounted_wheel_display_001/Stored_alloy_wheel_001/Tread_block_176_180,Wall_mounted_wheel_display_001,Tyre_rubber,28
2554,Wall_mounted_wheel_display_001/Stored_alloy_wheel_001/Tread_block_177_181,Wall_mounted_wheel_display_001,Tyre_rubber,28
2555,Wall_mounted_wheel_display_001/Stored_alloy_wheel_001/Tread_block_178_182,Wall_mounted_wheel_display_001,Tyre_rubber,28
2556,Wall_mounted_wheel_display_001/Stored_alloy_wheel_001/Tread_block_179_183,Wall_mounted_wheel_display_001,Tyre_rubber,28
2557,Wall_mounted_wheel_display_001/Stored_alloy_wheel_001/Tread_block_180_184,Wall_mounted_wheel_display_001,Tyre_rubber,28
2558,Wall_mounted_wheel_display_001/Stored_alloy_wheel_001/Tread_block_181_185,Wall_mounted_wheel_display_001,Tyre_rubber,28
2559,Wall_mounted_wheel_display_001/Stored_alloy_wheel_001/Tread_block_182_186,Wall_mounted_wheel_display_001,Tyre_rubber,28
2560,Wall_mounted_wheel_display_001/Stored_alloy_wheel_001/Tread_block_183_187,Wall_mounted_wheel_display_001,Tyre_rubber,28
2561,Wall_mounted_wheel_display_001/Stored_alloy_wheel_001/Tread_block_184_188,Wall_mounted_wheel_display_001,Tyre_rubber,28
2562,Wall_mounted_wheel_display_001/Stored_alloy_wheel_001/Tread_block_185_189,Wall_mounted_wheel_display_001,Tyre_rubber,28
2563,Wall_mounted_wheel_display_001/Stored_alloy_wheel_001/Tread_block_186_190,Wall_mounted_wheel_display_001,Tyre_rubber,28
2564,Wall_mounted_wheel_display_001/Stored_alloy_wheel_001/Tread_block_187_191,Wall_mounted_wheel_display_001,Tyre_rubber,28
2565,Wall_mounted_wheel_display_001/Stored_alloy_wheel_001/Tread_block_188_192,Wall_mounted_wheel_display_001,Tyre_rubber,28
2566,Wall_mounted_wheel_display_001/Stored_alloy_wheel_001/Tread_block_189_193,Wall_mounted_wheel_display_001,Tyre_rubber,28
2567,Wall_mounted_wheel_display_001/Stored_alloy_wheel_001/Tread_block_190_194,Wall_mounted_wheel_display_001,Tyre_rubber,28
2568,Wall_mounted_wheel_display_001/Stored_alloy_wheel_001/Tread_block_191_195,Wall_mounted_wheel_display_001,Tyre_rubber,28
2569,Wall_mounted_wheel_display_001/Stored_alloy_wheel_001/Tread_block_192_196,Wall_mounted_wheel_display_001,Tyre_rubber,28
2570,Wall_mounted_wheel_display_001/Stored_alloy_wheel_001/Tread_block_193_197,Wall_mounted_wheel_display_001,Tyre_rubber,28
2571,Wall_mounted_wheel_display_001/Stored_alloy_wheel_001/Tread_block_194_198,Wall_mounted_wheel_display_001,Tyre_rubber,28
2572,Wall_mounted_wheel_display_001/Stored_alloy_wheel_001/Tread_block_195_199,Wall_mounted_wheel_display_001,Tyre_rubber,28
2573,Wall_mounted_wheel_display_001/Stored_alloy_wheel_001/Tread_block_196_200,Wall_mounted_wheel_display_001,Tyre_rubber,28
2574,Wall_mounted_wheel_display_001/Stored_alloy_wheel_001/Tread_block_197_201,Wall_mounted_wheel_display_001,Tyre_rubber,28
2575,Wall_mounted_wheel_display_001/Stored_alloy_wheel_001/Tread_block_198_202,Wall_mounted_wheel_display_001,Tyre_rubber,28
2576,Wall_mounted_wheel_display_001/Stored_alloy_wheel_001/Tread_block_199_203,Wall_mounted_wheel_display_001,Tyre_rubber,28
2577,Wall_mounted_wheel_display_001/Stored_alloy_wheel_001/Tread_block_200_204,Wall_mounted_wheel_display_001,Tyre_rubber,28
2578,Wall_mounted_wheel_display_001/Stored_alloy_wheel_001/Tread_block_201_205,Wall_mounted_wheel_display_001,Tyre_rubber,28
2579,Wall_mounted_wheel_display_001/Stored_alloy_wheel_001/Tread_block_202_206,Wall_mounted_wheel_display_001,Tyre_rubber,28
2580,Wall_mounted_wheel_display_001/Stored_alloy_wheel_001/Tread_block_203_207,Wall_mounted_wheel_display_001,Tyre_rubber,28
2581,Wall_mounted_wheel_display_001/Stored_alloy_wheel_001/Tread_block_204_208,Wall_mounted_wheel_display_001,Tyre_rubber,28
2582,Wall_mounted_wheel_display_001/Stored_alloy_wheel_001/Tread_block_205_209,Wall_mounted_wheel_display_001,Tyre_rubber,28
2583,Wall_mounted_wheel_display_001/Stored_alloy_wheel_001/Tread_block_206_210,Wall_mounted_wheel_display_001,Tyre_rubber,28
2584,Wall_mounted_wheel_display_001/Stored_alloy_wheel_001/Tread_block_207_211,Wall_mounted_wheel_display_001,Tyre_rubber,28
2585,Wall_mounted_wheel_display_001/Stored_alloy_wheel_001/Tread_block_208_212,Wall_mounted_wheel_display_001,Tyre_rubber,28
2586,Wall_mounted_wheel_display_001/Stored_alloy_wheel_001/Tread_block_209_213,Wall_mounted_wheel_display_001,Tyre_rubber,28
2587,Wall_mounted_wheel_display_001/Stored_alloy_wheel_001/Tread_block_210_214,Wall_mounted_wheel_display_001,Tyre_rubber,28
2588,Wall_mounted_wheel_display_001/Stored_alloy_wheel_001/Tread_block_211_215,Wall_mounted_wheel_display_001,Tyre_rubber,28
2589,Wall_mounted_wheel_display_001/Stored_alloy_wheel_001/Tread_block_212_216,Wall_mounted_wheel_display_001,Tyre_rubber,28
2590,Wall_mounted_wheel_display_001/Stored_alloy_wheel_001/Tread_block_213_217,Wall_mounted_wheel_display_001,Tyre_rubber,28
2591,Wall_mounted_wheel_display_001/Stored_alloy_wheel_001/Tread_block_214_218,Wall_mounted_wheel_display_001,Tyre_rubber,28
2592,Wall_mounted_wheel_display_001/Stored_alloy_wheel_001/Tread_block_215_219,Wall_mounted_wheel_display_001,Tyre_rubber,28
2593,Wall_mounted_wheel_display_001/Stored_alloy_wheel_001/Tread_block_216_220,Wall_mounted_wheel_display_001,Tyre_rubber,28
2594,Wall_mounted_wheel_display_001/Stored_alloy_wheel_001/Tread_block_217_221,Wall_mounted_wheel_display_001,Tyre_rubber,28
2595,Wall_mounted_wheel_display_001/Stored_alloy_wheel_001/Tread_block_218_222,Wall_mounted_wheel_display_001,Tyre_rubber,28
2596,Wall_mounted_wheel_display_001/Stored_alloy_wheel_001/Tread_block_219_223,Wall_mounted_wheel_display_001,Tyre_rubber,28
2597,Wall_mounted_wheel_display_001/Stored_alloy_wheel_001/Tread_block_220_224,Wall_mounted_wheel_display_001,Tyre_rubber,28
2598,Wall_mounted_wheel_display_001/Stored_alloy_wheel_001/Tread_block_221_225,Wall_mounted_wheel_display_001,Tyre_rubber,28
2599,Wall_mounted_wheel_display_001/Stored_alloy_wheel_001/Tread_block_222_226,Wall_mounted_wheel_display_001,Tyre_rubber,28
2600,Wall_mounted_wheel_display_001/Stored_alloy_wheel_001/Tread_block_223_227,Wall_mounted_wheel_display_001,Tyre_rubber,28
2601,Wall_mounted_wheel_display_001/Stored_alloy_wheel_001/Tread_block_224_228,Wall_mounted_wheel_display_001,Tyre_rubber,28
2602,Wall_mounted_wheel_display_001/Stored_alloy_wheel_001/Tread_block_225_229,Wall_mounted_wheel_display_001,Tyre_rubber,28
2603,Wall_mounted_wheel_display_001/Stored_alloy_wheel_001/Tread_block_226_230,Wall_mounted_wheel_display_001,Tyre_rubber,28
2604,Wall_mounted_wheel_display_001/Stored_alloy_wheel_001/Tread_block_227_231,Wall_mounted_wheel_display_001,Tyre_rubber,28
2605,Wall_mounted_wheel_display_001/Stored_alloy_wheel_001/Tread_block_228_232,Wall_mounted_wheel_display_001,Tyre_rubber,28
2606,Wall_mounted_wheel_display_001/Stored_alloy_wheel_001/Tread_block_229_233,Wall_mounted_wheel_display_001,Tyre_rubber,28
2607,Wall_mounted_wheel_display_001/Stored_alloy_wheel_001/Tread_block_230_234,Wall_mounted_wheel_display_001,Tyre_rubber,28
2608,Wall_mounted_wheel_display_001/Stored_alloy_wheel_001/Tread_block_231_235,Wall_mounted_wheel_display_001,Tyre_rubber,28
2609,Wall_mounted_wheel_display_001/Stored_alloy_wheel_001/Tread_block_232_236,Wall_mounted_wheel_display_001,Tyre_rubber,28
2610,Wall_mounted_wheel_display_001/Stored_alloy_wheel_001/Tread_block_233_237,Wall_mounted_wheel_display_001,Tyre_rubber,28
2611,Wall_mounted_wheel_display_001/Stored_alloy_wheel_001/Tread_block_234_238,Wall_mounted_wheel_display_001,Tyre_rubber,28
2612,Wall_mounted_wheel_display_001/Stored_alloy_wheel_001/Tread_block_235_239,Wall_mounted_wheel_display_001,Tyre_rubber,28
2613,Wall_mounted_wheel_display_001/Stored_alloy_wheel_001/Tread_block_236_240,Wall_mounted_wheel_display_001,Tyre_rubber,28
2614,Wall_mounted_wheel_display_001/Stored_alloy_wheel_001/Tread_block_237_241,Wall_mounted_wheel_display_001,Tyre_rubber,28
2615,Wall_mounted_wheel_display_001/Stored_alloy_wheel_001/Tread_block_238_242,Wall_mounted_wheel_display_001,Tyre_rubber,28
2616,Wall_mounted_wheel_display_001/Stored_alloy_wheel_001/Tread_block_239_243,Wall_mounted_wheel_display_001,Tyre_rubber,28
2617,Wall_mounted_wheel_display_001/Stored_alloy_wheel_001/Tread_block_240_244,Wall_mounted_wheel_display_001,Tyre_rubber,28
2618,Wall_mounted_wheel_display_001/Stored_alloy_wheel_001/Tread_block_241_245,Wall_mounted_wheel_display_001,Tyre_rubber,28
2619,Wall_mounted_wheel_display_001/Stored_alloy_wheel_001/Tread_block_242_246,Wall_mounted_wheel_display_001,Tyre_rubber,28
2620,Wall_mounted_wheel_display_001/Stored_alloy_wheel_001/Tread_block_243_247,Wall_mounted_wheel_display_001,Tyre_rubber,28
2621,Wall_mounted_wheel_display_001/Stored_alloy_wheel_001/Tread_block_244_248,Wall_mounted_wheel_display_001,Tyre_rubber,28
2622,Wall_mounted_wheel_display_001/Stored_alloy_wheel_001/Tread_block_245_249,Wall_mounted_wheel_display_001,Tyre_rubber,28
2623,Wall_mounted_wheel_display_001/Stored_alloy_wheel_001/Tread_block_246_250,Wall_mounted_wheel_display_001,Tyre_rubber,28
2624,Wall_mounted_wheel_display_001/Stored_alloy_wheel_001/Tread_block_247_251,Wall_mounted_wheel_display_001,Tyre_rubber,28
2625,Wall_mounted_wheel_display_001/Stored_alloy_wheel_001/Tread_block_248_252,Wall_mounted_wheel_display_001,Tyre_rubber,28
2626,Wall_mounted_wheel_display_001/Stored_alloy_wheel_001/Tread_block_249_253,Wall_mounted_wheel_display_001,Tyre_rubber,28
2627,Wall_mounted_wheel_display_001/Stored_alloy_wheel_001/Tread_block_250_254,Wall_mounted_wheel_display_001,Tyre_rubber,28
2628,Wall_mounted_wheel_display_001/Stored_alloy_wheel_001/Tread_block_251_255,Wall_mounted_wheel_display_001,Tyre_rubber,28
2629,Wall_mounted_wheel_display_001/Stored_alloy_wheel_001/Tread_block_252_256,Wall_mounted_wheel_display_001,Tyre_rubber,28
2630,Wall_mounted_wheel_display_001/Stored_alloy_wheel_001/Tread_block_253_257,Wall_mounted_wheel_display_001,Tyre_rubber,28
2631,Wall_mounted_wheel_display_001/Stored_alloy_wheel_001/Tread_block_254_258,Wall_mounted_wheel_display_001,Tyre_rubber,28
2632,Wall_mounted_wheel_display_001/Stored_alloy_wheel_001/Tread_block_255_259,Wall_mounted_wheel_display_001,Tyre_rubber,28
2633,Wall_mounted_wheel_display_001/Stored_alloy_wheel_001/Tread_block_256_260,Wall_mounted_wheel_display_001,Tyre_rubber,28
2634,Wall_mounted_wheel_display_001/Stored_alloy_wheel_001/Tread_block_257_261,Wall_mounted_wheel_display_001,Tyre_rubber,28
2635,Wall_mounted_wheel_display_001/Stored_alloy_wheel_001/Tread_block_258_262,Wall_mounted_wheel_display_001,Tyre_rubber,28
2636,Wall_mounted_wheel_display_001/Stored_alloy_wheel_001/Tread_block_259_263,Wall_mounted_wheel_display_001,Tyre_rubber,28
2637,Wall_mounted_wheel_display_001/Stored_alloy_wheel_001/Tread_block_260_264,Wall_mounted_wheel_display_001,Tyre_rubber,28
2638,Wall_mounted_wheel_display_001/Stored_alloy_wheel_001/Tread_block_261_265,Wall_mounted_wheel_display_001,Tyre_rubber,28
2639,Wall_mounted_wheel_display_001/Stored_alloy_wheel_001/Tread_block_262_266,Wall_mounted_wheel_display_001,Tyre_rubber,28
2640,Wall_mounted_wheel_display_001/Stored_alloy_wheel_001/Tread_block_263_267,Wall_mounted_wheel_display_001,Tyre_rubber,28
2641,Wall_mounted_wheel_display_001/Stored_alloy_wheel_001/Tread_block_264_268,Wall_mounted_wheel_display_001,Tyre_rubber,28
2642,Wall_mounted_wheel_display_001/Stored_alloy_wheel_001/Tread_block_265_269,Wall_mounted_wheel_display_001,Tyre_rubber,28
2643,Wall_mounted_wheel_display_001/Stored_alloy_wheel_001/Tread_block_266_270,Wall_mounted_wheel_display_001,Tyre_rubber,28
2644,Wall_mounted_wheel_display_001/Stored_alloy_wheel_001/Tread_block_267_271,Wall_mounted_wheel_display_001,Tyre_rubber,28
2645,Wall_mounted_wheel_display_001/Stored_alloy_wheel_001/Tread_block_268_272,Wall_mounted_wheel_display_001,Tyre_rubber,28
2646,Wall_mounted_wheel_display_001/Stored_alloy_wheel_001/Tread_block_269_273,Wall_mounted_wheel_display_001,Tyre_rubber,28
2647,Wall_mounted_wheel_display_001/Stored_alloy_wheel_001/Tread_block_270_274,Wall_mounted_wheel_display_001,Tyre_rubber,28
2648,Wall_mounted_wheel_display_001/Stored_alloy_wheel_001/Tread_block_271_275,Wall_mounted_wheel_display_001,Tyre_rubber,28
2649,Wall_mounted_wheel_display_001/Stored_alloy_wheel_001/Tread_block_272_276,Wall_mounted_wheel_display_001,Tyre_rubber,28
2650,Wall_mounted_wheel_display_001/Stored_alloy_wheel_001/Tread_block_273_277,Wall_mounted_wheel_display_001,Tyre_rubber,28
2651,Wall_mounted_wheel_display_001/Stored_alloy_wheel_001/Tread_block_274_278,Wall_mounted_wheel_display_001,Tyre_rubber,28
2652,Wall_mounted_wheel_display_001/Stored_alloy_wheel_001/Tread_block_275_279,Wall_mounted_wheel_display_001,Tyre_rubber,28
2653,Wall_mounted_wheel_display_001/Stored_alloy_wheel_001/Tread_block_276_280,Wall_mounted_wheel_display_001,Tyre_rubber,28
2654,Wall_mounted_wheel_display_001/Stored_alloy_wheel_001/Tread_block_277_281,Wall_mounted_wheel_display_001,Tyre_rubber,28
2655,Wall_mounted_wheel_display_001/Stored_alloy_wheel_001/Tread_block_278_282,Wall_mounted_wheel_display_001,Tyre_rubber,28
2656,Wall_mounted_wheel_display_001/Stored_alloy_wheel_001/Tread_block_279_283,Wall_mounted_wheel_display_001,Tyre_rubber,28
2657,Wall_mounted_wheel_display_001/Stored_alloy_wheel_001/Tread_block_280_284,Wall_mounted_wheel_display_001,Tyre_rubber,28
2658,Wall_mounted_wheel_display_001/Stored_alloy_wheel_001/Tread_block_281_285,Wall_mounted_wheel_display_001,Tyre_rubber,28
2659,Wall_mounted_wheel_display_001/Stored_alloy_wheel_001/Tread_block_282_286,Wall_mounted_wheel_display_001,Tyre_rubber,28
2660,Wall_mounted_wheel_display_001/Stored_alloy_wheel_001/Tread_block_283_287,Wall_mounted_wheel_display_001,Tyre_rubber,28
2661,Wall_mounted_wheel_display_001/Stored_alloy_wheel_001/Tread_block_284_288,Wall_mounted_wheel_display_001,Tyre_rubber,28
2662,Wall_mounted_wheel_display_001/Stored_alloy_wheel_001/Tread_block_285_289,Wall_mounted_wheel_display_001,Tyre_rubber,28
2663,Wall_mounted_wheel_display_001/Stored_alloy_wheel_001/Tread_block_286_290,Wall_mounted_wheel_display_001,Tyre_rubber,28
2664,Wall_mounted_wheel_display_001/Stored_alloy_wheel_001/Tread_block_287_291,Wall_mounted_wheel_display_001,Tyre_rubber,28
2665,Wall_mounted_wheel_display_001/Stored_alloy_wheel_001/Tread_block_288_292,Wall_mounted_wheel_display_001,Tyre_rubber,28
2666,Wall_mounted_wheel_display_001/Stored_alloy_wheel_001/Tread_block_289_293,Wall_mounted_wheel_display_001,Tyre_rubber,28
2667,Wall_mounted_wheel_display_001/Stored_alloy_wheel_001/Tread_block_290_294,Wall_mounted_wheel_display_001,Tyre_rubber,28
2668,Wall_mounted_wheel_display_001/Stored_alloy_wheel_001/Tread_block_291_295,Wall_mounted_wheel_display_001,Tyre_rubber,28
2669,Wall_mounted_wheel_display_001/Stored_alloy_wheel_001/Tread_block_292_296,Wall_mounted_wheel_display_001,Tyre_rubber,28
2670,Wall_mounted_wheel_display_001/Stored_alloy_wheel_001/Tread_block_293_297,Wall_mounted_wheel_display_001,Tyre_rubber,28
2671,Wall_mounted_wheel_display_001/Stored_alloy_wheel_001/Tread_block_294_298,Wall_mounted_wheel_display_001,Tyre_rubber,28
2672,Wall_mounted_wheel_display_001/Stored_alloy_wheel_001/Tread_block_295_299,Wall_mounted_wheel_display_001,Tyre_rubber,28
2673,Wall_mounted_wheel_display_001/Stored_alloy_wheel_001/Tread_block_296_300,Wall_mounted_wheel_display_001,Tyre_rubber,28
2674,Wall_mounted_wheel_display_001/Stored_alloy_wheel_001/Tread_block_297_301,Wall_mounted_wheel_display_001,Tyre_rubber,28
2675,Wall_mounted_wheel_display_001/Stored_alloy_wheel_001/Tread_block_298_302,Wall_mounted_wheel_display_001,Tyre_rubber,28
2676,Wall_mounted_wheel_display_001/Stored_alloy_wheel_001/Tread_block_299_303,Wall_mounted_wheel_display_001,Tyre_rubber,28
2677,Wall_mounted_wheel_display_001/Stored_alloy_wheel_001/Tread_block_300_304,Wall_mounted_wheel_display_001,Tyre_rubber,28
2678,Wall_mounted_wheel_display_001/Stored_alloy_wheel_001/Tread_block_301_305,Wall_mounted_wheel_display_001,Tyre_rubber,28
2679,Wall_mounted_wheel_display_001/Stored_alloy_wheel_001/Tread_block_302_306,Wall_mounted_wheel_display_001,Tyre_rubber,28
2680,Wall_mounted_wheel_display_001/Stored_alloy_wheel_001/Tread_block_303_307,Wall_mounted_wheel_display_001,Tyre_rubber,28
2681,Wall_mounted_wheel_display_001/Stored_alloy_wheel_001/Tread_block_304_308,Wall_mounted_wheel_display_001,Tyre_rubber,28
2682,Wall_mounted_wheel_display_001/Stored_alloy_wheel_001/Tread_block_305_309,Wall_mounted_wheel_display_001,Tyre_rubber,28
2683,Wall_mounted_wheel_display_001/Stored_alloy_wheel_001/Tread_block_306_310,Wall_mounted_wheel_display_001,Tyre_rubber,28
2684,Wall_mounted_wheel_display_001/Stored_alloy_wheel_001/Tread_block_307_311,Wall_mounted_wheel_display_001,Tyre_rubber,28
2685,Wall_mounted_wheel_display_001/Stored_alloy_wheel_001/Tread_block_308_312,Wall_mounted_wheel_display_001,Tyre_rubber,28
2686,Wall_mounted_wheel_display_001/Stored_alloy_wheel_001/Tread_block_309_313,Wall_mounted_wheel_display_001,Tyre_rubber,28
2687,Wall_mounted_wheel_display_001/Stored_alloy_wheel_001/Tread_block_310_314,Wall_mounted_wheel_display_001,Tyre_rubber,28
2688,Wall_mounted_wheel_display_001/Stored_alloy_wheel_001/Tread_block_311_315,Wall_mounted_wheel_display_001,Tyre_rubber,28
2689,Wall_mounted_wheel_display_001/Stored_alloy_wheel_001/Tread_block_312_316,Wall_mounted_wheel_display_001,Tyre_rubber,28
2690,Wall_mounted_wheel_display_001/Stored_alloy_wheel_001/Tread_block_313_317,Wall_mounted_wheel_display_001,Tyre_rubber,28
2691,Wall_mounted_wheel_display_001/Stored_alloy_wheel_001/Tread_block_314_318,Wall_mounted_wheel_display_001,Tyre_rubber,28
2692,Wall_mounted_wheel_display_001/Stored_alloy_wheel_001/Tread_block_315_319,Wall_mounted_wheel_display_001,Tyre_rubber,28
2693,Wall_mounted_wheel_display_001/Stored_alloy_wheel_001/Tread_block_316_320,Wall_mounted_wheel_display_001,Tyre_rubber,28
2694,Wall_mounted_wheel_display_001/Stored_alloy_wheel_001/Tread_block_317_321,Wall_mounted_wheel_display_001,Tyre_rubber,28
2695,Wall_mounted_wheel_display_001/Stored_alloy_wheel_001/Tread_block_318_322,Wall_mounted_wheel_display_001,Tyre_rubber,28
2696,Wall_mounted_wheel_display_001/Stored_alloy_wheel_001/Tread_block_319_323,Wall_mounted_wheel_display_001,Tyre_rubber,28
2697,Wall_mounted_wheel_display_001/Stored_alloy_wheel_001/Tread_block_320_324,Wall_mounted_wheel_display_001,Tyre_rubber,28
2698,Wall_mounted_wheel_display_001/Stored_alloy_wheel_001/Bead_lip_321_325,Wall_mounted_wheel_display_001,Tyre_rubber,768
2699,Wall_mounted_wheel_display_001/Stored_alloy_wheel_001/Moulded_sidewall_line_322_326,Wall_mounted_wheel_display_001,Tyre_rubber,512
2700,Wall_mounted_wheel_display_001/Stored_alloy_wheel_001/Inner_sidewall_line_323_327,Wall_mounted_wheel_display_001,Tyre_rubber,512
2701,Wall_mounted_wheel_display_001/Stored_alloy_wheel_001/Bead_lip_324_328,Wall_mounted_wheel_display_001,Tyre_rubber,768
2702,Wall_mounted_wheel_display_001/Stored_alloy_wheel_001/Moulded_sidewall_line_325_329,Wall_mounted_wheel_display_001,Tyre_rubber,512
2703,Wall_mounted_wheel_display_001/Stored_alloy_wheel_001/Inner_sidewall_line_326_330,Wall_mounted_wheel_display_001,Tyre_rubber,512
2704,Wall_mounted_wheel_display_001/Stored_alloy_wheel_001/Embossed_tyre_specification_327_331,Wall_mounted_wheel_display_001,Moulded_tyresize_205_55_R16,128
2705,Wall_mounted_wheel_display_001/Stored_alloy_wheel_001/Embossed_tyre_specification_reverse_328_332,Wall_mounted_wheel_display_001,Moulded_tyresize_205_55_R16,128
2706,Wall_mounted_wheel_display_001/Stored_alloy_wheel_001/Alloy_wheel_barrel_329_333,Wall_mounted_wheel_display_001,Brushed_alloy,512
2707,Wall_mounted_wheel_display_001/Stored_alloy_wheel_001/Polished_rim_lip_330_334,Wall_mounted_wheel_display_001,Brushed_alloy,768
2708,Wall_mounted_wheel_display_001/Stored_alloy_wheel_001/Rim_back_lip_331_335,Wall_mounted_wheel_display_001,Brushed_alloy,768
2709,Wall_mounted_wheel_display_001/Stored_alloy_wheel_001/Cast_alloy_spoke_332_336,Wall_mounted_wheel_display_001,Brushed_alloy,44
2710,Wall_mounted_wheel_display_001/Stored_alloy_wheel_001/Cast_alloy_spoke_333_337,Wall_mounted_wheel_display_001,Brushed_alloy,44
2711,Wall_mounted_wheel_display_001/Stored_alloy_wheel_001/Cast_alloy_spoke_334_338,Wall_mounted_wheel_display_001,Brushed_alloy,44
2712,Wall_mounted_wheel_display_001/Stored_alloy_wheel_001/Cast_alloy_spoke_335_339,Wall_mounted_wheel_display_001,Brushed_alloy,44
2713,Wall_mounted_wheel_display_001/Stored_alloy_wheel_001/Cast_alloy_spoke_336_340,Wall_mounted_wheel_display_001,Brushed_alloy,44
2714,Wall_mounted_wheel_display_001/Stored_alloy_wheel_001/Cast_alloy_spoke_337_341,Wall_mounted_wheel_display_001,Brushed_alloy,44
2715,Wall_mounted_wheel_display_001/Stored_alloy_wheel_001/Cast_alloy_spoke_338_342,Wall_mounted_wheel_display_001,Brushed_alloy,44
2716,Wall_mounted_wheel_display_001/Stored_alloy_wheel_001/Cast_alloy_spoke_339_343,Wall_mounted_wheel_display_001,Brushed_alloy,44
2717,Wall_mounted_wheel_display_001/Stored_alloy_wheel_001/Cast_alloy_spoke_340_344,Wall_mounted_wheel_display_001,Brushed_alloy,44
2718,Wall_mounted_wheel_display_001/Stored_alloy_wheel_001/Cast_alloy_spoke_341_345,Wall_mounted_wheel_display_001,Brushed_alloy,44
2719,Wall_mounted_wheel_display_001/Stored_alloy_wheel_001/Cast_alloy_spoke_342_346,Wall_mounted_wheel_display_001,Brushed_alloy,44
2720,Wall_mounted_wheel_display_001/Stored_alloy_wheel_001/Cast_alloy_spoke_343_347,Wall_mounted_wheel_display_001,Brushed_alloy,44
2721,Wall_mounted_wheel_display_001/Stored_alloy_wheel_001/Wheel_hub_344_348,Wall_mounted_wheel_display_001,Aged_black_steel,128
2722,Wall_mounted_wheel_display_001/Stored_alloy_wheel_001/Center_cap_345_349,Wall_mounted_wheel_display_001,Brushed_alloy,96
2723,Wall_mounted_wheel_display_001/Stored_alloy_wheel_001/Wheel_lug_nut_346_350,Wall_mounted_wheel_display_001,Brushed_alloy,24
2724,Wall_mounted_wheel_display_001/Stored_alloy_wheel_001/Wheel_lug_nut_347_351,Wall_mounted_wheel_display_001,Brushed_alloy,24
2725,Wall_mounted_wheel_display_001/Stored_alloy_wheel_001/Wheel_lug_nut_348_352,Wall_mounted_wheel_display_001,Brushed_alloy,24
2726,Wall_mounted_wheel_display_001/Stored_alloy_wheel_001/Wheel_lug_nut_349_353,Wall_mounted_wheel_display_001,Brushed_alloy,24
2727,Wall_mounted_wheel_display_001/Stored_alloy_wheel_001/Wheel_lug_nut_350_354,Wall_mounted_wheel_display_001,Brushed_alloy,24
2728,Wall_mounted_wheel_display_001/Stored_alloy_wheel_001/Air_valve_stem_351_355,Wall_mounted_wheel_display_001,Tyre_rubber,48
2729,Wall_mounted_wheel_display_001/Stored_alloy_wheel_001/Valve_dust_cap_352_356,Wall_mounted_wheel_display_001,Aged_black_steel,48
2730,Wall_mounted_wheel_display_001/Hex_fastener_357,Wall_mounted_wheel_display_001,Brushed_alloy,24
2731,Wall_mounted_wheel_display_001/Hex_fastener_358,Wall_mounted_wheel_display_001,Brushed_alloy,24
2732,Wall_mounted_wheel_display_001/Stored_alloy_wheel_002/Tyre_carcass_275_35_R19_000_359,Wall_mounted_wheel_display_001,Tyre_rubber,3072
2733,Wall_mounted_wheel_display_001/Stored_alloy_wheel_002/Tread_block_001_360,Wall_mounted_wheel_display_001,Tyre_rubber,28
2734,Wall_mounted_wheel_display_001/Stored_alloy_wheel_002/Tread_block_002_361,Wall_mounted_wheel_display_001,Tyre_rubber,28
2735,Wall_mounted_wheel_display_001/Stored_alloy_wheel_002/Tread_block_003_362,Wall_mounted_wheel_display_001,Tyre_rubber,28
2736,Wall_mounted_wheel_display_001/Stored_alloy_wheel_002/Tread_block_004_363,Wall_mounted_wheel_display_001,Tyre_rubber,28
2737,Wall_mounted_wheel_display_001/Stored_alloy_wheel_002/Tread_block_005_364,Wall_mounted_wheel_display_001,Tyre_rubber,28
2738,Wall_mounted_wheel_display_001/Stored_alloy_wheel_002/Tread_block_006_365,Wall_mounted_wheel_display_001,Tyre_rubber,28
2739,Wall_mounted_wheel_display_001/Stored_alloy_wheel_002/Tread_block_007_366,Wall_mounted_wheel_display_001,Tyre_rubber,28
2740,Wall_mounted_wheel_display_001/Stored_alloy_wheel_002/Tread_block_008_367,Wall_mounted_wheel_display_001,Tyre_rubber,28
2741,Wall_mounted_wheel_display_001/Stored_alloy_wheel_002/Tread_block_009_368,Wall_mounted_wheel_display_001,Tyre_rubber,28
2742,Wall_mounted_wheel_display_001/Stored_alloy_wheel_002/Tread_block_010_369,Wall_mounted_wheel_display_001,Tyre_rubber,28
2743,Wall_mounted_wheel_display_001/Stored_alloy_wheel_002/Tread_block_011_370,Wall_mounted_wheel_display_001,Tyre_rubber,28
2744,Wall_mounted_wheel_display_001/Stored_alloy_wheel_002/Tread_block_012_371,Wall_mounted_wheel_display_001,Tyre_rubber,28
2745,Wall_mounted_wheel_display_001/Stored_alloy_wheel_002/Tread_block_013_372,Wall_mounted_wheel_display_001,Tyre_rubber,28
2746,Wall_mounted_wheel_display_001/Stored_alloy_wheel_002/Tread_block_014_373,Wall_mounted_wheel_display_001,Tyre_rubber,28
2747,Wall_mounted_wheel_display_001/Stored_alloy_wheel_002/Tread_block_015_374,Wall_mounted_wheel_display_001,Tyre_rubber,28
2748,Wall_mounted_wheel_display_001/Stored_alloy_wheel_002/Tread_block_016_375,Wall_mounted_wheel_display_001,Tyre_rubber,28
2749,Wall_mounted_wheel_display_001/Stored_alloy_wheel_002/Tread_block_017_376,Wall_mounted_wheel_display_001,Tyre_rubber,28
2750,Wall_mounted_wheel_display_001/Stored_alloy_wheel_002/Tread_block_018_377,Wall_mounted_wheel_display_001,Tyre_rubber,28
2751,Wall_mounted_wheel_display_001/Stored_alloy_wheel_002/Tread_block_019_378,Wall_mounted_wheel_display_001,Tyre_rubber,28
2752,Wall_mounted_wheel_display_001/Stored_alloy_wheel_002/Tread_block_020_379,Wall_mounted_wheel_display_001,Tyre_rubber,28
2753,Wall_mounted_wheel_display_001/Stored_alloy_wheel_002/Tread_block_021_380,Wall_mounted_wheel_display_001,Tyre_rubber,28
2754,Wall_mounted_wheel_display_001/Stored_alloy_wheel_002/Tread_block_022_381,Wall_mounted_wheel_display_001,Tyre_rubber,28
2755,Wall_mounted_wheel_display_001/Stored_alloy_wheel_002/Tread_block_023_382,Wall_mounted_wheel_display_001,Tyre_rubber,28
2756,Wall_mounted_wheel_display_001/Stored_alloy_wheel_002/Tread_block_024_383,Wall_mounted_wheel_display_001,Tyre_rubber,28
2757,Wall_mounted_wheel_display_001/Stored_alloy_wheel_002/Tread_block_025_384,Wall_mounted_wheel_display_001,Tyre_rubber,28
2758,Wall_mounted_wheel_display_001/Stored_alloy_wheel_002/Tread_block_026_385,Wall_mounted_wheel_display_001,Tyre_rubber,28
2759,Wall_mounted_wheel_display_001/Stored_alloy_wheel_002/Tread_block_027_386,Wall_mounted_wheel_display_001,Tyre_rubber,28
2760,Wall_mounted_wheel_display_001/Stored_alloy_wheel_002/Tread_block_028_387,Wall_mounted_wheel_display_001,Tyre_rubber,28
2761,Wall_mounted_wheel_display_001/Stored_alloy_wheel_002/Tread_block_029_388,Wall_mounted_wheel_display_001,Tyre_rubber,28
2762,Wall_mounted_wheel_display_001/Stored_alloy_wheel_002/Tread_block_030_389,Wall_mounted_wheel_display_001,Tyre_rubber,28
2763,Wall_mounted_wheel_display_001/Stored_alloy_wheel_002/Tread_block_031_390,Wall_mounted_wheel_display_001,Tyre_rubber,28
2764,Wall_mounted_wheel_display_001/Stored_alloy_wheel_002/Tread_block_032_391,Wall_mounted_wheel_display_001,Tyre_rubber,28
2765,Wall_mounted_wheel_display_001/Stored_alloy_wheel_002/Tread_block_033_392,Wall_mounted_wheel_display_001,Tyre_rubber,28
2766,Wall_mounted_wheel_display_001/Stored_alloy_wheel_002/Tread_block_034_393,Wall_mounted_wheel_display_001,Tyre_rubber,28
2767,Wall_mounted_wheel_display_001/Stored_alloy_wheel_002/Tread_block_035_394,Wall_mounted_wheel_display_001,Tyre_rubber,28
2768,Wall_mounted_wheel_display_001/Stored_alloy_wheel_002/Tread_block_036_395,Wall_mounted_wheel_display_001,Tyre_rubber,28
2769,Wall_mounted_wheel_display_001/Stored_alloy_wheel_002/Tread_block_037_396,Wall_mounted_wheel_display_001,Tyre_rubber,28
2770,Wall_mounted_wheel_display_001/Stored_alloy_wheel_002/Tread_block_038_397,Wall_mounted_wheel_display_001,Tyre_rubber,28
2771,Wall_mounted_wheel_display_001/Stored_alloy_wheel_002/Tread_block_039_398,Wall_mounted_wheel_display_001,Tyre_rubber,28
2772,Wall_mounted_wheel_display_001/Stored_alloy_wheel_002/Tread_block_040_399,Wall_mounted_wheel_display_001,Tyre_rubber,28
2773,Wall_mounted_wheel_display_001/Stored_alloy_wheel_002/Tread_block_041_400,Wall_mounted_wheel_display_001,Tyre_rubber,28
2774,Wall_mounted_wheel_display_001/Stored_alloy_wheel_002/Tread_block_042_401,Wall_mounted_wheel_display_001,Tyre_rubber,28
2775,Wall_mounted_wheel_display_001/Stored_alloy_wheel_002/Tread_block_043_402,Wall_mounted_wheel_display_001,Tyre_rubber,28
2776,Wall_mounted_wheel_display_001/Stored_alloy_wheel_002/Tread_block_044_403,Wall_mounted_wheel_display_001,Tyre_rubber,28
2777,Wall_mounted_wheel_display_001/Stored_alloy_wheel_002/Tread_block_045_404,Wall_mounted_wheel_display_001,Tyre_rubber,28
2778,Wall_mounted_wheel_display_001/Stored_alloy_wheel_002/Tread_block_046_405,Wall_mounted_wheel_display_001,Tyre_rubber,28
2779,Wall_mounted_wheel_display_001/Stored_alloy_wheel_002/Tread_block_047_406,Wall_mounted_wheel_display_001,Tyre_rubber,28
2780,Wall_mounted_wheel_display_001/Stored_alloy_wheel_002/Tread_block_048_407,Wall_mounted_wheel_display_001,Tyre_rubber,28
2781,Wall_mounted_wheel_display_001/Stored_alloy_wheel_002/Tread_block_049_408,Wall_mounted_wheel_display_001,Tyre_rubber,28
2782,Wall_mounted_wheel_display_001/Stored_alloy_wheel_002/Tread_block_050_409,Wall_mounted_wheel_display_001,Tyre_rubber,28
2783,Wall_mounted_wheel_display_001/Stored_alloy_wheel_002/Tread_block_051_410,Wall_mounted_wheel_display_001,Tyre_rubber,28
2784,Wall_mounted_wheel_display_001/Stored_alloy_wheel_002/Tread_block_052_411,Wall_mounted_wheel_display_001,Tyre_rubber,28
2785,Wall_mounted_wheel_display_001/Stored_alloy_wheel_002/Tread_block_053_412,Wall_mounted_wheel_display_001,Tyre_rubber,28
2786,Wall_mounted_wheel_display_001/Stored_alloy_wheel_002/Tread_block_054_413,Wall_mounted_wheel_display_001,Tyre_rubber,28
2787,Wall_mounted_wheel_display_001/Stored_alloy_wheel_002/Tread_block_055_414,Wall_mounted_wheel_display_001,Tyre_rubber,28
2788,Wall_mounted_wheel_display_001/Stored_alloy_wheel_002/Tread_block_056_415,Wall_mounted_wheel_display_001,Tyre_rubber,28
2789,Wall_mounted_wheel_display_001/Stored_alloy_wheel_002/Tread_block_057_416,Wall_mounted_wheel_display_001,Tyre_rubber,28
2790,Wall_mounted_wheel_display_001/Stored_alloy_wheel_002/Tread_block_058_417,Wall_mounted_wheel_display_001,Tyre_rubber,28
2791,Wall_mounted_wheel_display_001/Stored_alloy_wheel_002/Tread_block_059_418,Wall_mounted_wheel_display_001,Tyre_rubber,28
2792,Wall_mounted_wheel_display_001/Stored_alloy_wheel_002/Tread_block_060_419,Wall_mounted_wheel_display_001,Tyre_rubber,28
2793,Wall_mounted_wheel_display_001/Stored_alloy_wheel_002/Tread_block_061_420,Wall_mounted_wheel_display_001,Tyre_rubber,28
2794,Wall_mounted_wheel_display_001/Stored_alloy_wheel_002/Tread_block_062_421,Wall_mounted_wheel_display_001,Tyre_rubber,28
2795,Wall_mounted_wheel_display_001/Stored_alloy_wheel_002/Tread_block_063_422,Wall_mounted_wheel_display_001,Tyre_rubber,28
2796,Wall_mounted_wheel_display_001/Stored_alloy_wheel_002/Tread_block_064_423,Wall_mounted_wheel_display_001,Tyre_rubber,28
2797,Wall_mounted_wheel_display_001/Stored_alloy_wheel_002/Tread_block_065_424,Wall_mounted_wheel_display_001,Tyre_rubber,28
2798,Wall_mounted_wheel_display_001/Stored_alloy_wheel_002/Tread_block_066_425,Wall_mounted_wheel_display_001,Tyre_rubber,28
2799,Wall_mounted_wheel_display_001/Stored_alloy_wheel_002/Tread_block_067_426,Wall_mounted_wheel_display_001,Tyre_rubber,28
2800,Wall_mounted_wheel_display_001/Stored_alloy_wheel_002/Tread_block_068_427,Wall_mounted_wheel_display_001,Tyre_rubber,28
2801,Wall_mounted_wheel_display_001/Stored_alloy_wheel_002/Tread_block_069_428,Wall_mounted_wheel_display_001,Tyre_rubber,28
2802,Wall_mounted_wheel_display_001/Stored_alloy_wheel_002/Tread_block_070_429,Wall_mounted_wheel_display_001,Tyre_rubber,28
2803,Wall_mounted_wheel_display_001/Stored_alloy_wheel_002/Tread_block_071_430,Wall_mounted_wheel_display_001,Tyre_rubber,28
2804,Wall_mounted_wheel_display_001/Stored_alloy_wheel_002/Tread_block_072_431,Wall_mounted_wheel_display_001,Tyre_rubber,28
2805,Wall_mounted_wheel_display_001/Stored_alloy_wheel_002/Tread_block_073_432,Wall_mounted_wheel_display_001,Tyre_rubber,28
2806,Wall_mounted_wheel_display_001/Stored_alloy_wheel_002/Tread_block_074_433,Wall_mounted_wheel_display_001,Tyre_rubber,28
2807,Wall_mounted_wheel_display_001/Stored_alloy_wheel_002/Tread_block_075_434,Wall_mounted_wheel_display_001,Tyre_rubber,28
2808,Wall_mounted_wheel_display_001/Stored_alloy_wheel_002/Tread_block_076_435,Wall_mounted_wheel_display_001,Tyre_rubber,28
2809,Wall_mounted_wheel_display_001/Stored_alloy_wheel_002/Tread_block_077_436,Wall_mounted_wheel_display_001,Tyre_rubber,28
2810,Wall_mounted_wheel_display_001/Stored_alloy_wheel_002/Tread_block_078_437,Wall_mounted_wheel_display_001,Tyre_rubber,28
2811,Wall_mounted_wheel_display_001/Stored_alloy_wheel_002/Tread_block_079_438,Wall_mounted_wheel_display_001,Tyre_rubber,28
2812,Wall_mounted_wheel_display_001/Stored_alloy_wheel_002/Tread_block_080_439,Wall_mounted_wheel_display_001,Tyre_rubber,28
2813,Wall_mounted_wheel_display_001/Stored_alloy_wheel_002/Tread_block_081_440,Wall_mounted_wheel_display_001,Tyre_rubber,28
2814,Wall_mounted_wheel_display_001/Stored_alloy_wheel_002/Tread_block_082_441,Wall_mounted_wheel_display_001,Tyre_rubber,28
2815,Wall_mounted_wheel_display_001/Stored_alloy_wheel_002/Tread_block_083_442,Wall_mounted_wheel_display_001,Tyre_rubber,28
2816,Wall_mounted_wheel_display_001/Stored_alloy_wheel_002/Tread_block_084_443,Wall_mounted_wheel_display_001,Tyre_rubber,28
2817,Wall_mounted_wheel_display_001/Stored_alloy_wheel_002/Tread_block_085_444,Wall_mounted_wheel_display_001,Tyre_rubber,28
2818,Wall_mounted_wheel_display_001/Stored_alloy_wheel_002/Tread_block_086_445,Wall_mounted_wheel_display_001,Tyre_rubber,28
2819,Wall_mounted_wheel_display_001/Stored_alloy_wheel_002/Tread_block_087_446,Wall_mounted_wheel_display_001,Tyre_rubber,28
2820,Wall_mounted_wheel_display_001/Stored_alloy_wheel_002/Tread_block_088_447,Wall_mounted_wheel_display_001,Tyre_rubber,28
2821,Wall_mounted_wheel_display_001/Stored_alloy_wheel_002/Tread_block_089_448,Wall_mounted_wheel_display_001,Tyre_rubber,28
2822,Wall_mounted_wheel_display_001/Stored_alloy_wheel_002/Tread_block_090_449,Wall_mounted_wheel_display_001,Tyre_rubber,28
2823,Wall_mounted_wheel_display_001/Stored_alloy_wheel_002/Tread_block_091_450,Wall_mounted_wheel_display_001,Tyre_rubber,28
2824,Wall_mounted_wheel_display_001/Stored_alloy_wheel_002/Tread_block_092_451,Wall_mounted_wheel_display_001,Tyre_rubber,28
2825,Wall_mounted_wheel_display_001/Stored_alloy_wheel_002/Tread_block_093_452,Wall_mounted_wheel_display_001,Tyre_rubber,28
2826,Wall_mounted_wheel_display_001/Stored_alloy_wheel_002/Tread_block_094_453,Wall_mounted_wheel_display_001,Tyre_rubber,28
2827,Wall_mounted_wheel_display_001/Stored_alloy_wheel_002/Tread_block_095_454,Wall_mounted_wheel_display_001,Tyre_rubber,28
2828,Wall_mounted_wheel_display_001/Stored_alloy_wheel_002/Tread_block_096_455,Wall_mounted_wheel_display_001,Tyre_rubber,28
2829,Wall_mounted_wheel_display_001/Stored_alloy_wheel_002/Tread_block_097_456,Wall_mounted_wheel_display_001,Tyre_rubber,28
2830,Wall_mounted_wheel_display_001/Stored_alloy_wheel_002/Tread_block_098_457,Wall_mounted_wheel_display_001,Tyre_rubber,28
2831,Wall_mounted_wheel_display_001/Stored_alloy_wheel_002/Tread_block_099_458,Wall_mounted_wheel_display_001,Tyre_rubber,28
2832,Wall_mounted_wheel_display_001/Stored_alloy_wheel_002/Tread_block_100_459,Wall_mounted_wheel_display_001,Tyre_rubber,28
2833,Wall_mounted_wheel_display_001/Stored_alloy_wheel_002/Tread_block_101_460,Wall_mounted_wheel_display_001,Tyre_rubber,28
2834,Wall_mounted_wheel_display_001/Stored_alloy_wheel_002/Tread_block_102_461,Wall_mounted_wheel_display_001,Tyre_rubber,28
2835,Wall_mounted_wheel_display_001/Stored_alloy_wheel_002/Tread_block_103_462,Wall_mounted_wheel_display_001,Tyre_rubber,28
2836,Wall_mounted_wheel_display_001/Stored_alloy_wheel_002/Tread_block_104_463,Wall_mounted_wheel_display_001,Tyre_rubber,28
2837,Wall_mounted_wheel_display_001/Stored_alloy_wheel_002/Tread_block_105_464,Wall_mounted_wheel_display_001,Tyre_rubber,28
2838,Wall_mounted_wheel_display_001/Stored_alloy_wheel_002/Tread_block_106_465,Wall_mounted_wheel_display_001,Tyre_rubber,28
2839,Wall_mounted_wheel_display_001/Stored_alloy_wheel_002/Tread_block_107_466,Wall_mounted_wheel_display_001,Tyre_rubber,28
2840,Wall_mounted_wheel_display_001/Stored_alloy_wheel_002/Tread_block_108_467,Wall_mounted_wheel_display_001,Tyre_rubber,28
2841,Wall_mounted_wheel_display_001/Stored_alloy_wheel_002/Tread_block_109_468,Wall_mounted_wheel_display_001,Tyre_rubber,28
2842,Wall_mounted_wheel_display_001/Stored_alloy_wheel_002/Tread_block_110_469,Wall_mounted_wheel_display_001,Tyre_rubber,28
2843,Wall_mounted_wheel_display_001/Stored_alloy_wheel_002/Tread_block_111_470,Wall_mounted_wheel_display_001,Tyre_rubber,28
2844,Wall_mounted_wheel_display_001/Stored_alloy_wheel_002/Tread_block_112_471,Wall_mounted_wheel_display_001,Tyre_rubber,28
2845,Wall_mounted_wheel_display_001/Stored_alloy_wheel_002/Tread_block_113_472,Wall_mounted_wheel_display_001,Tyre_rubber,28
2846,Wall_mounted_wheel_display_001/Stored_alloy_wheel_002/Tread_block_114_473,Wall_mounted_wheel_display_001,Tyre_rubber,28
2847,Wall_mounted_wheel_display_001/Stored_alloy_wheel_002/Tread_block_115_474,Wall_mounted_wheel_display_001,Tyre_rubber,28
2848,Wall_mounted_wheel_display_001/Stored_alloy_wheel_002/Tread_block_116_475,Wall_mounted_wheel_display_001,Tyre_rubber,28
2849,Wall_mounted_wheel_display_001/Stored_alloy_wheel_002/Tread_block_117_476,Wall_mounted_wheel_display_001,Tyre_rubber,28
2850,Wall_mounted_wheel_display_001/Stored_alloy_wheel_002/Tread_block_118_477,Wall_mounted_wheel_display_001,Tyre_rubber,28
2851,Wall_mounted_wheel_display_001/Stored_alloy_wheel_002/Tread_block_119_478,Wall_mounted_wheel_display_001,Tyre_rubber,28
2852,Wall_mounted_wheel_display_001/Stored_alloy_wheel_002/Tread_block_120_479,Wall_mounted_wheel_display_001,Tyre_rubber,28
2853,Wall_mounted_wheel_display_001/Stored_alloy_wheel_002/Tread_block_121_480,Wall_mounted_wheel_display_001,Tyre_rubber,28
2854,Wall_mounted_wheel_display_001/Stored_alloy_wheel_002/Tread_block_122_481,Wall_mounted_wheel_display_001,Tyre_rubber,28
2855,Wall_mounted_wheel_display_001/Stored_alloy_wheel_002/Tread_block_123_482,Wall_mounted_wheel_display_001,Tyre_rubber,28
2856,Wall_mounted_wheel_display_001/Stored_alloy_wheel_002/Tread_block_124_483,Wall_mounted_wheel_display_001,Tyre_rubber,28
2857,Wall_mounted_wheel_display_001/Stored_alloy_wheel_002/Tread_block_125_484,Wall_mounted_wheel_display_001,Tyre_rubber,28
2858,Wall_mounted_wheel_display_001/Stored_alloy_wheel_002/Tread_block_126_485,Wall_mounted_wheel_display_001,Tyre_rubber,28
2859,Wall_mounted_wheel_display_001/Stored_alloy_wheel_002/Tread_block_127_486,Wall_mounted_wheel_display_001,Tyre_rubber,28
2860,Wall_mounted_wheel_display_001/Stored_alloy_wheel_002/Tread_block_128_487,Wall_mounted_wheel_display_001,Tyre_rubber,28
2861,Wall_mounted_wheel_display_001/Stored_alloy_wheel_002/Tread_block_129_488,Wall_mounted_wheel_display_001,Tyre_rubber,28
2862,Wall_mounted_wheel_display_001/Stored_alloy_wheel_002/Tread_block_130_489,Wall_mounted_wheel_display_001,Tyre_rubber,28
2863,Wall_mounted_wheel_display_001/Stored_alloy_wheel_002/Tread_block_131_490,Wall_mounted_wheel_display_001,Tyre_rubber,28
2864,Wall_mounted_wheel_display_001/Stored_alloy_wheel_002/Tread_block_132_491,Wall_mounted_wheel_display_001,Tyre_rubber,28
2865,Wall_mounted_wheel_display_001/Stored_alloy_wheel_002/Tread_block_133_492,Wall_mounted_wheel_display_001,Tyre_rubber,28
2866,Wall_mounted_wheel_display_001/Stored_alloy_wheel_002/Tread_block_134_493,Wall_mounted_wheel_display_001,Tyre_rubber,28
2867,Wall_mounted_wheel_display_001/Stored_alloy_wheel_002/Tread_block_135_494,Wall_mounted_wheel_display_001,Tyre_rubber,28
2868,Wall_mounted_wheel_display_001/Stored_alloy_wheel_002/Tread_block_136_495,Wall_mounted_wheel_display_001,Tyre_rubber,28
2869,Wall_mounted_wheel_display_001/Stored_alloy_wheel_002/Tread_block_137_496,Wall_mounted_wheel_display_001,Tyre_rubber,28
2870,Wall_mounted_wheel_display_001/Stored_alloy_wheel_002/Tread_block_138_497,Wall_mounted_wheel_display_001,Tyre_rubber,28
2871,Wall_mounted_wheel_display_001/Stored_alloy_wheel_002/Tread_block_139_498,Wall_mounted_wheel_display_001,Tyre_rubber,28
2872,Wall_mounted_wheel_display_001/Stored_alloy_wheel_002/Tread_block_140_499,Wall_mounted_wheel_display_001,Tyre_rubber,28
2873,Wall_mounted_wheel_display_001/Stored_alloy_wheel_002/Tread_block_141_500,Wall_mounted_wheel_display_001,Tyre_rubber,28
2874,Wall_mounted_wheel_display_001/Stored_alloy_wheel_002/Tread_block_142_501,Wall_mounted_wheel_display_001,Tyre_rubber,28
2875,Wall_mounted_wheel_display_001/Stored_alloy_wheel_002/Tread_block_143_502,Wall_mounted_wheel_display_001,Tyre_rubber,28
2876,Wall_mounted_wheel_display_001/Stored_alloy_wheel_002/Tread_block_144_503,Wall_mounted_wheel_display_001,Tyre_rubber,28
2877,Wall_mounted_wheel_display_001/Stored_alloy_wheel_002/Tread_block_145_504,Wall_mounted_wheel_display_001,Tyre_rubber,28
2878,Wall_mounted_wheel_display_001/Stored_alloy_wheel_002/Tread_block_146_505,Wall_mounted_wheel_display_001,Tyre_rubber,28
2879,Wall_mounted_wheel_display_001/Stored_alloy_wheel_002/Tread_block_147_506,Wall_mounted_wheel_display_001,Tyre_rubber,28
2880,Wall_mounted_wheel_display_001/Stored_alloy_wheel_002/Tread_block_148_507,Wall_mounted_wheel_display_001,Tyre_rubber,28
2881,Wall_mounted_wheel_display_001/Stored_alloy_wheel_002/Tread_block_149_508,Wall_mounted_wheel_display_001,Tyre_rubber,28
2882,Wall_mounted_wheel_display_001/Stored_alloy_wheel_002/Tread_block_150_509,Wall_mounted_wheel_display_001,Tyre_rubber,28
2883,Wall_mounted_wheel_display_001/Stored_alloy_wheel_002/Tread_block_151_510,Wall_mounted_wheel_display_001,Tyre_rubber,28
2884,Wall_mounted_wheel_display_001/Stored_alloy_wheel_002/Tread_block_152_511,Wall_mounted_wheel_display_001,Tyre_rubber,28
2885,Wall_mounted_wheel_display_001/Stored_alloy_wheel_002/Tread_block_153_512,Wall_mounted_wheel_display_001,Tyre_rubber,28
2886,Wall_mounted_wheel_display_001/Stored_alloy_wheel_002/Tread_block_154_513,Wall_mounted_wheel_display_001,Tyre_rubber,28
2887,Wall_mounted_wheel_display_001/Stored_alloy_wheel_002/Tread_block_155_514,Wall_mounted_wheel_display_001,Tyre_rubber,28
2888,Wall_mounted_wheel_display_001/Stored_alloy_wheel_002/Tread_block_156_515,Wall_mounted_wheel_display_001,Tyre_rubber,28
2889,Wall_mounted_wheel_display_001/Stored_alloy_wheel_002/Tread_block_157_516,Wall_mounted_wheel_display_001,Tyre_rubber,28
2890,Wall_mounted_wheel_display_001/Stored_alloy_wheel_002/Tread_block_158_517,Wall_mounted_wheel_display_001,Tyre_rubber,28
2891,Wall_mounted_wheel_display_001/Stored_alloy_wheel_002/Tread_block_159_518,Wall_mounted_wheel_display_001,Tyre_rubber,28
2892,Wall_mounted_wheel_display_001/Stored_alloy_wheel_002/Tread_block_160_519,Wall_mounted_wheel_display_001,Tyre_rubber,28
2893,Wall_mounted_wheel_display_001/Stored_alloy_wheel_002/Tread_block_161_520,Wall_mounted_wheel_display_001,Tyre_rubber,28
2894,Wall_mounted_wheel_display_001/Stored_alloy_wheel_002/Tread_block_162_521,Wall_mounted_wheel_display_001,Tyre_rubber,28
2895,Wall_mounted_wheel_display_001/Stored_alloy_wheel_002/Tread_block_163_522,Wall_mounted_wheel_display_001,Tyre_rubber,28
2896,Wall_mounted_wheel_display_001/Stored_alloy_wheel_002/Tread_block_164_523,Wall_mounted_wheel_display_001,Tyre_rubber,28
2897,Wall_mounted_wheel_display_001/Stored_alloy_wheel_002/Tread_block_165_524,Wall_mounted_wheel_display_001,Tyre_rubber,28
2898,Wall_mounted_wheel_display_001/Stored_alloy_wheel_002/Tread_block_166_525,Wall_mounted_wheel_display_001,Tyre_rubber,28
2899,Wall_mounted_wheel_display_001/Stored_alloy_wheel_002/Tread_block_167_526,Wall_mounted_wheel_display_001,Tyre_rubber,28
2900,Wall_mounted_wheel_display_001/Stored_alloy_wheel_002/Tread_block_168_527,Wall_mounted_wheel_display_001,Tyre_rubber,28
2901,Wall_mounted_wheel_display_001/Stored_alloy_wheel_002/Tread_block_169_528,Wall_mounted_wheel_display_001,Tyre_rubber,28
2902,Wall_mounted_wheel_display_001/Stored_alloy_wheel_002/Tread_block_170_529,Wall_mounted_wheel_display_001,Tyre_rubber,28
2903,Wall_mounted_wheel_display_001/Stored_alloy_wheel_002/Tread_block_171_530,Wall_mounted_wheel_display_001,Tyre_rubber,28
2904,Wall_mounted_wheel_display_001/Stored_alloy_wheel_002/Tread_block_172_531,Wall_mounted_wheel_display_001,Tyre_rubber,28
2905,Wall_mounted_wheel_display_001/Stored_alloy_wheel_002/Tread_block_173_532,Wall_mounted_wheel_display_001,Tyre_rubber,28
2906,Wall_mounted_wheel_display_001/Stored_alloy_wheel_002/Tread_block_174_533,Wall_mounted_wheel_display_001,Tyre_rubber,28
2907,Wall_mounted_wheel_display_001/Stored_alloy_wheel_002/Tread_block_175_534,Wall_mounted_wheel_display_001,Tyre_rubber,28
2908,Wall_mounted_wheel_display_001/Stored_alloy_wheel_002/Tread_block_176_535,Wall_mounted_wheel_display_001,Tyre_rubber,28
2909,Wall_mounted_wheel_display_001/Stored_alloy_wheel_002/Tread_block_177_536,Wall_mounted_wheel_display_001,Tyre_rubber,28
2910,Wall_mounted_wheel_display_001/Stored_alloy_wheel_002/Tread_block_178_537,Wall_mounted_wheel_display_001,Tyre_rubber,28
2911,Wall_mounted_wheel_display_001/Stored_alloy_wheel_002/Tread_block_179_538,Wall_mounted_wheel_display_001,Tyre_rubber,28
2912,Wall_mounted_wheel_display_001/Stored_alloy_wheel_002/Tread_block_180_539,Wall_mounted_wheel_display_001,Tyre_rubber,28
2913,Wall_mounted_wheel_display_001/Stored_alloy_wheel_002/Tread_block_181_540,Wall_mounted_wheel_display_001,Tyre_rubber,28
2914,Wall_mounted_wheel_display_001/Stored_alloy_wheel_002/Tread_block_182_541,Wall_mounted_wheel_display_001,Tyre_rubber,28
2915,Wall_mounted_wheel_display_001/Stored_alloy_wheel_002/Tread_block_183_542,Wall_mounted_wheel_display_001,Tyre_rubber,28
2916,Wall_mounted_wheel_display_001/Stored_alloy_wheel_002/Tread_block_184_543,Wall_mounted_wheel_display_001,Tyre_rubber,28
2917,Wall_mounted_wheel_display_001/Stored_alloy_wheel_002/Tread_block_185_544,Wall_mounted_wheel_display_001,Tyre_rubber,28
2918,Wall_mounted_wheel_display_001/Stored_alloy_wheel_002/Tread_block_186_545,Wall_mounted_wheel_display_001,Tyre_rubber,28
2919,Wall_mounted_wheel_display_001/Stored_alloy_wheel_002/Tread_block_187_546,Wall_mounted_wheel_display_001,Tyre_rubber,28
2920,Wall_mounted_wheel_display_001/Stored_alloy_wheel_002/Tread_block_188_547,Wall_mounted_wheel_display_001,Tyre_rubber,28
2921,Wall_mounted_wheel_display_001/Stored_alloy_wheel_002/Tread_block_189_548,Wall_mounted_wheel_display_001,Tyre_rubber,28
2922,Wall_mounted_wheel_display_001/Stored_alloy_wheel_002/Tread_block_190_549,Wall_mounted_wheel_display_001,Tyre_rubber,28
2923,Wall_mounted_wheel_display_001/Stored_alloy_wheel_002/Tread_block_191_550,Wall_mounted_wheel_display_001,Tyre_rubber,28
2924,Wall_mounted_wheel_display_001/Stored_alloy_wheel_002/Tread_block_192_551,Wall_mounted_wheel_display_001,Tyre_rubber,28
2925,Wall_mounted_wheel_display_001/Stored_alloy_wheel_002/Tread_block_193_552,Wall_mounted_wheel_display_001,Tyre_rubber,28
2926,Wall_mounted_wheel_display_001/Stored_alloy_wheel_002/Tread_block_194_553,Wall_mounted_wheel_display_001,Tyre_rubber,28
2927,Wall_mounted_wheel_display_001/Stored_alloy_wheel_002/Tread_block_195_554,Wall_mounted_wheel_display_001,Tyre_rubber,28
2928,Wall_mounted_wheel_display_001/Stored_alloy_wheel_002/Tread_block_196_555,Wall_mounted_wheel_display_001,Tyre_rubber,28
2929,Wall_mounted_wheel_display_001/Stored_alloy_wheel_002/Tread_block_197_556,Wall_mounted_wheel_display_001,Tyre_rubber,28
2930,Wall_mounted_wheel_display_001/Stored_alloy_wheel_002/Tread_block_198_557,Wall_mounted_wheel_display_001,Tyre_rubber,28
2931,Wall_mounted_wheel_display_001/Stored_alloy_wheel_002/Tread_block_199_558,Wall_mounted_wheel_display_001,Tyre_rubber,28
2932,Wall_mounted_wheel_display_001/Stored_alloy_wheel_002/Tread_block_200_559,Wall_mounted_wheel_display_001,Tyre_rubber,28
2933,Wall_mounted_wheel_display_001/Stored_alloy_wheel_002/Tread_block_201_560,Wall_mounted_wheel_display_001,Tyre_rubber,28
2934,Wall_mounted_wheel_display_001/Stored_alloy_wheel_002/Tread_block_202_561,Wall_mounted_wheel_display_001,Tyre_rubber,28
2935,Wall_mounted_wheel_display_001/Stored_alloy_wheel_002/Tread_block_203_562,Wall_mounted_wheel_display_001,Tyre_rubber,28
2936,Wall_mounted_wheel_display_001/Stored_alloy_wheel_002/Tread_block_204_563,Wall_mounted_wheel_display_001,Tyre_rubber,28
2937,Wall_mounted_wheel_display_001/Stored_alloy_wheel_002/Tread_block_205_564,Wall_mounted_wheel_display_001,Tyre_rubber,28
2938,Wall_mounted_wheel_display_001/Stored_alloy_wheel_002/Tread_block_206_565,Wall_mounted_wheel_display_001,Tyre_rubber,28
2939,Wall_mounted_wheel_display_001/Stored_alloy_wheel_002/Tread_block_207_566,Wall_mounted_wheel_display_001,Tyre_rubber,28
2940,Wall_mounted_wheel_display_001/Stored_alloy_wheel_002/Tread_block_208_567,Wall_mounted_wheel_display_001,Tyre_rubber,28
2941,Wall_mounted_wheel_display_001/Stored_alloy_wheel_002/Tread_block_209_568,Wall_mounted_wheel_display_001,Tyre_rubber,28
2942,Wall_mounted_wheel_display_001/Stored_alloy_wheel_002/Tread_block_210_569,Wall_mounted_wheel_display_001,Tyre_rubber,28
2943,Wall_mounted_wheel_display_001/Stored_alloy_wheel_002/Tread_block_211_570,Wall_mounted_wheel_display_001,Tyre_rubber,28
2944,Wall_mounted_wheel_display_001/Stored_alloy_wheel_002/Tread_block_212_571,Wall_mounted_wheel_display_001,Tyre_rubber,28
2945,Wall_mounted_wheel_display_001/Stored_alloy_wheel_002/Tread_block_213_572,Wall_mounted_wheel_display_001,Tyre_rubber,28
2946,Wall_mounted_wheel_display_001/Stored_alloy_wheel_002/Tread_block_214_573,Wall_mounted_wheel_display_001,Tyre_rubber,28
2947,Wall_mounted_wheel_display_001/Stored_alloy_wheel_002/Tread_block_215_574,Wall_mounted_wheel_display_001,Tyre_rubber,28
2948,Wall_mounted_wheel_display_001/Stored_alloy_wheel_002/Tread_block_216_575,Wall_mounted_wheel_display_001,Tyre_rubber,28
2949,Wall_mounted_wheel_display_001/Stored_alloy_wheel_002/Tread_block_217_576,Wall_mounted_wheel_display_001,Tyre_rubber,28
2950,Wall_mounted_wheel_display_001/Stored_alloy_wheel_002/Tread_block_218_577,Wall_mounted_wheel_display_001,Tyre_rubber,28
2951,Wall_mounted_wheel_display_001/Stored_alloy_wheel_002/Tread_block_219_578,Wall_mounted_wheel_display_001,Tyre_rubber,28
2952,Wall_mounted_wheel_display_001/Stored_alloy_wheel_002/Tread_block_220_579,Wall_mounted_wheel_display_001,Tyre_rubber,28
2953,Wall_mounted_wheel_display_001/Stored_alloy_wheel_002/Tread_block_221_580,Wall_mounted_wheel_display_001,Tyre_rubber,28
2954,Wall_mounted_wheel_display_001/Stored_alloy_wheel_002/Tread_block_222_581,Wall_mounted_wheel_display_001,Tyre_rubber,28
2955,Wall_mounted_wheel_display_001/Stored_alloy_wheel_002/Tread_block_223_582,Wall_mounted_wheel_display_001,Tyre_rubber,28
2956,Wall_mounted_wheel_display_001/Stored_alloy_wheel_002/Tread_block_224_583,Wall_mounted_wheel_display_001,Tyre_rubber,28
2957,Wall_mounted_wheel_display_001/Stored_alloy_wheel_002/Tread_block_225_584,Wall_mounted_wheel_display_001,Tyre_rubber,28
2958,Wall_mounted_wheel_display_001/Stored_alloy_wheel_002/Tread_block_226_585,Wall_mounted_wheel_display_001,Tyre_rubber,28
2959,Wall_mounted_wheel_display_001/Stored_alloy_wheel_002/Tread_block_227_586,Wall_mounted_wheel_display_001,Tyre_rubber,28
2960,Wall_mounted_wheel_display_001/Stored_alloy_wheel_002/Tread_block_228_587,Wall_mounted_wheel_display_001,Tyre_rubber,28
2961,Wall_mounted_wheel_display_001/Stored_alloy_wheel_002/Tread_block_229_588,Wall_mounted_wheel_display_001,Tyre_rubber,28
2962,Wall_mounted_wheel_display_001/Stored_alloy_wheel_002/Tread_block_230_589,Wall_mounted_wheel_display_001,Tyre_rubber,28
2963,Wall_mounted_wheel_display_001/Stored_alloy_wheel_002/Tread_block_231_590,Wall_mounted_wheel_display_001,Tyre_rubber,28
2964,Wall_mounted_wheel_display_001/Stored_alloy_wheel_002/Tread_block_232_591,Wall_mounted_wheel_display_001,Tyre_rubber,28
2965,Wall_mounted_wheel_display_001/Stored_alloy_wheel_002/Tread_block_233_592,Wall_mounted_wheel_display_001,Tyre_rubber,28
2966,Wall_mounted_wheel_display_001/Stored_alloy_wheel_002/Tread_block_234_593,Wall_mounted_wheel_display_001,Tyre_rubber,28
2967,Wall_mounted_wheel_display_001/Stored_alloy_wheel_002/Tread_block_235_594,Wall_mounted_wheel_display_001,Tyre_rubber,28
2968,Wall_mounted_wheel_display_001/Stored_alloy_wheel_002/Tread_block_236_595,Wall_mounted_wheel_display_001,Tyre_rubber,28
2969,Wall_mounted_wheel_display_001/Stored_alloy_wheel_002/Tread_block_237_596,Wall_mounted_wheel_display_001,Tyre_rubber,28
2970,Wall_mounted_wheel_display_001/Stored_alloy_wheel_002/Tread_block_238_597,Wall_mounted_wheel_display_001,Tyre_rubber,28
2971,Wall_mounted_wheel_display_001/Stored_alloy_wheel_002/Tread_block_239_598,Wall_mounted_wheel_display_001,Tyre_rubber,28
2972,Wall_mounted_wheel_display_001/Stored_alloy_wheel_002/Tread_block_240_599,Wall_mounted_wheel_display_001,Tyre_rubber,28
2973,Wall_mounted_wheel_display_001/Stored_alloy_wheel_002/Tread_block_241_600,Wall_mounted_wheel_display_001,Tyre_rubber,28
2974,Wall_mounted_wheel_display_001/Stored_alloy_wheel_002/Tread_block_242_601,Wall_mounted_wheel_display_001,Tyre_rubber,28
2975,Wall_mounted_wheel_display_001/Stored_alloy_wheel_002/Tread_block_243_602,Wall_mounted_wheel_display_001,Tyre_rubber,28
2976,Wall_mounted_wheel_display_001/Stored_alloy_wheel_002/Tread_block_244_603,Wall_mounted_wheel_display_001,Tyre_rubber,28
2977,Wall_mounted_wheel_display_001/Stored_alloy_wheel_002/Tread_block_245_604,Wall_mounted_wheel_display_001,Tyre_rubber,28
2978,Wall_mounted_wheel_display_001/Stored_alloy_wheel_002/Tread_block_246_605,Wall_mounted_wheel_display_001,Tyre_rubber,28
2979,Wall_mounted_wheel_display_001/Stored_alloy_wheel_002/Tread_block_247_606,Wall_mounted_wheel_display_001,Tyre_rubber,28
2980,Wall_mounted_wheel_display_001/Stored_alloy_wheel_002/Tread_block_248_607,Wall_mounted_wheel_display_001,Tyre_rubber,28
2981,Wall_mounted_wheel_display_001/Stored_alloy_wheel_002/Tread_block_249_608,Wall_mounted_wheel_display_001,Tyre_rubber,28
2982,Wall_mounted_wheel_display_001/Stored_alloy_wheel_002/Tread_block_250_609,Wall_mounted_wheel_display_001,Tyre_rubber,28
2983,Wall_mounted_wheel_display_001/Stored_alloy_wheel_002/Tread_block_251_610,Wall_mounted_wheel_display_001,Tyre_rubber,28
2984,Wall_mounted_wheel_display_001/Stored_alloy_wheel_002/Tread_block_252_611,Wall_mounted_wheel_display_001,Tyre_rubber,28
2985,Wall_mounted_wheel_display_001/Stored_alloy_wheel_002/Tread_block_253_612,Wall_mounted_wheel_display_001,Tyre_rubber,28
2986,Wall_mounted_wheel_display_001/Stored_alloy_wheel_002/Tread_block_254_613,Wall_mounted_wheel_display_001,Tyre_rubber,28
2987,Wall_mounted_wheel_display_001/Stored_alloy_wheel_002/Tread_block_255_614,Wall_mounted_wheel_display_001,Tyre_rubber,28
2988,Wall_mounted_wheel_display_001/Stored_alloy_wheel_002/Tread_block_256_615,Wall_mounted_wheel_display_001,Tyre_rubber,28
2989,Wall_mounted_wheel_display_001/Stored_alloy_wheel_002/Tread_block_257_616,Wall_mounted_wheel_display_001,Tyre_rubber,28
2990,Wall_mounted_wheel_display_001/Stored_alloy_wheel_002/Tread_block_258_617,Wall_mounted_wheel_display_001,Tyre_rubber,28
2991,Wall_mounted_wheel_display_001/Stored_alloy_wheel_002/Tread_block_259_618,Wall_mounted_wheel_display_001,Tyre_rubber,28
2992,Wall_mounted_wheel_display_001/Stored_alloy_wheel_002/Tread_block_260_619,Wall_mounted_wheel_display_001,Tyre_rubber,28
2993,Wall_mounted_wheel_display_001/Stored_alloy_wheel_002/Tread_block_261_620,Wall_mounted_wheel_display_001,Tyre_rubber,28
2994,Wall_mounted_wheel_display_001/Stored_alloy_wheel_002/Tread_block_262_621,Wall_mounted_wheel_display_001,Tyre_rubber,28
2995,Wall_mounted_wheel_display_001/Stored_alloy_wheel_002/Tread_block_263_622,Wall_mounted_wheel_display_001,Tyre_rubber,28
2996,Wall_mounted_wheel_display_001/Stored_alloy_wheel_002/Tread_block_264_623,Wall_mounted_wheel_display_001,Tyre_rubber,28
2997,Wall_mounted_wheel_display_001/Stored_alloy_wheel_002/Tread_block_265_624,Wall_mounted_wheel_display_001,Tyre_rubber,28
2998,Wall_mounted_wheel_display_001/Stored_alloy_wheel_002/Tread_block_266_625,Wall_mounted_wheel_display_001,Tyre_rubber,28
2999,Wall_mounted_wheel_display_001/Stored_alloy_wheel_002/Tread_block_267_626,Wall_mounted_wheel_display_001,Tyre_rubber,28
3000,Wall_mounted_wheel_display_001/Stored_alloy_wheel_002/Tread_block_268_627,Wall_mounted_wheel_display_001,Tyre_rubber,28
3001,Wall_mounted_wheel_display_001/Stored_alloy_wheel_002/Tread_block_269_628,Wall_mounted_wheel_display_001,Tyre_rubber,28
3002,Wall_mounted_wheel_display_001/Stored_alloy_wheel_002/Tread_block_270_629,Wall_mounted_wheel_display_001,Tyre_rubber,28
3003,Wall_mounted_wheel_display_001/Stored_alloy_wheel_002/Tread_block_271_630,Wall_mounted_wheel_display_001,Tyre_rubber,28
3004,Wall_mounted_wheel_display_001/Stored_alloy_wheel_002/Tread_block_272_631,Wall_mounted_wheel_display_001,Tyre_rubber,28
3005,Wall_mounted_wheel_display_001/Stored_alloy_wheel_002/Tread_block_273_632,Wall_mounted_wheel_display_001,Tyre_rubber,28
3006,Wall_mounted_wheel_display_001/Stored_alloy_wheel_002/Tread_block_274_633,Wall_mounted_wheel_display_001,Tyre_rubber,28
3007,Wall_mounted_wheel_display_001/Stored_alloy_wheel_002/Tread_block_275_634,Wall_mounted_wheel_display_001,Tyre_rubber,28
3008,Wall_mounted_wheel_display_001/Stored_alloy_wheel_002/Tread_block_276_635,Wall_mounted_wheel_display_001,Tyre_rubber,28
3009,Wall_mounted_wheel_display_001/Stored_alloy_wheel_002/Tread_block_277_636,Wall_mounted_wheel_display_001,Tyre_rubber,28
3010,Wall_mounted_wheel_display_001/Stored_alloy_wheel_002/Tread_block_278_637,Wall_mounted_wheel_display_001,Tyre_rubber,28
3011,Wall_mounted_wheel_display_001/Stored_alloy_wheel_002/Tread_block_279_638,Wall_mounted_wheel_display_001,Tyre_rubber,28
3012,Wall_mounted_wheel_display_001/Stored_alloy_wheel_002/Tread_block_280_639,Wall_mounted_wheel_display_001,Tyre_rubber,28
3013,Wall_mounted_wheel_display_001/Stored_alloy_wheel_002/Tread_block_281_640,Wall_mounted_wheel_display_001,Tyre_rubber,28
3014,Wall_mounted_wheel_display_001/Stored_alloy_wheel_002/Tread_block_282_641,Wall_mounted_wheel_display_001,Tyre_rubber,28
3015,Wall_mounted_wheel_display_001/Stored_alloy_wheel_002/Tread_block_283_642,Wall_mounted_wheel_display_001,Tyre_rubber,28
3016,Wall_mounted_wheel_display_001/Stored_alloy_wheel_002/Tread_block_284_643,Wall_mounted_wheel_display_001,Tyre_rubber,28
3017,Wall_mounted_wheel_display_001/Stored_alloy_wheel_002/Tread_block_285_644,Wall_mounted_wheel_display_001,Tyre_rubber,28
3018,Wall_mounted_wheel_display_001/Stored_alloy_wheel_002/Tread_block_286_645,Wall_mounted_wheel_display_001,Tyre_rubber,28
3019,Wall_mounted_wheel_display_001/Stored_alloy_wheel_002/Tread_block_287_646,Wall_mounted_wheel_display_001,Tyre_rubber,28
3020,Wall_mounted_wheel_display_001/Stored_alloy_wheel_002/Tread_block_288_647,Wall_mounted_wheel_display_001,Tyre_rubber,28
3021,Wall_mounted_wheel_display_001/Stored_alloy_wheel_002/Tread_block_289_648,Wall_mounted_wheel_display_001,Tyre_rubber,28
3022,Wall_mounted_wheel_display_001/Stored_alloy_wheel_002/Tread_block_290_649,Wall_mounted_wheel_display_001,Tyre_rubber,28
3023,Wall_mounted_wheel_display_001/Stored_alloy_wheel_002/Tread_block_291_650,Wall_mounted_wheel_display_001,Tyre_rubber,28
3024,Wall_mounted_wheel_display_001/Stored_alloy_wheel_002/Tread_block_292_651,Wall_mounted_wheel_display_001,Tyre_rubber,28
3025,Wall_mounted_wheel_display_001/Stored_alloy_wheel_002/Tread_block_293_652,Wall_mounted_wheel_display_001,Tyre_rubber,28
3026,Wall_mounted_wheel_display_001/Stored_alloy_wheel_002/Tread_block_294_653,Wall_mounted_wheel_display_001,Tyre_rubber,28
3027,Wall_mounted_wheel_display_001/Stored_alloy_wheel_002/Tread_block_295_654,Wall_mounted_wheel_display_001,Tyre_rubber,28
3028,Wall_mounted_wheel_display_001/Stored_alloy_wheel_002/Tread_block_296_655,Wall_mounted_wheel_display_001,Tyre_rubber,28
3029,Wall_mounted_wheel_display_001/Stored_alloy_wheel_002/Tread_block_297_656,Wall_mounted_wheel_display_001,Tyre_rubber,28
3030,Wall_mounted_wheel_display_001/Stored_alloy_wheel_002/Tread_block_298_657,Wall_mounted_wheel_display_001,Tyre_rubber,28
3031,Wall_mounted_wheel_display_001/Stored_alloy_wheel_002/Tread_block_299_658,Wall_mounted_wheel_display_001,Tyre_rubber,28
3032,Wall_mounted_wheel_display_001/Stored_alloy_wheel_002/Tread_block_300_659,Wall_mounted_wheel_display_001,Tyre_rubber,28
3033,Wall_mounted_wheel_display_001/Stored_alloy_wheel_002/Tread_block_301_660,Wall_mounted_wheel_display_001,Tyre_rubber,28
3034,Wall_mounted_wheel_display_001/Stored_alloy_wheel_002/Tread_block_302_661,Wall_mounted_wheel_display_001,Tyre_rubber,28
3035,Wall_mounted_wheel_display_001/Stored_alloy_wheel_002/Tread_block_303_662,Wall_mounted_wheel_display_001,Tyre_rubber,28
3036,Wall_mounted_wheel_display_001/Stored_alloy_wheel_002/Tread_block_304_663,Wall_mounted_wheel_display_001,Tyre_rubber,28
3037,Wall_mounted_wheel_display_001/Stored_alloy_wheel_002/Tread_block_305_664,Wall_mounted_wheel_display_001,Tyre_rubber,28
3038,Wall_mounted_wheel_display_001/Stored_alloy_wheel_002/Tread_block_306_665,Wall_mounted_wheel_display_001,Tyre_rubber,28
3039,Wall_mounted_wheel_display_001/Stored_alloy_wheel_002/Tread_block_307_666,Wall_mounted_wheel_display_001,Tyre_rubber,28
3040,Wall_mounted_wheel_display_001/Stored_alloy_wheel_002/Tread_block_308_667,Wall_mounted_wheel_display_001,Tyre_rubber,28
3041,Wall_mounted_wheel_display_001/Stored_alloy_wheel_002/Tread_block_309_668,Wall_mounted_wheel_display_001,Tyre_rubber,28
3042,Wall_mounted_wheel_display_001/Stored_alloy_wheel_002/Tread_block_310_669,Wall_mounted_wheel_display_001,Tyre_rubber,28
3043,Wall_mounted_wheel_display_001/Stored_alloy_wheel_002/Tread_block_311_670,Wall_mounted_wheel_display_001,Tyre_rubber,28
3044,Wall_mounted_wheel_display_001/Stored_alloy_wheel_002/Tread_block_312_671,Wall_mounted_wheel_display_001,Tyre_rubber,28
3045,Wall_mounted_wheel_display_001/Stored_alloy_wheel_002/Tread_block_313_672,Wall_mounted_wheel_display_001,Tyre_rubber,28
3046,Wall_mounted_wheel_display_001/Stored_alloy_wheel_002/Tread_block_314_673,Wall_mounted_wheel_display_001,Tyre_rubber,28
3047,Wall_mounted_wheel_display_001/Stored_alloy_wheel_002/Tread_block_315_674,Wall_mounted_wheel_display_001,Tyre_rubber,28
3048,Wall_mounted_wheel_display_001/Stored_alloy_wheel_002/Tread_block_316_675,Wall_mounted_wheel_display_001,Tyre_rubber,28
3049,Wall_mounted_wheel_display_001/Stored_alloy_wheel_002/Tread_block_317_676,Wall_mounted_wheel_display_001,Tyre_rubber,28
3050,Wall_mounted_wheel_display_001/Stored_alloy_wheel_002/Tread_block_318_677,Wall_mounted_wheel_display_001,Tyre_rubber,28
3051,Wall_mounted_wheel_display_001/Stored_alloy_wheel_002/Tread_block_319_678,Wall_mounted_wheel_display_001,Tyre_rubber,28
3052,Wall_mounted_wheel_display_001/Stored_alloy_wheel_002/Tread_block_320_679,Wall_mounted_wheel_display_001,Tyre_rubber,28
3053,Wall_mounted_wheel_display_001/Stored_alloy_wheel_002/Bead_lip_321_680,Wall_mounted_wheel_display_001,Tyre_rubber,768
3054,Wall_mounted_wheel_display_001/Stored_alloy_wheel_002/Moulded_sidewall_line_322_681,Wall_mounted_wheel_display_001,Tyre_rubber,512
3055,Wall_mounted_wheel_display_001/Stored_alloy_wheel_002/Inner_sidewall_line_323_682,Wall_mounted_wheel_display_001,Tyre_rubber,512
3056,Wall_mounted_wheel_display_001/Stored_alloy_wheel_002/Bead_lip_324_683,Wall_mounted_wheel_display_001,Tyre_rubber,768
3057,Wall_mounted_wheel_display_001/Stored_alloy_wheel_002/Moulded_sidewall_line_325_684,Wall_mounted_wheel_display_001,Tyre_rubber,512
3058,Wall_mounted_wheel_display_001/Stored_alloy_wheel_002/Inner_sidewall_line_326_685,Wall_mounted_wheel_display_001,Tyre_rubber,512
3059,Wall_mounted_wheel_display_001/Stored_alloy_wheel_002/Embossed_tyre_specification_327_686,Wall_mounted_wheel_display_001,Moulded_tyresize_275_35_R19,128
3060,Wall_mounted_wheel_display_001/Stored_alloy_wheel_002/Embossed_tyre_specification_reverse_328_687,Wall_mounted_wheel_display_001,Moulded_tyresize_275_35_R19,128
3061,Wall_mounted_wheel_display_001/Stored_alloy_wheel_002/Alloy_wheel_barrel_329_688,Wall_mounted_wheel_display_001,Brushed_alloy,512
3062,Wall_mounted_wheel_display_001/Stored_alloy_wheel_002/Polished_rim_lip_330_689,Wall_mounted_wheel_display_001,Brushed_alloy,768
3063,Wall_mounted_wheel_display_001/Stored_alloy_wheel_002/Rim_back_lip_331_690,Wall_mounted_wheel_display_001,Brushed_alloy,768
3064,Wall_mounted_wheel_display_001/Stored_alloy_wheel_002/Cast_alloy_spoke_332_691,Wall_mounted_wheel_display_001,Brushed_alloy,44
3065,Wall_mounted_wheel_display_001/Stored_alloy_wheel_002/Cast_alloy_spoke_333_692,Wall_mounted_wheel_display_001,Brushed_alloy,44
3066,Wall_mounted_wheel_display_001/Stored_alloy_wheel_002/Cast_alloy_spoke_334_693,Wall_mounted_wheel_display_001,Brushed_alloy,44
3067,Wall_mounted_wheel_display_001/Stored_alloy_wheel_002/Cast_alloy_spoke_335_694,Wall_mounted_wheel_display_001,Brushed_alloy,44
3068,Wall_mounted_wheel_display_001/Stored_alloy_wheel_002/Cast_alloy_spoke_336_695,Wall_mounted_wheel_display_001,Brushed_alloy,44
3069,Wall_mounted_wheel_display_001/Stored_alloy_wheel_002/Cast_alloy_spoke_337_696,Wall_mounted_wheel_display_001,Brushed_alloy,44
3070,Wall_mounted_wheel_display_001/Stored_alloy_wheel_002/Cast_alloy_spoke_338_697,Wall_mounted_wheel_display_001,Brushed_alloy,44
3071,Wall_mounted_wheel_display_001/Stored_alloy_wheel_002/Cast_alloy_spoke_339_698,Wall_mounted_wheel_display_001,Brushed_alloy,44
3072,Wall_mounted_wheel_display_001/Stored_alloy_wheel_002/Cast_alloy_spoke_340_699,Wall_mounted_wheel_display_001,Brushed_alloy,44
3073,Wall_mounted_wheel_display_001/Stored_alloy_wheel_002/Cast_alloy_spoke_341_700,Wall_mounted_wheel_display_001,Brushed_alloy,44
3074,Wall_mounted_wheel_display_001/Stored_alloy_wheel_002/Wheel_hub_342_701,Wall_mounted_wheel_display_001,Aged_black_steel,128
3075,Wall_mounted_wheel_display_001/Stored_alloy_wheel_002/Center_cap_343_702,Wall_mounted_wheel_display_001,Brushed_alloy,96
3076,Wall_mounted_wheel_display_001/Stored_alloy_wheel_002/Wheel_lug_nut_344_703,Wall_mounted_wheel_display_001,Brushed_alloy,24
3077,Wall_mounted_wheel_display_001/Stored_alloy_wheel_002/Wheel_lug_nut_345_704,Wall_mounted_wheel_display_001,Brushed_alloy,24
3078,Wall_mounted_wheel_display_001/Stored_alloy_wheel_002/Wheel_lug_nut_346_705,Wall_mounted_wheel_display_001,Brushed_alloy,24
3079,Wall_mounted_wheel_display_001/Stored_alloy_wheel_002/Wheel_lug_nut_347_706,Wall_mounted_wheel_display_001,Brushed_alloy,24
3080,Wall_mounted_wheel_display_001/Stored_alloy_wheel_002/Wheel_lug_nut_348_707,Wall_mounted_wheel_display_001,Brushed_alloy,24
3081,Wall_mounted_wheel_display_001/Stored_alloy_wheel_002/Air_valve_stem_349_708,Wall_mounted_wheel_display_001,Tyre_rubber,48
3082,Wall_mounted_wheel_display_001/Stored_alloy_wheel_002/Valve_dust_cap_350_709,Wall_mounted_wheel_display_001,Aged_black_steel,48
3083,Wall_mounted_wheel_display_001/Hex_fastener_710,Wall_mounted_wheel_display_001,Brushed_alloy,24
3084,Wall_mounted_wheel_display_001/Hex_fastener_711,Wall_mounted_wheel_display_001,Brushed_alloy,24
3085,Wall_mounted_wheel_display_002/Wheel_display_upright_000,Wall_mounted_wheel_display_002,Aged_black_steel,44
3086,Wall_mounted_wheel_display_002/Wheel_display_upright_001,Wall_mounted_wheel_display_002,Aged_black_steel,44
3087,Wall_mounted_wheel_display_002/Wheel_display_tray_002,Wall_mounted_wheel_display_002,Aged_black_steel,44
3088,Wall_mounted_wheel_display_002/Display_top_rail_003,Wall_mounted_wheel_display_002,Aged_black_steel,44
3089,Wall_mounted_wheel_display_002/Stored_alloy_wheel_003/Tyre_carcass_205_55_R16_000_004,Wall_mounted_wheel_display_002,Tyre_rubber,3072
3090,Wall_mounted_wheel_display_002/Stored_alloy_wheel_003/Tread_block_001_005,Wall_mounted_wheel_display_002,Tyre_rubber,28
3091,Wall_mounted_wheel_display_002/Stored_alloy_wheel_003/Tread_block_002_006,Wall_mounted_wheel_display_002,Tyre_rubber,28
3092,Wall_mounted_wheel_display_002/Stored_alloy_wheel_003/Tread_block_003_007,Wall_mounted_wheel_display_002,Tyre_rubber,28
3093,Wall_mounted_wheel_display_002/Stored_alloy_wheel_003/Tread_block_004_008,Wall_mounted_wheel_display_002,Tyre_rubber,28
3094,Wall_mounted_wheel_display_002/Stored_alloy_wheel_003/Tread_block_005_009,Wall_mounted_wheel_display_002,Tyre_rubber,28
3095,Wall_mounted_wheel_display_002/Stored_alloy_wheel_003/Tread_block_006_010,Wall_mounted_wheel_display_002,Tyre_rubber,28
3096,Wall_mounted_wheel_display_002/Stored_alloy_wheel_003/Tread_block_007_011,Wall_mounted_wheel_display_002,Tyre_rubber,28
3097,Wall_mounted_wheel_display_002/Stored_alloy_wheel_003/Tread_block_008_012,Wall_mounted_wheel_display_002,Tyre_rubber,28
3098,Wall_mounted_wheel_display_002/Stored_alloy_wheel_003/Tread_block_009_013,Wall_mounted_wheel_display_002,Tyre_rubber,28
3099,Wall_mounted_wheel_display_002/Stored_alloy_wheel_003/Tread_block_010_014,Wall_mounted_wheel_display_002,Tyre_rubber,28
3100,Wall_mounted_wheel_display_002/Stored_alloy_wheel_003/Tread_block_011_015,Wall_mounted_wheel_display_002,Tyre_rubber,28
3101,Wall_mounted_wheel_display_002/Stored_alloy_wheel_003/Tread_block_012_016,Wall_mounted_wheel_display_002,Tyre_rubber,28
3102,Wall_mounted_wheel_display_002/Stored_alloy_wheel_003/Tread_block_013_017,Wall_mounted_wheel_display_002,Tyre_rubber,28
3103,Wall_mounted_wheel_display_002/Stored_alloy_wheel_003/Tread_block_014_018,Wall_mounted_wheel_display_002,Tyre_rubber,28
3104,Wall_mounted_wheel_display_002/Stored_alloy_wheel_003/Tread_block_015_019,Wall_mounted_wheel_display_002,Tyre_rubber,28
3105,Wall_mounted_wheel_display_002/Stored_alloy_wheel_003/Tread_block_016_020,Wall_mounted_wheel_display_002,Tyre_rubber,28
3106,Wall_mounted_wheel_display_002/Stored_alloy_wheel_003/Tread_block_017_021,Wall_mounted_wheel_display_002,Tyre_rubber,28
3107,Wall_mounted_wheel_display_002/Stored_alloy_wheel_003/Tread_block_018_022,Wall_mounted_wheel_display_002,Tyre_rubber,28
3108,Wall_mounted_wheel_display_002/Stored_alloy_wheel_003/Tread_block_019_023,Wall_mounted_wheel_display_002,Tyre_rubber,28
3109,Wall_mounted_wheel_display_002/Stored_alloy_wheel_003/Tread_block_020_024,Wall_mounted_wheel_display_002,Tyre_rubber,28
3110,Wall_mounted_wheel_display_002/Stored_alloy_wheel_003/Tread_block_021_025,Wall_mounted_wheel_display_002,Tyre_rubber,28
3111,Wall_mounted_wheel_display_002/Stored_alloy_wheel_003/Tread_block_022_026,Wall_mounted_wheel_display_002,Tyre_rubber,28
3112,Wall_mounted_wheel_display_002/Stored_alloy_wheel_003/Tread_block_023_027,Wall_mounted_wheel_display_002,Tyre_rubber,28
3113,Wall_mounted_wheel_display_002/Stored_alloy_wheel_003/Tread_block_024_028,Wall_mounted_wheel_display_002,Tyre_rubber,28
3114,Wall_mounted_wheel_display_002/Stored_alloy_wheel_003/Tread_block_025_029,Wall_mounted_wheel_display_002,Tyre_rubber,28
3115,Wall_mounted_wheel_display_002/Stored_alloy_wheel_003/Tread_block_026_030,Wall_mounted_wheel_display_002,Tyre_rubber,28
3116,Wall_mounted_wheel_display_002/Stored_alloy_wheel_003/Tread_block_027_031,Wall_mounted_wheel_display_002,Tyre_rubber,28
3117,Wall_mounted_wheel_display_002/Stored_alloy_wheel_003/Tread_block_028_032,Wall_mounted_wheel_display_002,Tyre_rubber,28
3118,Wall_mounted_wheel_display_002/Stored_alloy_wheel_003/Tread_block_029_033,Wall_mounted_wheel_display_002,Tyre_rubber,28
3119,Wall_mounted_wheel_display_002/Stored_alloy_wheel_003/Tread_block_030_034,Wall_mounted_wheel_display_002,Tyre_rubber,28
3120,Wall_mounted_wheel_display_002/Stored_alloy_wheel_003/Tread_block_031_035,Wall_mounted_wheel_display_002,Tyre_rubber,28
3121,Wall_mounted_wheel_display_002/Stored_alloy_wheel_003/Tread_block_032_036,Wall_mounted_wheel_display_002,Tyre_rubber,28
3122,Wall_mounted_wheel_display_002/Stored_alloy_wheel_003/Tread_block_033_037,Wall_mounted_wheel_display_002,Tyre_rubber,28
3123,Wall_mounted_wheel_display_002/Stored_alloy_wheel_003/Tread_block_034_038,Wall_mounted_wheel_display_002,Tyre_rubber,28
3124,Wall_mounted_wheel_display_002/Stored_alloy_wheel_003/Tread_block_035_039,Wall_mounted_wheel_display_002,Tyre_rubber,28
3125,Wall_mounted_wheel_display_002/Stored_alloy_wheel_003/Tread_block_036_040,Wall_mounted_wheel_display_002,Tyre_rubber,28
3126,Wall_mounted_wheel_display_002/Stored_alloy_wheel_003/Tread_block_037_041,Wall_mounted_wheel_display_002,Tyre_rubber,28
3127,Wall_mounted_wheel_display_002/Stored_alloy_wheel_003/Tread_block_038_042,Wall_mounted_wheel_display_002,Tyre_rubber,28
3128,Wall_mounted_wheel_display_002/Stored_alloy_wheel_003/Tread_block_039_043,Wall_mounted_wheel_display_002,Tyre_rubber,28
3129,Wall_mounted_wheel_display_002/Stored_alloy_wheel_003/Tread_block_040_044,Wall_mounted_wheel_display_002,Tyre_rubber,28
3130,Wall_mounted_wheel_display_002/Stored_alloy_wheel_003/Tread_block_041_045,Wall_mounted_wheel_display_002,Tyre_rubber,28
3131,Wall_mounted_wheel_display_002/Stored_alloy_wheel_003/Tread_block_042_046,Wall_mounted_wheel_display_002,Tyre_rubber,28
3132,Wall_mounted_wheel_display_002/Stored_alloy_wheel_003/Tread_block_043_047,Wall_mounted_wheel_display_002,Tyre_rubber,28
3133,Wall_mounted_wheel_display_002/Stored_alloy_wheel_003/Tread_block_044_048,Wall_mounted_wheel_display_002,Tyre_rubber,28
3134,Wall_mounted_wheel_display_002/Stored_alloy_wheel_003/Tread_block_045_049,Wall_mounted_wheel_display_002,Tyre_rubber,28
3135,Wall_mounted_wheel_display_002/Stored_alloy_wheel_003/Tread_block_046_050,Wall_mounted_wheel_display_002,Tyre_rubber,28
3136,Wall_mounted_wheel_display_002/Stored_alloy_wheel_003/Tread_block_047_051,Wall_mounted_wheel_display_002,Tyre_rubber,28
3137,Wall_mounted_wheel_display_002/Stored_alloy_wheel_003/Tread_block_048_052,Wall_mounted_wheel_display_002,Tyre_rubber,28
3138,Wall_mounted_wheel_display_002/Stored_alloy_wheel_003/Tread_block_049_053,Wall_mounted_wheel_display_002,Tyre_rubber,28
3139,Wall_mounted_wheel_display_002/Stored_alloy_wheel_003/Tread_block_050_054,Wall_mounted_wheel_display_002,Tyre_rubber,28
3140,Wall_mounted_wheel_display_002/Stored_alloy_wheel_003/Tread_block_051_055,Wall_mounted_wheel_display_002,Tyre_rubber,28
3141,Wall_mounted_wheel_display_002/Stored_alloy_wheel_003/Tread_block_052_056,Wall_mounted_wheel_display_002,Tyre_rubber,28
3142,Wall_mounted_wheel_display_002/Stored_alloy_wheel_003/Tread_block_053_057,Wall_mounted_wheel_display_002,Tyre_rubber,28
3143,Wall_mounted_wheel_display_002/Stored_alloy_wheel_003/Tread_block_054_058,Wall_mounted_wheel_display_002,Tyre_rubber,28
3144,Wall_mounted_wheel_display_002/Stored_alloy_wheel_003/Tread_block_055_059,Wall_mounted_wheel_display_002,Tyre_rubber,28
3145,Wall_mounted_wheel_display_002/Stored_alloy_wheel_003/Tread_block_056_060,Wall_mounted_wheel_display_002,Tyre_rubber,28
3146,Wall_mounted_wheel_display_002/Stored_alloy_wheel_003/Tread_block_057_061,Wall_mounted_wheel_display_002,Tyre_rubber,28
3147,Wall_mounted_wheel_display_002/Stored_alloy_wheel_003/Tread_block_058_062,Wall_mounted_wheel_display_002,Tyre_rubber,28
3148,Wall_mounted_wheel_display_002/Stored_alloy_wheel_003/Tread_block_059_063,Wall_mounted_wheel_display_002,Tyre_rubber,28
3149,Wall_mounted_wheel_display_002/Stored_alloy_wheel_003/Tread_block_060_064,Wall_mounted_wheel_display_002,Tyre_rubber,28
3150,Wall_mounted_wheel_display_002/Stored_alloy_wheel_003/Tread_block_061_065,Wall_mounted_wheel_display_002,Tyre_rubber,28
3151,Wall_mounted_wheel_display_002/Stored_alloy_wheel_003/Tread_block_062_066,Wall_mounted_wheel_display_002,Tyre_rubber,28
3152,Wall_mounted_wheel_display_002/Stored_alloy_wheel_003/Tread_block_063_067,Wall_mounted_wheel_display_002,Tyre_rubber,28
3153,Wall_mounted_wheel_display_002/Stored_alloy_wheel_003/Tread_block_064_068,Wall_mounted_wheel_display_002,Tyre_rubber,28
3154,Wall_mounted_wheel_display_002/Stored_alloy_wheel_003/Tread_block_065_069,Wall_mounted_wheel_display_002,Tyre_rubber,28
3155,Wall_mounted_wheel_display_002/Stored_alloy_wheel_003/Tread_block_066_070,Wall_mounted_wheel_display_002,Tyre_rubber,28
3156,Wall_mounted_wheel_display_002/Stored_alloy_wheel_003/Tread_block_067_071,Wall_mounted_wheel_display_002,Tyre_rubber,28
3157,Wall_mounted_wheel_display_002/Stored_alloy_wheel_003/Tread_block_068_072,Wall_mounted_wheel_display_002,Tyre_rubber,28
3158,Wall_mounted_wheel_display_002/Stored_alloy_wheel_003/Tread_block_069_073,Wall_mounted_wheel_display_002,Tyre_rubber,28
3159,Wall_mounted_wheel_display_002/Stored_alloy_wheel_003/Tread_block_070_074,Wall_mounted_wheel_display_002,Tyre_rubber,28
3160,Wall_mounted_wheel_display_002/Stored_alloy_wheel_003/Tread_block_071_075,Wall_mounted_wheel_display_002,Tyre_rubber,28
3161,Wall_mounted_wheel_display_002/Stored_alloy_wheel_003/Tread_block_072_076,Wall_mounted_wheel_display_002,Tyre_rubber,28
3162,Wall_mounted_wheel_display_002/Stored_alloy_wheel_003/Tread_block_073_077,Wall_mounted_wheel_display_002,Tyre_rubber,28
3163,Wall_mounted_wheel_display_002/Stored_alloy_wheel_003/Tread_block_074_078,Wall_mounted_wheel_display_002,Tyre_rubber,28
3164,Wall_mounted_wheel_display_002/Stored_alloy_wheel_003/Tread_block_075_079,Wall_mounted_wheel_display_002,Tyre_rubber,28
3165,Wall_mounted_wheel_display_002/Stored_alloy_wheel_003/Tread_block_076_080,Wall_mounted_wheel_display_002,Tyre_rubber,28
3166,Wall_mounted_wheel_display_002/Stored_alloy_wheel_003/Tread_block_077_081,Wall_mounted_wheel_display_002,Tyre_rubber,28
3167,Wall_mounted_wheel_display_002/Stored_alloy_wheel_003/Tread_block_078_082,Wall_mounted_wheel_display_002,Tyre_rubber,28
3168,Wall_mounted_wheel_display_002/Stored_alloy_wheel_003/Tread_block_079_083,Wall_mounted_wheel_display_002,Tyre_rubber,28
3169,Wall_mounted_wheel_display_002/Stored_alloy_wheel_003/Tread_block_080_084,Wall_mounted_wheel_display_002,Tyre_rubber,28
3170,Wall_mounted_wheel_display_002/Stored_alloy_wheel_003/Tread_block_081_085,Wall_mounted_wheel_display_002,Tyre_rubber,28
3171,Wall_mounted_wheel_display_002/Stored_alloy_wheel_003/Tread_block_082_086,Wall_mounted_wheel_display_002,Tyre_rubber,28
3172,Wall_mounted_wheel_display_002/Stored_alloy_wheel_003/Tread_block_083_087,Wall_mounted_wheel_display_002,Tyre_rubber,28
3173,Wall_mounted_wheel_display_002/Stored_alloy_wheel_003/Tread_block_084_088,Wall_mounted_wheel_display_002,Tyre_rubber,28
3174,Wall_mounted_wheel_display_002/Stored_alloy_wheel_003/Tread_block_085_089,Wall_mounted_wheel_display_002,Tyre_rubber,28
3175,Wall_mounted_wheel_display_002/Stored_alloy_wheel_003/Tread_block_086_090,Wall_mounted_wheel_display_002,Tyre_rubber,28
3176,Wall_mounted_wheel_display_002/Stored_alloy_wheel_003/Tread_block_087_091,Wall_mounted_wheel_display_002,Tyre_rubber,28
3177,Wall_mounted_wheel_display_002/Stored_alloy_wheel_003/Tread_block_088_092,Wall_mounted_wheel_display_002,Tyre_rubber,28
3178,Wall_mounted_wheel_display_002/Stored_alloy_wheel_003/Tread_block_089_093,Wall_mounted_wheel_display_002,Tyre_rubber,28
3179,Wall_mounted_wheel_display_002/Stored_alloy_wheel_003/Tread_block_090_094,Wall_mounted_wheel_display_002,Tyre_rubber,28
3180,Wall_mounted_wheel_display_002/Stored_alloy_wheel_003/Tread_block_091_095,Wall_mounted_wheel_display_002,Tyre_rubber,28
3181,Wall_mounted_wheel_display_002/Stored_alloy_wheel_003/Tread_block_092_096,Wall_mounted_wheel_display_002,Tyre_rubber,28
3182,Wall_mounted_wheel_display_002/Stored_alloy_wheel_003/Tread_block_093_097,Wall_mounted_wheel_display_002,Tyre_rubber,28
3183,Wall_mounted_wheel_display_002/Stored_alloy_wheel_003/Tread_block_094_098,Wall_mounted_wheel_display_002,Tyre_rubber,28
3184,Wall_mounted_wheel_display_002/Stored_alloy_wheel_003/Tread_block_095_099,Wall_mounted_wheel_display_002,Tyre_rubber,28
3185,Wall_mounted_wheel_display_002/Stored_alloy_wheel_003/Tread_block_096_100,Wall_mounted_wheel_display_002,Tyre_rubber,28
3186,Wall_mounted_wheel_display_002/Stored_alloy_wheel_003/Tread_block_097_101,Wall_mounted_wheel_display_002,Tyre_rubber,28
3187,Wall_mounted_wheel_display_002/Stored_alloy_wheel_003/Tread_block_098_102,Wall_mounted_wheel_display_002,Tyre_rubber,28
3188,Wall_mounted_wheel_display_002/Stored_alloy_wheel_003/Tread_block_099_103,Wall_mounted_wheel_display_002,Tyre_rubber,28
3189,Wall_mounted_wheel_display_002/Stored_alloy_wheel_003/Tread_block_100_104,Wall_mounted_wheel_display_002,Tyre_rubber,28
3190,Wall_mounted_wheel_display_002/Stored_alloy_wheel_003/Tread_block_101_105,Wall_mounted_wheel_display_002,Tyre_rubber,28
3191,Wall_mounted_wheel_display_002/Stored_alloy_wheel_003/Tread_block_102_106,Wall_mounted_wheel_display_002,Tyre_rubber,28
3192,Wall_mounted_wheel_display_002/Stored_alloy_wheel_003/Tread_block_103_107,Wall_mounted_wheel_display_002,Tyre_rubber,28
3193,Wall_mounted_wheel_display_002/Stored_alloy_wheel_003/Tread_block_104_108,Wall_mounted_wheel_display_002,Tyre_rubber,28
3194,Wall_mounted_wheel_display_002/Stored_alloy_wheel_003/Tread_block_105_109,Wall_mounted_wheel_display_002,Tyre_rubber,28
3195,Wall_mounted_wheel_display_002/Stored_alloy_wheel_003/Tread_block_106_110,Wall_mounted_wheel_display_002,Tyre_rubber,28
3196,Wall_mounted_wheel_display_002/Stored_alloy_wheel_003/Tread_block_107_111,Wall_mounted_wheel_display_002,Tyre_rubber,28
3197,Wall_mounted_wheel_display_002/Stored_alloy_wheel_003/Tread_block_108_112,Wall_mounted_wheel_display_002,Tyre_rubber,28
3198,Wall_mounted_wheel_display_002/Stored_alloy_wheel_003/Tread_block_109_113,Wall_mounted_wheel_display_002,Tyre_rubber,28
3199,Wall_mounted_wheel_display_002/Stored_alloy_wheel_003/Tread_block_110_114,Wall_mounted_wheel_display_002,Tyre_rubber,28
3200,Wall_mounted_wheel_display_002/Stored_alloy_wheel_003/Tread_block_111_115,Wall_mounted_wheel_display_002,Tyre_rubber,28
3201,Wall_mounted_wheel_display_002/Stored_alloy_wheel_003/Tread_block_112_116,Wall_mounted_wheel_display_002,Tyre_rubber,28
3202,Wall_mounted_wheel_display_002/Stored_alloy_wheel_003/Tread_block_113_117,Wall_mounted_wheel_display_002,Tyre_rubber,28
3203,Wall_mounted_wheel_display_002/Stored_alloy_wheel_003/Tread_block_114_118,Wall_mounted_wheel_display_002,Tyre_rubber,28
3204,Wall_mounted_wheel_display_002/Stored_alloy_wheel_003/Tread_block_115_119,Wall_mounted_wheel_display_002,Tyre_rubber,28
3205,Wall_mounted_wheel_display_002/Stored_alloy_wheel_003/Tread_block_116_120,Wall_mounted_wheel_display_002,Tyre_rubber,28
3206,Wall_mounted_wheel_display_002/Stored_alloy_wheel_003/Tread_block_117_121,Wall_mounted_wheel_display_002,Tyre_rubber,28
3207,Wall_mounted_wheel_display_002/Stored_alloy_wheel_003/Tread_block_118_122,Wall_mounted_wheel_display_002,Tyre_rubber,28
3208,Wall_mounted_wheel_display_002/Stored_alloy_wheel_003/Tread_block_119_123,Wall_mounted_wheel_display_002,Tyre_rubber,28
3209,Wall_mounted_wheel_display_002/Stored_alloy_wheel_003/Tread_block_120_124,Wall_mounted_wheel_display_002,Tyre_rubber,28
3210,Wall_mounted_wheel_display_002/Stored_alloy_wheel_003/Tread_block_121_125,Wall_mounted_wheel_display_002,Tyre_rubber,28
3211,Wall_mounted_wheel_display_002/Stored_alloy_wheel_003/Tread_block_122_126,Wall_mounted_wheel_display_002,Tyre_rubber,28
3212,Wall_mounted_wheel_display_002/Stored_alloy_wheel_003/Tread_block_123_127,Wall_mounted_wheel_display_002,Tyre_rubber,28
3213,Wall_mounted_wheel_display_002/Stored_alloy_wheel_003/Tread_block_124_128,Wall_mounted_wheel_display_002,Tyre_rubber,28
3214,Wall_mounted_wheel_display_002/Stored_alloy_wheel_003/Tread_block_125_129,Wall_mounted_wheel_display_002,Tyre_rubber,28
3215,Wall_mounted_wheel_display_002/Stored_alloy_wheel_003/Tread_block_126_130,Wall_mounted_wheel_display_002,Tyre_rubber,28
3216,Wall_mounted_wheel_display_002/Stored_alloy_wheel_003/Tread_block_127_131,Wall_mounted_wheel_display_002,Tyre_rubber,28
3217,Wall_mounted_wheel_display_002/Stored_alloy_wheel_003/Tread_block_128_132,Wall_mounted_wheel_display_002,Tyre_rubber,28
3218,Wall_mounted_wheel_display_002/Stored_alloy_wheel_003/Tread_block_129_133,Wall_mounted_wheel_display_002,Tyre_rubber,28
3219,Wall_mounted_wheel_display_002/Stored_alloy_wheel_003/Tread_block_130_134,Wall_mounted_wheel_display_002,Tyre_rubber,28
3220,Wall_mounted_wheel_display_002/Stored_alloy_wheel_003/Tread_block_131_135,Wall_mounted_wheel_display_002,Tyre_rubber,28
3221,Wall_mounted_wheel_display_002/Stored_alloy_wheel_003/Tread_block_132_136,Wall_mounted_wheel_display_002,Tyre_rubber,28
3222,Wall_mounted_wheel_display_002/Stored_alloy_wheel_003/Tread_block_133_137,Wall_mounted_wheel_display_002,Tyre_rubber,28
3223,Wall_mounted_wheel_display_002/Stored_alloy_wheel_003/Tread_block_134_138,Wall_mounted_wheel_display_002,Tyre_rubber,28
3224,Wall_mounted_wheel_display_002/Stored_alloy_wheel_003/Tread_block_135_139,Wall_mounted_wheel_display_002,Tyre_rubber,28
3225,Wall_mounted_wheel_display_002/Stored_alloy_wheel_003/Tread_block_136_140,Wall_mounted_wheel_display_002,Tyre_rubber,28
3226,Wall_mounted_wheel_display_002/Stored_alloy_wheel_003/Tread_block_137_141,Wall_mounted_wheel_display_002,Tyre_rubber,28
3227,Wall_mounted_wheel_display_002/Stored_alloy_wheel_003/Tread_block_138_142,Wall_mounted_wheel_display_002,Tyre_rubber,28
3228,Wall_mounted_wheel_display_002/Stored_alloy_wheel_003/Tread_block_139_143,Wall_mounted_wheel_display_002,Tyre_rubber,28
3229,Wall_mounted_wheel_display_002/Stored_alloy_wheel_003/Tread_block_140_144,Wall_mounted_wheel_display_002,Tyre_rubber,28
3230,Wall_mounted_wheel_display_002/Stored_alloy_wheel_003/Tread_block_141_145,Wall_mounted_wheel_display_002,Tyre_rubber,28
3231,Wall_mounted_wheel_display_002/Stored_alloy_wheel_003/Tread_block_142_146,Wall_mounted_wheel_display_002,Tyre_rubber,28
3232,Wall_mounted_wheel_display_002/Stored_alloy_wheel_003/Tread_block_143_147,Wall_mounted_wheel_display_002,Tyre_rubber,28
3233,Wall_mounted_wheel_display_002/Stored_alloy_wheel_003/Tread_block_144_148,Wall_mounted_wheel_display_002,Tyre_rubber,28
3234,Wall_mounted_wheel_display_002/Stored_alloy_wheel_003/Tread_block_145_149,Wall_mounted_wheel_display_002,Tyre_rubber,28
3235,Wall_mounted_wheel_display_002/Stored_alloy_wheel_003/Tread_block_146_150,Wall_mounted_wheel_display_002,Tyre_rubber,28
3236,Wall_mounted_wheel_display_002/Stored_alloy_wheel_003/Tread_block_147_151,Wall_mounted_wheel_display_002,Tyre_rubber,28
3237,Wall_mounted_wheel_display_002/Stored_alloy_wheel_003/Tread_block_148_152,Wall_mounted_wheel_display_002,Tyre_rubber,28
3238,Wall_mounted_wheel_display_002/Stored_alloy_wheel_003/Tread_block_149_153,Wall_mounted_wheel_display_002,Tyre_rubber,28
3239,Wall_mounted_wheel_display_002/Stored_alloy_wheel_003/Tread_block_150_154,Wall_mounted_wheel_display_002,Tyre_rubber,28
3240,Wall_mounted_wheel_display_002/Stored_alloy_wheel_003/Tread_block_151_155,Wall_mounted_wheel_display_002,Tyre_rubber,28
3241,Wall_mounted_wheel_display_002/Stored_alloy_wheel_003/Tread_block_152_156,Wall_mounted_wheel_display_002,Tyre_rubber,28
3242,Wall_mounted_wheel_display_002/Stored_alloy_wheel_003/Tread_block_153_157,Wall_mounted_wheel_display_002,Tyre_rubber,28
3243,Wall_mounted_wheel_display_002/Stored_alloy_wheel_003/Tread_block_154_158,Wall_mounted_wheel_display_002,Tyre_rubber,28
3244,Wall_mounted_wheel_display_002/Stored_alloy_wheel_003/Tread_block_155_159,Wall_mounted_wheel_display_002,Tyre_rubber,28
3245,Wall_mounted_wheel_display_002/Stored_alloy_wheel_003/Tread_block_156_160,Wall_mounted_wheel_display_002,Tyre_rubber,28
3246,Wall_mounted_wheel_display_002/Stored_alloy_wheel_003/Tread_block_157_161,Wall_mounted_wheel_display_002,Tyre_rubber,28
3247,Wall_mounted_wheel_display_002/Stored_alloy_wheel_003/Tread_block_158_162,Wall_mounted_wheel_display_002,Tyre_rubber,28
3248,Wall_mounted_wheel_display_002/Stored_alloy_wheel_003/Tread_block_159_163,Wall_mounted_wheel_display_002,Tyre_rubber,28
3249,Wall_mounted_wheel_display_002/Stored_alloy_wheel_003/Tread_block_160_164,Wall_mounted_wheel_display_002,Tyre_rubber,28
3250,Wall_mounted_wheel_display_002/Stored_alloy_wheel_003/Tread_block_161_165,Wall_mounted_wheel_display_002,Tyre_rubber,28
3251,Wall_mounted_wheel_display_002/Stored_alloy_wheel_003/Tread_block_162_166,Wall_mounted_wheel_display_002,Tyre_rubber,28
3252,Wall_mounted_wheel_display_002/Stored_alloy_wheel_003/Tread_block_163_167,Wall_mounted_wheel_display_002,Tyre_rubber,28
3253,Wall_mounted_wheel_display_002/Stored_alloy_wheel_003/Tread_block_164_168,Wall_mounted_wheel_display_002,Tyre_rubber,28
3254,Wall_mounted_wheel_display_002/Stored_alloy_wheel_003/Tread_block_165_169,Wall_mounted_wheel_display_002,Tyre_rubber,28
3255,Wall_mounted_wheel_display_002/Stored_alloy_wheel_003/Tread_block_166_170,Wall_mounted_wheel_display_002,Tyre_rubber,28
3256,Wall_mounted_wheel_display_002/Stored_alloy_wheel_003/Tread_block_167_171,Wall_mounted_wheel_display_002,Tyre_rubber,28
3257,Wall_mounted_wheel_display_002/Stored_alloy_wheel_003/Tread_block_168_172,Wall_mounted_wheel_display_002,Tyre_rubber,28
3258,Wall_mounted_wheel_display_002/Stored_alloy_wheel_003/Tread_block_169_173,Wall_mounted_wheel_display_002,Tyre_rubber,28
3259,Wall_mounted_wheel_display_002/Stored_alloy_wheel_003/Tread_block_170_174,Wall_mounted_wheel_display_002,Tyre_rubber,28
3260,Wall_mounted_wheel_display_002/Stored_alloy_wheel_003/Tread_block_171_175,Wall_mounted_wheel_display_002,Tyre_rubber,28
3261,Wall_mounted_wheel_display_002/Stored_alloy_wheel_003/Tread_block_172_176,Wall_mounted_wheel_display_002,Tyre_rubber,28
3262,Wall_mounted_wheel_display_002/Stored_alloy_wheel_003/Tread_block_173_177,Wall_mounted_wheel_display_002,Tyre_rubber,28
3263,Wall_mounted_wheel_display_002/Stored_alloy_wheel_003/Tread_block_174_178,Wall_mounted_wheel_display_002,Tyre_rubber,28
3264,Wall_mounted_wheel_display_002/Stored_alloy_wheel_003/Tread_block_175_179,Wall_mounted_wheel_display_002,Tyre_rubber,28
3265,Wall_mounted_wheel_display_002/Stored_alloy_wheel_003/Tread_block_176_180,Wall_mounted_wheel_display_002,Tyre_rubber,28
3266,Wall_mounted_wheel_display_002/Stored_alloy_wheel_003/Tread_block_177_181,Wall_mounted_wheel_display_002,Tyre_rubber,28
3267,Wall_mounted_wheel_display_002/Stored_alloy_wheel_003/Tread_block_178_182,Wall_mounted_wheel_display_002,Tyre_rubber,28
3268,Wall_mounted_wheel_display_002/Stored_alloy_wheel_003/Tread_block_179_183,Wall_mounted_wheel_display_002,Tyre_rubber,28
3269,Wall_mounted_wheel_display_002/Stored_alloy_wheel_003/Tread_block_180_184,Wall_mounted_wheel_display_002,Tyre_rubber,28
3270,Wall_mounted_wheel_display_002/Stored_alloy_wheel_003/Tread_block_181_185,Wall_mounted_wheel_display_002,Tyre_rubber,28
3271,Wall_mounted_wheel_display_002/Stored_alloy_wheel_003/Tread_block_182_186,Wall_mounted_wheel_display_002,Tyre_rubber,28
3272,Wall_mounted_wheel_display_002/Stored_alloy_wheel_003/Tread_block_183_187,Wall_mounted_wheel_display_002,Tyre_rubber,28
3273,Wall_mounted_wheel_display_002/Stored_alloy_wheel_003/Tread_block_184_188,Wall_mounted_wheel_display_002,Tyre_rubber,28
3274,Wall_mounted_wheel_display_002/Stored_alloy_wheel_003/Tread_block_185_189,Wall_mounted_wheel_display_002,Tyre_rubber,28
3275,Wall_mounted_wheel_display_002/Stored_alloy_wheel_003/Tread_block_186_190,Wall_mounted_wheel_display_002,Tyre_rubber,28
3276,Wall_mounted_wheel_display_002/Stored_alloy_wheel_003/Tread_block_187_191,Wall_mounted_wheel_display_002,Tyre_rubber,28
3277,Wall_mounted_wheel_display_002/Stored_alloy_wheel_003/Tread_block_188_192,Wall_mounted_wheel_display_002,Tyre_rubber,28
3278,Wall_mounted_wheel_display_002/Stored_alloy_wheel_003/Tread_block_189_193,Wall_mounted_wheel_display_002,Tyre_rubber,28
3279,Wall_mounted_wheel_display_002/Stored_alloy_wheel_003/Tread_block_190_194,Wall_mounted_wheel_display_002,Tyre_rubber,28
3280,Wall_mounted_wheel_display_002/Stored_alloy_wheel_003/Tread_block_191_195,Wall_mounted_wheel_display_002,Tyre_rubber,28
3281,Wall_mounted_wheel_display_002/Stored_alloy_wheel_003/Tread_block_192_196,Wall_mounted_wheel_display_002,Tyre_rubber,28
3282,Wall_mounted_wheel_display_002/Stored_alloy_wheel_003/Tread_block_193_197,Wall_mounted_wheel_display_002,Tyre_rubber,28
3283,Wall_mounted_wheel_display_002/Stored_alloy_wheel_003/Tread_block_194_198,Wall_mounted_wheel_display_002,Tyre_rubber,28
3284,Wall_mounted_wheel_display_002/Stored_alloy_wheel_003/Tread_block_195_199,Wall_mounted_wheel_display_002,Tyre_rubber,28
3285,Wall_mounted_wheel_display_002/Stored_alloy_wheel_003/Tread_block_196_200,Wall_mounted_wheel_display_002,Tyre_rubber,28
3286,Wall_mounted_wheel_display_002/Stored_alloy_wheel_003/Tread_block_197_201,Wall_mounted_wheel_display_002,Tyre_rubber,28
3287,Wall_mounted_wheel_display_002/Stored_alloy_wheel_003/Tread_block_198_202,Wall_mounted_wheel_display_002,Tyre_rubber,28
3288,Wall_mounted_wheel_display_002/Stored_alloy_wheel_003/Tread_block_199_203,Wall_mounted_wheel_display_002,Tyre_rubber,28
3289,Wall_mounted_wheel_display_002/Stored_alloy_wheel_003/Tread_block_200_204,Wall_mounted_wheel_display_002,Tyre_rubber,28
3290,Wall_mounted_wheel_display_002/Stored_alloy_wheel_003/Tread_block_201_205,Wall_mounted_wheel_display_002,Tyre_rubber,28
3291,Wall_mounted_wheel_display_002/Stored_alloy_wheel_003/Tread_block_202_206,Wall_mounted_wheel_display_002,Tyre_rubber,28
3292,Wall_mounted_wheel_display_002/Stored_alloy_wheel_003/Tread_block_203_207,Wall_mounted_wheel_display_002,Tyre_rubber,28
3293,Wall_mounted_wheel_display_002/Stored_alloy_wheel_003/Tread_block_204_208,Wall_mounted_wheel_display_002,Tyre_rubber,28
3294,Wall_mounted_wheel_display_002/Stored_alloy_wheel_003/Tread_block_205_209,Wall_mounted_wheel_display_002,Tyre_rubber,28
3295,Wall_mounted_wheel_display_002/Stored_alloy_wheel_003/Tread_block_206_210,Wall_mounted_wheel_display_002,Tyre_rubber,28
3296,Wall_mounted_wheel_display_002/Stored_alloy_wheel_003/Tread_block_207_211,Wall_mounted_wheel_display_002,Tyre_rubber,28
3297,Wall_mounted_wheel_display_002/Stored_alloy_wheel_003/Tread_block_208_212,Wall_mounted_wheel_display_002,Tyre_rubber,28
3298,Wall_mounted_wheel_display_002/Stored_alloy_wheel_003/Tread_block_209_213,Wall_mounted_wheel_display_002,Tyre_rubber,28
3299,Wall_mounted_wheel_display_002/Stored_alloy_wheel_003/Tread_block_210_214,Wall_mounted_wheel_display_002,Tyre_rubber,28
3300,Wall_mounted_wheel_display_002/Stored_alloy_wheel_003/Tread_block_211_215,Wall_mounted_wheel_display_002,Tyre_rubber,28
3301,Wall_mounted_wheel_display_002/Stored_alloy_wheel_003/Tread_block_212_216,Wall_mounted_wheel_display_002,Tyre_rubber,28
3302,Wall_mounted_wheel_display_002/Stored_alloy_wheel_003/Tread_block_213_217,Wall_mounted_wheel_display_002,Tyre_rubber,28
3303,Wall_mounted_wheel_display_002/Stored_alloy_wheel_003/Tread_block_214_218,Wall_mounted_wheel_display_002,Tyre_rubber,28
3304,Wall_mounted_wheel_display_002/Stored_alloy_wheel_003/Tread_block_215_219,Wall_mounted_wheel_display_002,Tyre_rubber,28
3305,Wall_mounted_wheel_display_002/Stored_alloy_wheel_003/Tread_block_216_220,Wall_mounted_wheel_display_002,Tyre_rubber,28
3306,Wall_mounted_wheel_display_002/Stored_alloy_wheel_003/Tread_block_217_221,Wall_mounted_wheel_display_002,Tyre_rubber,28
3307,Wall_mounted_wheel_display_002/Stored_alloy_wheel_003/Tread_block_218_222,Wall_mounted_wheel_display_002,Tyre_rubber,28
3308,Wall_mounted_wheel_display_002/Stored_alloy_wheel_003/Tread_block_219_223,Wall_mounted_wheel_display_002,Tyre_rubber,28
3309,Wall_mounted_wheel_display_002/Stored_alloy_wheel_003/Tread_block_220_224,Wall_mounted_wheel_display_002,Tyre_rubber,28
3310,Wall_mounted_wheel_display_002/Stored_alloy_wheel_003/Tread_block_221_225,Wall_mounted_wheel_display_002,Tyre_rubber,28
3311,Wall_mounted_wheel_display_002/Stored_alloy_wheel_003/Tread_block_222_226,Wall_mounted_wheel_display_002,Tyre_rubber,28
3312,Wall_mounted_wheel_display_002/Stored_alloy_wheel_003/Tread_block_223_227,Wall_mounted_wheel_display_002,Tyre_rubber,28
3313,Wall_mounted_wheel_display_002/Stored_alloy_wheel_003/Tread_block_224_228,Wall_mounted_wheel_display_002,Tyre_rubber,28
3314,Wall_mounted_wheel_display_002/Stored_alloy_wheel_003/Tread_block_225_229,Wall_mounted_wheel_display_002,Tyre_rubber,28
3315,Wall_mounted_wheel_display_002/Stored_alloy_wheel_003/Tread_block_226_230,Wall_mounted_wheel_display_002,Tyre_rubber,28
3316,Wall_mounted_wheel_display_002/Stored_alloy_wheel_003/Tread_block_227_231,Wall_mounted_wheel_display_002,Tyre_rubber,28
3317,Wall_mounted_wheel_display_002/Stored_alloy_wheel_003/Tread_block_228_232,Wall_mounted_wheel_display_002,Tyre_rubber,28
3318,Wall_mounted_wheel_display_002/Stored_alloy_wheel_003/Tread_block_229_233,Wall_mounted_wheel_display_002,Tyre_rubber,28
3319,Wall_mounted_wheel_display_002/Stored_alloy_wheel_003/Tread_block_230_234,Wall_mounted_wheel_display_002,Tyre_rubber,28
3320,Wall_mounted_wheel_display_002/Stored_alloy_wheel_003/Tread_block_231_235,Wall_mounted_wheel_display_002,Tyre_rubber,28
3321,Wall_mounted_wheel_display_002/Stored_alloy_wheel_003/Tread_block_232_236,Wall_mounted_wheel_display_002,Tyre_rubber,28
3322,Wall_mounted_wheel_display_002/Stored_alloy_wheel_003/Tread_block_233_237,Wall_mounted_wheel_display_002,Tyre_rubber,28
3323,Wall_mounted_wheel_display_002/Stored_alloy_wheel_003/Tread_block_234_238,Wall_mounted_wheel_display_002,Tyre_rubber,28
3324,Wall_mounted_wheel_display_002/Stored_alloy_wheel_003/Tread_block_235_239,Wall_mounted_wheel_display_002,Tyre_rubber,28
3325,Wall_mounted_wheel_display_002/Stored_alloy_wheel_003/Tread_block_236_240,Wall_mounted_wheel_display_002,Tyre_rubber,28
3326,Wall_mounted_wheel_display_002/Stored_alloy_wheel_003/Tread_block_237_241,Wall_mounted_wheel_display_002,Tyre_rubber,28
3327,Wall_mounted_wheel_display_002/Stored_alloy_wheel_003/Tread_block_238_242,Wall_mounted_wheel_display_002,Tyre_rubber,28
3328,Wall_mounted_wheel_display_002/Stored_alloy_wheel_003/Tread_block_239_243,Wall_mounted_wheel_display_002,Tyre_rubber,28
3329,Wall_mounted_wheel_display_002/Stored_alloy_wheel_003/Tread_block_240_244,Wall_mounted_wheel_display_002,Tyre_rubber,28
3330,Wall_mounted_wheel_display_002/Stored_alloy_wheel_003/Tread_block_241_245,Wall_mounted_wheel_display_002,Tyre_rubber,28
3331,Wall_mounted_wheel_display_002/Stored_alloy_wheel_003/Tread_block_242_246,Wall_mounted_wheel_display_002,Tyre_rubber,28
3332,Wall_mounted_wheel_display_002/Stored_alloy_wheel_003/Tread_block_243_247,Wall_mounted_wheel_display_002,Tyre_rubber,28
3333,Wall_mounted_wheel_display_002/Stored_alloy_wheel_003/Tread_block_244_248,Wall_mounted_wheel_display_002,Tyre_rubber,28
3334,Wall_mounted_wheel_display_002/Stored_alloy_wheel_003/Tread_block_245_249,Wall_mounted_wheel_display_002,Tyre_rubber,28
3335,Wall_mounted_wheel_display_002/Stored_alloy_wheel_003/Tread_block_246_250,Wall_mounted_wheel_display_002,Tyre_rubber,28
3336,Wall_mounted_wheel_display_002/Stored_alloy_wheel_003/Tread_block_247_251,Wall_mounted_wheel_display_002,Tyre_rubber,28
3337,Wall_mounted_wheel_display_002/Stored_alloy_wheel_003/Tread_block_248_252,Wall_mounted_wheel_display_002,Tyre_rubber,28
3338,Wall_mounted_wheel_display_002/Stored_alloy_wheel_003/Tread_block_249_253,Wall_mounted_wheel_display_002,Tyre_rubber,28
3339,Wall_mounted_wheel_display_002/Stored_alloy_wheel_003/Tread_block_250_254,Wall_mounted_wheel_display_002,Tyre_rubber,28
3340,Wall_mounted_wheel_display_002/Stored_alloy_wheel_003/Tread_block_251_255,Wall_mounted_wheel_display_002,Tyre_rubber,28
3341,Wall_mounted_wheel_display_002/Stored_alloy_wheel_003/Tread_block_252_256,Wall_mounted_wheel_display_002,Tyre_rubber,28
3342,Wall_mounted_wheel_display_002/Stored_alloy_wheel_003/Tread_block_253_257,Wall_mounted_wheel_display_002,Tyre_rubber,28
3343,Wall_mounted_wheel_display_002/Stored_alloy_wheel_003/Tread_block_254_258,Wall_mounted_wheel_display_002,Tyre_rubber,28
3344,Wall_mounted_wheel_display_002/Stored_alloy_wheel_003/Tread_block_255_259,Wall_mounted_wheel_display_002,Tyre_rubber,28
3345,Wall_mounted_wheel_display_002/Stored_alloy_wheel_003/Tread_block_256_260,Wall_mounted_wheel_display_002,Tyre_rubber,28
3346,Wall_mounted_wheel_display_002/Stored_alloy_wheel_003/Tread_block_257_261,Wall_mounted_wheel_display_002,Tyre_rubber,28
3347,Wall_mounted_wheel_display_002/Stored_alloy_wheel_003/Tread_block_258_262,Wall_mounted_wheel_display_002,Tyre_rubber,28
3348,Wall_mounted_wheel_display_002/Stored_alloy_wheel_003/Tread_block_259_263,Wall_mounted_wheel_display_002,Tyre_rubber,28
3349,Wall_mounted_wheel_display_002/Stored_alloy_wheel_003/Tread_block_260_264,Wall_mounted_wheel_display_002,Tyre_rubber,28
3350,Wall_mounted_wheel_display_002/Stored_alloy_wheel_003/Tread_block_261_265,Wall_mounted_wheel_display_002,Tyre_rubber,28
3351,Wall_mounted_wheel_display_002/Stored_alloy_wheel_003/Tread_block_262_266,Wall_mounted_wheel_display_002,Tyre_rubber,28
3352,Wall_mounted_wheel_display_002/Stored_alloy_wheel_003/Tread_block_263_267,Wall_mounted_wheel_display_002,Tyre_rubber,28
3353,Wall_mounted_wheel_display_002/Stored_alloy_wheel_003/Tread_block_264_268,Wall_mounted_wheel_display_002,Tyre_rubber,28
3354,Wall_mounted_wheel_display_002/Stored_alloy_wheel_003/Tread_block_265_269,Wall_mounted_wheel_display_002,Tyre_rubber,28
3355,Wall_mounted_wheel_display_002/Stored_alloy_wheel_003/Tread_block_266_270,Wall_mounted_wheel_display_002,Tyre_rubber,28
3356,Wall_mounted_wheel_display_002/Stored_alloy_wheel_003/Tread_block_267_271,Wall_mounted_wheel_display_002,Tyre_rubber,28
3357,Wall_mounted_wheel_display_002/Stored_alloy_wheel_003/Tread_block_268_272,Wall_mounted_wheel_display_002,Tyre_rubber,28
3358,Wall_mounted_wheel_display_002/Stored_alloy_wheel_003/Tread_block_269_273,Wall_mounted_wheel_display_002,Tyre_rubber,28
3359,Wall_mounted_wheel_display_002/Stored_alloy_wheel_003/Tread_block_270_274,Wall_mounted_wheel_display_002,Tyre_rubber,28
3360,Wall_mounted_wheel_display_002/Stored_alloy_wheel_003/Tread_block_271_275,Wall_mounted_wheel_display_002,Tyre_rubber,28
3361,Wall_mounted_wheel_display_002/Stored_alloy_wheel_003/Tread_block_272_276,Wall_mounted_wheel_display_002,Tyre_rubber,28
3362,Wall_mounted_wheel_display_002/Stored_alloy_wheel_003/Tread_block_273_277,Wall_mounted_wheel_display_002,Tyre_rubber,28
3363,Wall_mounted_wheel_display_002/Stored_alloy_wheel_003/Tread_block_274_278,Wall_mounted_wheel_display_002,Tyre_rubber,28
3364,Wall_mounted_wheel_display_002/Stored_alloy_wheel_003/Tread_block_275_279,Wall_mounted_wheel_display_002,Tyre_rubber,28
3365,Wall_mounted_wheel_display_002/Stored_alloy_wheel_003/Tread_block_276_280,Wall_mounted_wheel_display_002,Tyre_rubber,28
3366,Wall_mounted_wheel_display_002/Stored_alloy_wheel_003/Tread_block_277_281,Wall_mounted_wheel_display_002,Tyre_rubber,28
3367,Wall_mounted_wheel_display_002/Stored_alloy_wheel_003/Tread_block_278_282,Wall_mounted_wheel_display_002,Tyre_rubber,28
3368,Wall_mounted_wheel_display_002/Stored_alloy_wheel_003/Tread_block_279_283,Wall_mounted_wheel_display_002,Tyre_rubber,28
3369,Wall_mounted_wheel_display_002/Stored_alloy_wheel_003/Tread_block_280_284,Wall_mounted_wheel_display_002,Tyre_rubber,28
3370,Wall_mounted_wheel_display_002/Stored_alloy_wheel_003/Tread_block_281_285,Wall_mounted_wheel_display_002,Tyre_rubber,28
3371,Wall_mounted_wheel_display_002/Stored_alloy_wheel_003/Tread_block_282_286,Wall_mounted_wheel_display_002,Tyre_rubber,28
3372,Wall_mounted_wheel_display_002/Stored_alloy_wheel_003/Tread_block_283_287,Wall_mounted_wheel_display_002,Tyre_rubber,28
3373,Wall_mounted_wheel_display_002/Stored_alloy_wheel_003/Tread_block_284_288,Wall_mounted_wheel_display_002,Tyre_rubber,28
3374,Wall_mounted_wheel_display_002/Stored_alloy_wheel_003/Tread_block_285_289,Wall_mounted_wheel_display_002,Tyre_rubber,28
3375,Wall_mounted_wheel_display_002/Stored_alloy_wheel_003/Tread_block_286_290,Wall_mounted_wheel_display_002,Tyre_rubber,28
3376,Wall_mounted_wheel_display_002/Stored_alloy_wheel_003/Tread_block_287_291,Wall_mounted_wheel_display_002,Tyre_rubber,28
3377,Wall_mounted_wheel_display_002/Stored_alloy_wheel_003/Tread_block_288_292,Wall_mounted_wheel_display_002,Tyre_rubber,28
3378,Wall_mounted_wheel_display_002/Stored_alloy_wheel_003/Tread_block_289_293,Wall_mounted_wheel_display_002,Tyre_rubber,28
3379,Wall_mounted_wheel_display_002/Stored_alloy_wheel_003/Tread_block_290_294,Wall_mounted_wheel_display_002,Tyre_rubber,28
3380,Wall_mounted_wheel_display_002/Stored_alloy_wheel_003/Tread_block_291_295,Wall_mounted_wheel_display_002,Tyre_rubber,28
3381,Wall_mounted_wheel_display_002/Stored_alloy_wheel_003/Tread_block_292_296,Wall_mounted_wheel_display_002,Tyre_rubber,28
3382,Wall_mounted_wheel_display_002/Stored_alloy_wheel_003/Tread_block_293_297,Wall_mounted_wheel_display_002,Tyre_rubber,28
3383,Wall_mounted_wheel_display_002/Stored_alloy_wheel_003/Tread_block_294_298,Wall_mounted_wheel_display_002,Tyre_rubber,28
3384,Wall_mounted_wheel_display_002/Stored_alloy_wheel_003/Tread_block_295_299,Wall_mounted_wheel_display_002,Tyre_rubber,28
3385,Wall_mounted_wheel_display_002/Stored_alloy_wheel_003/Tread_block_296_300,Wall_mounted_wheel_display_002,Tyre_rubber,28
3386,Wall_mounted_wheel_display_002/Stored_alloy_wheel_003/Tread_block_297_301,Wall_mounted_wheel_display_002,Tyre_rubber,28
3387,Wall_mounted_wheel_display_002/Stored_alloy_wheel_003/Tread_block_298_302,Wall_mounted_wheel_display_002,Tyre_rubber,28
3388,Wall_mounted_wheel_display_002/Stored_alloy_wheel_003/Tread_block_299_303,Wall_mounted_wheel_display_002,Tyre_rubber,28
3389,Wall_mounted_wheel_display_002/Stored_alloy_wheel_003/Tread_block_300_304,Wall_mounted_wheel_display_002,Tyre_rubber,28
3390,Wall_mounted_wheel_display_002/Stored_alloy_wheel_003/Tread_block_301_305,Wall_mounted_wheel_display_002,Tyre_rubber,28
3391,Wall_mounted_wheel_display_002/Stored_alloy_wheel_003/Tread_block_302_306,Wall_mounted_wheel_display_002,Tyre_rubber,28
3392,Wall_mounted_wheel_display_002/Stored_alloy_wheel_003/Tread_block_303_307,Wall_mounted_wheel_display_002,Tyre_rubber,28
3393,Wall_mounted_wheel_display_002/Stored_alloy_wheel_003/Tread_block_304_308,Wall_mounted_wheel_display_002,Tyre_rubber,28
3394,Wall_mounted_wheel_display_002/Stored_alloy_wheel_003/Tread_block_305_309,Wall_mounted_wheel_display_002,Tyre_rubber,28
3395,Wall_mounted_wheel_display_002/Stored_alloy_wheel_003/Tread_block_306_310,Wall_mounted_wheel_display_002,Tyre_rubber,28
3396,Wall_mounted_wheel_display_002/Stored_alloy_wheel_003/Tread_block_307_311,Wall_mounted_wheel_display_002,Tyre_rubber,28
3397,Wall_mounted_wheel_display_002/Stored_alloy_wheel_003/Tread_block_308_312,Wall_mounted_wheel_display_002,Tyre_rubber,28
3398,Wall_mounted_wheel_display_002/Stored_alloy_wheel_003/Tread_block_309_313,Wall_mounted_wheel_display_002,Tyre_rubber,28
3399,Wall_mounted_wheel_display_002/Stored_alloy_wheel_003/Tread_block_310_314,Wall_mounted_wheel_display_002,Tyre_rubber,28
3400,Wall_mounted_wheel_display_002/Stored_alloy_wheel_003/Tread_block_311_315,Wall_mounted_wheel_display_002,Tyre_rubber,28
3401,Wall_mounted_wheel_display_002/Stored_alloy_wheel_003/Tread_block_312_316,Wall_mounted_wheel_display_002,Tyre_rubber,28
3402,Wall_mounted_wheel_display_002/Stored_alloy_wheel_003/Tread_block_313_317,Wall_mounted_wheel_display_002,Tyre_rubber,28
3403,Wall_mounted_wheel_display_002/Stored_alloy_wheel_003/Tread_block_314_318,Wall_mounted_wheel_display_002,Tyre_rubber,28
3404,Wall_mounted_wheel_display_002/Stored_alloy_wheel_003/Tread_block_315_319,Wall_mounted_wheel_display_002,Tyre_rubber,28
3405,Wall_mounted_wheel_display_002/Stored_alloy_wheel_003/Tread_block_316_320,Wall_mounted_wheel_display_002,Tyre_rubber,28
3406,Wall_mounted_wheel_display_002/Stored_alloy_wheel_003/Tread_block_317_321,Wall_mounted_wheel_display_002,Tyre_rubber,28
3407,Wall_mounted_wheel_display_002/Stored_alloy_wheel_003/Tread_block_318_322,Wall_mounted_wheel_display_002,Tyre_rubber,28
3408,Wall_mounted_wheel_display_002/Stored_alloy_wheel_003/Tread_block_319_323,Wall_mounted_wheel_display_002,Tyre_rubber,28
3409,Wall_mounted_wheel_display_002/Stored_alloy_wheel_003/Tread_block_320_324,Wall_mounted_wheel_display_002,Tyre_rubber,28
3410,Wall_mounted_wheel_display_002/Stored_alloy_wheel_003/Bead_lip_321_325,Wall_mounted_wheel_display_002,Tyre_rubber,768
3411,Wall_mounted_wheel_display_002/Stored_alloy_wheel_003/Moulded_sidewall_line_322_326,Wall_mounted_wheel_display_002,Tyre_rubber,512
3412,Wall_mounted_wheel_display_002/Stored_alloy_wheel_003/Inner_sidewall_line_323_327,Wall_mounted_wheel_display_002,Tyre_rubber,512
3413,Wall_mounted_wheel_display_002/Stored_alloy_wheel_003/Bead_lip_324_328,Wall_mounted_wheel_display_002,Tyre_rubber,768
3414,Wall_mounted_wheel_display_002/Stored_alloy_wheel_003/Moulded_sidewall_line_325_329,Wall_mounted_wheel_display_002,Tyre_rubber,512
3415,Wall_mounted_wheel_display_002/Stored_alloy_wheel_003/Inner_sidewall_line_326_330,Wall_mounted_wheel_display_002,Tyre_rubber,512
3416,Wall_mounted_wheel_display_002/Stored_alloy_wheel_003/Embossed_tyre_specification_327_331,Wall_mounted_wheel_display_002,Moulded_tyresize_205_55_R16,128
3417,Wall_mounted_wheel_display_002/Stored_alloy_wheel_003/Embossed_tyre_specification_reverse_328_332,Wall_mounted_wheel_display_002,Moulded_tyresize_205_55_R16,128
3418,Wall_mounted_wheel_display_002/Stored_alloy_wheel_003/Alloy_wheel_barrel_329_333,Wall_mounted_wheel_display_002,Brushed_alloy,512
3419,Wall_mounted_wheel_display_002/Stored_alloy_wheel_003/Polished_rim_lip_330_334,Wall_mounted_wheel_display_002,Brushed_alloy,768
3420,Wall_mounted_wheel_display_002/Stored_alloy_wheel_003/Rim_back_lip_331_335,Wall_mounted_wheel_display_002,Brushed_alloy,768
3421,Wall_mounted_wheel_display_002/Stored_alloy_wheel_003/Cast_alloy_spoke_332_336,Wall_mounted_wheel_display_002,Brushed_alloy,44
3422,Wall_mounted_wheel_display_002/Stored_alloy_wheel_003/Cast_alloy_spoke_333_337,Wall_mounted_wheel_display_002,Brushed_alloy,44
3423,Wall_mounted_wheel_display_002/Stored_alloy_wheel_003/Cast_alloy_spoke_334_338,Wall_mounted_wheel_display_002,Brushed_alloy,44
3424,Wall_mounted_wheel_display_002/Stored_alloy_wheel_003/Cast_alloy_spoke_335_339,Wall_mounted_wheel_display_002,Brushed_alloy,44
3425,Wall_mounted_wheel_display_002/Stored_alloy_wheel_003/Cast_alloy_spoke_336_340,Wall_mounted_wheel_display_002,Brushed_alloy,44
3426,Wall_mounted_wheel_display_002/Stored_alloy_wheel_003/Cast_alloy_spoke_337_341,Wall_mounted_wheel_display_002,Brushed_alloy,44
3427,Wall_mounted_wheel_display_002/Stored_alloy_wheel_003/Cast_alloy_spoke_338_342,Wall_mounted_wheel_display_002,Brushed_alloy,44
3428,Wall_mounted_wheel_display_002/Stored_alloy_wheel_003/Cast_alloy_spoke_339_343,Wall_mounted_wheel_display_002,Brushed_alloy,44
3429,Wall_mounted_wheel_display_002/Stored_alloy_wheel_003/Cast_alloy_spoke_340_344,Wall_mounted_wheel_display_002,Brushed_alloy,44
3430,Wall_mounted_wheel_display_002/Stored_alloy_wheel_003/Cast_alloy_spoke_341_345,Wall_mounted_wheel_display_002,Brushed_alloy,44
3431,Wall_mounted_wheel_display_002/Stored_alloy_wheel_003/Cast_alloy_spoke_342_346,Wall_mounted_wheel_display_002,Brushed_alloy,44
3432,Wall_mounted_wheel_display_002/Stored_alloy_wheel_003/Cast_alloy_spoke_343_347,Wall_mounted_wheel_display_002,Brushed_alloy,44
3433,Wall_mounted_wheel_display_002/Stored_alloy_wheel_003/Wheel_hub_344_348,Wall_mounted_wheel_display_002,Aged_black_steel,128
3434,Wall_mounted_wheel_display_002/Stored_alloy_wheel_003/Center_cap_345_349,Wall_mounted_wheel_display_002,Brushed_alloy,96
3435,Wall_mounted_wheel_display_002/Stored_alloy_wheel_003/Wheel_lug_nut_346_350,Wall_mounted_wheel_display_002,Brushed_alloy,24
3436,Wall_mounted_wheel_display_002/Stored_alloy_wheel_003/Wheel_lug_nut_347_351,Wall_mounted_wheel_display_002,Brushed_alloy,24
3437,Wall_mounted_wheel_display_002/Stored_alloy_wheel_003/Wheel_lug_nut_348_352,Wall_mounted_wheel_display_002,Brushed_alloy,24
3438,Wall_mounted_wheel_display_002/Stored_alloy_wheel_003/Wheel_lug_nut_349_353,Wall_mounted_wheel_display_002,Brushed_alloy,24
3439,Wall_mounted_wheel_display_002/Stored_alloy_wheel_003/Wheel_lug_nut_350_354,Wall_mounted_wheel_display_002,Brushed_alloy,24
3440,Wall_mounted_wheel_display_002/Stored_alloy_wheel_003/Air_valve_stem_351_355,Wall_mounted_wheel_display_002,Tyre_rubber,48
3441,Wall_mounted_wheel_display_002/Stored_alloy_wheel_003/Valve_dust_cap_352_356,Wall_mounted_wheel_display_002,Aged_black_steel,48
3442,Wall_mounted_wheel_display_002/Hex_fastener_357,Wall_mounted_wheel_display_002,Brushed_alloy,24
3443,Wall_mounted_wheel_display_002/Hex_fastener_358,Wall_mounted_wheel_display_002,Brushed_alloy,24
3444,Wall_mounted_wheel_display_002/Stored_alloy_wheel_004/Tyre_carcass_275_35_R19_000_359,Wall_mounted_wheel_display_002,Tyre_rubber,3072
3445,Wall_mounted_wheel_display_002/Stored_alloy_wheel_004/Tread_block_001_360,Wall_mounted_wheel_display_002,Tyre_rubber,28
3446,Wall_mounted_wheel_display_002/Stored_alloy_wheel_004/Tread_block_002_361,Wall_mounted_wheel_display_002,Tyre_rubber,28
3447,Wall_mounted_wheel_display_002/Stored_alloy_wheel_004/Tread_block_003_362,Wall_mounted_wheel_display_002,Tyre_rubber,28
3448,Wall_mounted_wheel_display_002/Stored_alloy_wheel_004/Tread_block_004_363,Wall_mounted_wheel_display_002,Tyre_rubber,28
3449,Wall_mounted_wheel_display_002/Stored_alloy_wheel_004/Tread_block_005_364,Wall_mounted_wheel_display_002,Tyre_rubber,28
3450,Wall_mounted_wheel_display_002/Stored_alloy_wheel_004/Tread_block_006_365,Wall_mounted_wheel_display_002,Tyre_rubber,28
3451,Wall_mounted_wheel_display_002/Stored_alloy_wheel_004/Tread_block_007_366,Wall_mounted_wheel_display_002,Tyre_rubber,28
3452,Wall_mounted_wheel_display_002/Stored_alloy_wheel_004/Tread_block_008_367,Wall_mounted_wheel_display_002,Tyre_rubber,28
3453,Wall_mounted_wheel_display_002/Stored_alloy_wheel_004/Tread_block_009_368,Wall_mounted_wheel_display_002,Tyre_rubber,28
3454,Wall_mounted_wheel_display_002/Stored_alloy_wheel_004/Tread_block_010_369,Wall_mounted_wheel_display_002,Tyre_rubber,28
3455,Wall_mounted_wheel_display_002/Stored_alloy_wheel_004/Tread_block_011_370,Wall_mounted_wheel_display_002,Tyre_rubber,28
3456,Wall_mounted_wheel_display_002/Stored_alloy_wheel_004/Tread_block_012_371,Wall_mounted_wheel_display_002,Tyre_rubber,28
3457,Wall_mounted_wheel_display_002/Stored_alloy_wheel_004/Tread_block_013_372,Wall_mounted_wheel_display_002,Tyre_rubber,28
3458,Wall_mounted_wheel_display_002/Stored_alloy_wheel_004/Tread_block_014_373,Wall_mounted_wheel_display_002,Tyre_rubber,28
3459,Wall_mounted_wheel_display_002/Stored_alloy_wheel_004/Tread_block_015_374,Wall_mounted_wheel_display_002,Tyre_rubber,28
3460,Wall_mounted_wheel_display_002/Stored_alloy_wheel_004/Tread_block_016_375,Wall_mounted_wheel_display_002,Tyre_rubber,28
3461,Wall_mounted_wheel_display_002/Stored_alloy_wheel_004/Tread_block_017_376,Wall_mounted_wheel_display_002,Tyre_rubber,28
3462,Wall_mounted_wheel_display_002/Stored_alloy_wheel_004/Tread_block_018_377,Wall_mounted_wheel_display_002,Tyre_rubber,28
3463,Wall_mounted_wheel_display_002/Stored_alloy_wheel_004/Tread_block_019_378,Wall_mounted_wheel_display_002,Tyre_rubber,28
3464,Wall_mounted_wheel_display_002/Stored_alloy_wheel_004/Tread_block_020_379,Wall_mounted_wheel_display_002,Tyre_rubber,28
3465,Wall_mounted_wheel_display_002/Stored_alloy_wheel_004/Tread_block_021_380,Wall_mounted_wheel_display_002,Tyre_rubber,28
3466,Wall_mounted_wheel_display_002/Stored_alloy_wheel_004/Tread_block_022_381,Wall_mounted_wheel_display_002,Tyre_rubber,28
3467,Wall_mounted_wheel_display_002/Stored_alloy_wheel_004/Tread_block_023_382,Wall_mounted_wheel_display_002,Tyre_rubber,28
3468,Wall_mounted_wheel_display_002/Stored_alloy_wheel_004/Tread_block_024_383,Wall_mounted_wheel_display_002,Tyre_rubber,28
3469,Wall_mounted_wheel_display_002/Stored_alloy_wheel_004/Tread_block_025_384,Wall_mounted_wheel_display_002,Tyre_rubber,28
3470,Wall_mounted_wheel_display_002/Stored_alloy_wheel_004/Tread_block_026_385,Wall_mounted_wheel_display_002,Tyre_rubber,28
3471,Wall_mounted_wheel_display_002/Stored_alloy_wheel_004/Tread_block_027_386,Wall_mounted_wheel_display_002,Tyre_rubber,28
3472,Wall_mounted_wheel_display_002/Stored_alloy_wheel_004/Tread_block_028_387,Wall_mounted_wheel_display_002,Tyre_rubber,28
3473,Wall_mounted_wheel_display_002/Stored_alloy_wheel_004/Tread_block_029_388,Wall_mounted_wheel_display_002,Tyre_rubber,28
3474,Wall_mounted_wheel_display_002/Stored_alloy_wheel_004/Tread_block_030_389,Wall_mounted_wheel_display_002,Tyre_rubber,28
3475,Wall_mounted_wheel_display_002/Stored_alloy_wheel_004/Tread_block_031_390,Wall_mounted_wheel_display_002,Tyre_rubber,28
3476,Wall_mounted_wheel_display_002/Stored_alloy_wheel_004/Tread_block_032_391,Wall_mounted_wheel_display_002,Tyre_rubber,28
3477,Wall_mounted_wheel_display_002/Stored_alloy_wheel_004/Tread_block_033_392,Wall_mounted_wheel_display_002,Tyre_rubber,28
3478,Wall_mounted_wheel_display_002/Stored_alloy_wheel_004/Tread_block_034_393,Wall_mounted_wheel_display_002,Tyre_rubber,28
3479,Wall_mounted_wheel_display_002/Stored_alloy_wheel_004/Tread_block_035_394,Wall_mounted_wheel_display_002,Tyre_rubber,28
3480,Wall_mounted_wheel_display_002/Stored_alloy_wheel_004/Tread_block_036_395,Wall_mounted_wheel_display_002,Tyre_rubber,28
3481,Wall_mounted_wheel_display_002/Stored_alloy_wheel_004/Tread_block_037_396,Wall_mounted_wheel_display_002,Tyre_rubber,28
3482,Wall_mounted_wheel_display_002/Stored_alloy_wheel_004/Tread_block_038_397,Wall_mounted_wheel_display_002,Tyre_rubber,28
3483,Wall_mounted_wheel_display_002/Stored_alloy_wheel_004/Tread_block_039_398,Wall_mounted_wheel_display_002,Tyre_rubber,28
3484,Wall_mounted_wheel_display_002/Stored_alloy_wheel_004/Tread_block_040_399,Wall_mounted_wheel_display_002,Tyre_rubber,28
3485,Wall_mounted_wheel_display_002/Stored_alloy_wheel_004/Tread_block_041_400,Wall_mounted_wheel_display_002,Tyre_rubber,28
3486,Wall_mounted_wheel_display_002/Stored_alloy_wheel_004/Tread_block_042_401,Wall_mounted_wheel_display_002,Tyre_rubber,28
3487,Wall_mounted_wheel_display_002/Stored_alloy_wheel_004/Tread_block_043_402,Wall_mounted_wheel_display_002,Tyre_rubber,28
3488,Wall_mounted_wheel_display_002/Stored_alloy_wheel_004/Tread_block_044_403,Wall_mounted_wheel_display_002,Tyre_rubber,28
3489,Wall_mounted_wheel_display_002/Stored_alloy_wheel_004/Tread_block_045_404,Wall_mounted_wheel_display_002,Tyre_rubber,28
3490,Wall_mounted_wheel_display_002/Stored_alloy_wheel_004/Tread_block_046_405,Wall_mounted_wheel_display_002,Tyre_rubber,28
3491,Wall_mounted_wheel_display_002/Stored_alloy_wheel_004/Tread_block_047_406,Wall_mounted_wheel_display_002,Tyre_rubber,28
3492,Wall_mounted_wheel_display_002/Stored_alloy_wheel_004/Tread_block_048_407,Wall_mounted_wheel_display_002,Tyre_rubber,28
3493,Wall_mounted_wheel_display_002/Stored_alloy_wheel_004/Tread_block_049_408,Wall_mounted_wheel_display_002,Tyre_rubber,28
3494,Wall_mounted_wheel_display_002/Stored_alloy_wheel_004/Tread_block_050_409,Wall_mounted_wheel_display_002,Tyre_rubber,28
3495,Wall_mounted_wheel_display_002/Stored_alloy_wheel_004/Tread_block_051_410,Wall_mounted_wheel_display_002,Tyre_rubber,28
3496,Wall_mounted_wheel_display_002/Stored_alloy_wheel_004/Tread_block_052_411,Wall_mounted_wheel_display_002,Tyre_rubber,28
3497,Wall_mounted_wheel_display_002/Stored_alloy_wheel_004/Tread_block_053_412,Wall_mounted_wheel_display_002,Tyre_rubber,28
3498,Wall_mounted_wheel_display_002/Stored_alloy_wheel_004/Tread_block_054_413,Wall_mounted_wheel_display_002,Tyre_rubber,28
3499,Wall_mounted_wheel_display_002/Stored_alloy_wheel_004/Tread_block_055_414,Wall_mounted_wheel_display_002,Tyre_rubber,28
3500,Wall_mounted_wheel_display_002/Stored_alloy_wheel_004/Tread_block_056_415,Wall_mounted_wheel_display_002,Tyre_rubber,28
3501,Wall_mounted_wheel_display_002/Stored_alloy_wheel_004/Tread_block_057_416,Wall_mounted_wheel_display_002,Tyre_rubber,28
3502,Wall_mounted_wheel_display_002/Stored_alloy_wheel_004/Tread_block_058_417,Wall_mounted_wheel_display_002,Tyre_rubber,28
3503,Wall_mounted_wheel_display_002/Stored_alloy_wheel_004/Tread_block_059_418,Wall_mounted_wheel_display_002,Tyre_rubber,28
3504,Wall_mounted_wheel_display_002/Stored_alloy_wheel_004/Tread_block_060_419,Wall_mounted_wheel_display_002,Tyre_rubber,28
3505,Wall_mounted_wheel_display_002/Stored_alloy_wheel_004/Tread_block_061_420,Wall_mounted_wheel_display_002,Tyre_rubber,28
3506,Wall_mounted_wheel_display_002/Stored_alloy_wheel_004/Tread_block_062_421,Wall_mounted_wheel_display_002,Tyre_rubber,28
3507,Wall_mounted_wheel_display_002/Stored_alloy_wheel_004/Tread_block_063_422,Wall_mounted_wheel_display_002,Tyre_rubber,28
3508,Wall_mounted_wheel_display_002/Stored_alloy_wheel_004/Tread_block_064_423,Wall_mounted_wheel_display_002,Tyre_rubber,28
3509,Wall_mounted_wheel_display_002/Stored_alloy_wheel_004/Tread_block_065_424,Wall_mounted_wheel_display_002,Tyre_rubber,28
3510,Wall_mounted_wheel_display_002/Stored_alloy_wheel_004/Tread_block_066_425,Wall_mounted_wheel_display_002,Tyre_rubber,28
3511,Wall_mounted_wheel_display_002/Stored_alloy_wheel_004/Tread_block_067_426,Wall_mounted_wheel_display_002,Tyre_rubber,28
3512,Wall_mounted_wheel_display_002/Stored_alloy_wheel_004/Tread_block_068_427,Wall_mounted_wheel_display_002,Tyre_rubber,28
3513,Wall_mounted_wheel_display_002/Stored_alloy_wheel_004/Tread_block_069_428,Wall_mounted_wheel_display_002,Tyre_rubber,28
3514,Wall_mounted_wheel_display_002/Stored_alloy_wheel_004/Tread_block_070_429,Wall_mounted_wheel_display_002,Tyre_rubber,28
3515,Wall_mounted_wheel_display_002/Stored_alloy_wheel_004/Tread_block_071_430,Wall_mounted_wheel_display_002,Tyre_rubber,28
3516,Wall_mounted_wheel_display_002/Stored_alloy_wheel_004/Tread_block_072_431,Wall_mounted_wheel_display_002,Tyre_rubber,28
3517,Wall_mounted_wheel_display_002/Stored_alloy_wheel_004/Tread_block_073_432,Wall_mounted_wheel_display_002,Tyre_rubber,28
3518,Wall_mounted_wheel_display_002/Stored_alloy_wheel_004/Tread_block_074_433,Wall_mounted_wheel_display_002,Tyre_rubber,28
3519,Wall_mounted_wheel_display_002/Stored_alloy_wheel_004/Tread_block_075_434,Wall_mounted_wheel_display_002,Tyre_rubber,28
3520,Wall_mounted_wheel_display_002/Stored_alloy_wheel_004/Tread_block_076_435,Wall_mounted_wheel_display_002,Tyre_rubber,28
3521,Wall_mounted_wheel_display_002/Stored_alloy_wheel_004/Tread_block_077_436,Wall_mounted_wheel_display_002,Tyre_rubber,28
3522,Wall_mounted_wheel_display_002/Stored_alloy_wheel_004/Tread_block_078_437,Wall_mounted_wheel_display_002,Tyre_rubber,28
3523,Wall_mounted_wheel_display_002/Stored_alloy_wheel_004/Tread_block_079_438,Wall_mounted_wheel_display_002,Tyre_rubber,28
3524,Wall_mounted_wheel_display_002/Stored_alloy_wheel_004/Tread_block_080_439,Wall_mounted_wheel_display_002,Tyre_rubber,28
3525,Wall_mounted_wheel_display_002/Stored_alloy_wheel_004/Tread_block_081_440,Wall_mounted_wheel_display_002,Tyre_rubber,28
3526,Wall_mounted_wheel_display_002/Stored_alloy_wheel_004/Tread_block_082_441,Wall_mounted_wheel_display_002,Tyre_rubber,28
3527,Wall_mounted_wheel_display_002/Stored_alloy_wheel_004/Tread_block_083_442,Wall_mounted_wheel_display_002,Tyre_rubber,28
3528,Wall_mounted_wheel_display_002/Stored_alloy_wheel_004/Tread_block_084_443,Wall_mounted_wheel_display_002,Tyre_rubber,28
3529,Wall_mounted_wheel_display_002/Stored_alloy_wheel_004/Tread_block_085_444,Wall_mounted_wheel_display_002,Tyre_rubber,28
3530,Wall_mounted_wheel_display_002/Stored_alloy_wheel_004/Tread_block_086_445,Wall_mounted_wheel_display_002,Tyre_rubber,28
3531,Wall_mounted_wheel_display_002/Stored_alloy_wheel_004/Tread_block_087_446,Wall_mounted_wheel_display_002,Tyre_rubber,28
3532,Wall_mounted_wheel_display_002/Stored_alloy_wheel_004/Tread_block_088_447,Wall_mounted_wheel_display_002,Tyre_rubber,28
3533,Wall_mounted_wheel_display_002/Stored_alloy_wheel_004/Tread_block_089_448,Wall_mounted_wheel_display_002,Tyre_rubber,28
3534,Wall_mounted_wheel_display_002/Stored_alloy_wheel_004/Tread_block_090_449,Wall_mounted_wheel_display_002,Tyre_rubber,28
3535,Wall_mounted_wheel_display_002/Stored_alloy_wheel_004/Tread_block_091_450,Wall_mounted_wheel_display_002,Tyre_rubber,28
3536,Wall_mounted_wheel_display_002/Stored_alloy_wheel_004/Tread_block_092_451,Wall_mounted_wheel_display_002,Tyre_rubber,28
3537,Wall_mounted_wheel_display_002/Stored_alloy_wheel_004/Tread_block_093_452,Wall_mounted_wheel_display_002,Tyre_rubber,28
3538,Wall_mounted_wheel_display_002/Stored_alloy_wheel_004/Tread_block_094_453,Wall_mounted_wheel_display_002,Tyre_rubber,28
3539,Wall_mounted_wheel_display_002/Stored_alloy_wheel_004/Tread_block_095_454,Wall_mounted_wheel_display_002,Tyre_rubber,28
3540,Wall_mounted_wheel_display_002/Stored_alloy_wheel_004/Tread_block_096_455,Wall_mounted_wheel_display_002,Tyre_rubber,28
3541,Wall_mounted_wheel_display_002/Stored_alloy_wheel_004/Tread_block_097_456,Wall_mounted_wheel_display_002,Tyre_rubber,28
3542,Wall_mounted_wheel_display_002/Stored_alloy_wheel_004/Tread_block_098_457,Wall_mounted_wheel_display_002,Tyre_rubber,28
3543,Wall_mounted_wheel_display_002/Stored_alloy_wheel_004/Tread_block_099_458,Wall_mounted_wheel_display_002,Tyre_rubber,28
3544,Wall_mounted_wheel_display_002/Stored_alloy_wheel_004/Tread_block_100_459,Wall_mounted_wheel_display_002,Tyre_rubber,28
3545,Wall_mounted_wheel_display_002/Stored_alloy_wheel_004/Tread_block_101_460,Wall_mounted_wheel_display_002,Tyre_rubber,28
3546,Wall_mounted_wheel_display_002/Stored_alloy_wheel_004/Tread_block_102_461,Wall_mounted_wheel_display_002,Tyre_rubber,28
3547,Wall_mounted_wheel_display_002/Stored_alloy_wheel_004/Tread_block_103_462,Wall_mounted_wheel_display_002,Tyre_rubber,28
3548,Wall_mounted_wheel_display_002/Stored_alloy_wheel_004/Tread_block_104_463,Wall_mounted_wheel_display_002,Tyre_rubber,28
3549,Wall_mounted_wheel_display_002/Stored_alloy_wheel_004/Tread_block_105_464,Wall_mounted_wheel_display_002,Tyre_rubber,28
3550,Wall_mounted_wheel_display_002/Stored_alloy_wheel_004/Tread_block_106_465,Wall_mounted_wheel_display_002,Tyre_rubber,28
3551,Wall_mounted_wheel_display_002/Stored_alloy_wheel_004/Tread_block_107_466,Wall_mounted_wheel_display_002,Tyre_rubber,28
3552,Wall_mounted_wheel_display_002/Stored_alloy_wheel_004/Tread_block_108_467,Wall_mounted_wheel_display_002,Tyre_rubber,28
3553,Wall_mounted_wheel_display_002/Stored_alloy_wheel_004/Tread_block_109_468,Wall_mounted_wheel_display_002,Tyre_rubber,28
3554,Wall_mounted_wheel_display_002/Stored_alloy_wheel_004/Tread_block_110_469,Wall_mounted_wheel_display_002,Tyre_rubber,28
3555,Wall_mounted_wheel_display_002/Stored_alloy_wheel_004/Tread_block_111_470,Wall_mounted_wheel_display_002,Tyre_rubber,28
3556,Wall_mounted_wheel_display_002/Stored_alloy_wheel_004/Tread_block_112_471,Wall_mounted_wheel_display_002,Tyre_rubber,28
3557,Wall_mounted_wheel_display_002/Stored_alloy_wheel_004/Tread_block_113_472,Wall_mounted_wheel_display_002,Tyre_rubber,28
3558,Wall_mounted_wheel_display_002/Stored_alloy_wheel_004/Tread_block_114_473,Wall_mounted_wheel_display_002,Tyre_rubber,28
3559,Wall_mounted_wheel_display_002/Stored_alloy_wheel_004/Tread_block_115_474,Wall_mounted_wheel_display_002,Tyre_rubber,28
3560,Wall_mounted_wheel_display_002/Stored_alloy_wheel_004/Tread_block_116_475,Wall_mounted_wheel_display_002,Tyre_rubber,28
3561,Wall_mounted_wheel_display_002/Stored_alloy_wheel_004/Tread_block_117_476,Wall_mounted_wheel_display_002,Tyre_rubber,28
3562,Wall_mounted_wheel_display_002/Stored_alloy_wheel_004/Tread_block_118_477,Wall_mounted_wheel_display_002,Tyre_rubber,28
3563,Wall_mounted_wheel_display_002/Stored_alloy_wheel_004/Tread_block_119_478,Wall_mounted_wheel_display_002,Tyre_rubber,28
3564,Wall_mounted_wheel_display_002/Stored_alloy_wheel_004/Tread_block_120_479,Wall_mounted_wheel_display_002,Tyre_rubber,28
3565,Wall_mounted_wheel_display_002/Stored_alloy_wheel_004/Tread_block_121_480,Wall_mounted_wheel_display_002,Tyre_rubber,28
3566,Wall_mounted_wheel_display_002/Stored_alloy_wheel_004/Tread_block_122_481,Wall_mounted_wheel_display_002,Tyre_rubber,28
3567,Wall_mounted_wheel_display_002/Stored_alloy_wheel_004/Tread_block_123_482,Wall_mounted_wheel_display_002,Tyre_rubber,28
3568,Wall_mounted_wheel_display_002/Stored_alloy_wheel_004/Tread_block_124_483,Wall_mounted_wheel_display_002,Tyre_rubber,28
3569,Wall_mounted_wheel_display_002/Stored_alloy_wheel_004/Tread_block_125_484,Wall_mounted_wheel_display_002,Tyre_rubber,28
3570,Wall_mounted_wheel_display_002/Stored_alloy_wheel_004/Tread_block_126_485,Wall_mounted_wheel_display_002,Tyre_rubber,28
3571,Wall_mounted_wheel_display_002/Stored_alloy_wheel_004/Tread_block_127_486,Wall_mounted_wheel_display_002,Tyre_rubber,28
3572,Wall_mounted_wheel_display_002/Stored_alloy_wheel_004/Tread_block_128_487,Wall_mounted_wheel_display_002,Tyre_rubber,28
3573,Wall_mounted_wheel_display_002/Stored_alloy_wheel_004/Tread_block_129_488,Wall_mounted_wheel_display_002,Tyre_rubber,28
3574,Wall_mounted_wheel_display_002/Stored_alloy_wheel_004/Tread_block_130_489,Wall_mounted_wheel_display_002,Tyre_rubber,28
3575,Wall_mounted_wheel_display_002/Stored_alloy_wheel_004/Tread_block_131_490,Wall_mounted_wheel_display_002,Tyre_rubber,28
3576,Wall_mounted_wheel_display_002/Stored_alloy_wheel_004/Tread_block_132_491,Wall_mounted_wheel_display_002,Tyre_rubber,28
3577,Wall_mounted_wheel_display_002/Stored_alloy_wheel_004/Tread_block_133_492,Wall_mounted_wheel_display_002,Tyre_rubber,28
3578,Wall_mounted_wheel_display_002/Stored_alloy_wheel_004/Tread_block_134_493,Wall_mounted_wheel_display_002,Tyre_rubber,28
3579,Wall_mounted_wheel_display_002/Stored_alloy_wheel_004/Tread_block_135_494,Wall_mounted_wheel_display_002,Tyre_rubber,28
3580,Wall_mounted_wheel_display_002/Stored_alloy_wheel_004/Tread_block_136_495,Wall_mounted_wheel_display_002,Tyre_rubber,28
3581,Wall_mounted_wheel_display_002/Stored_alloy_wheel_004/Tread_block_137_496,Wall_mounted_wheel_display_002,Tyre_rubber,28
3582,Wall_mounted_wheel_display_002/Stored_alloy_wheel_004/Tread_block_138_497,Wall_mounted_wheel_display_002,Tyre_rubber,28
3583,Wall_mounted_wheel_display_002/Stored_alloy_wheel_004/Tread_block_139_498,Wall_mounted_wheel_display_002,Tyre_rubber,28
3584,Wall_mounted_wheel_display_002/Stored_alloy_wheel_004/Tread_block_140_499,Wall_mounted_wheel_display_002,Tyre_rubber,28
3585,Wall_mounted_wheel_display_002/Stored_alloy_wheel_004/Tread_block_141_500,Wall_mounted_wheel_display_002,Tyre_rubber,28
3586,Wall_mounted_wheel_display_002/Stored_alloy_wheel_004/Tread_block_142_501,Wall_mounted_wheel_display_002,Tyre_rubber,28
3587,Wall_mounted_wheel_display_002/Stored_alloy_wheel_004/Tread_block_143_502,Wall_mounted_wheel_display_002,Tyre_rubber,28
3588,Wall_mounted_wheel_display_002/Stored_alloy_wheel_004/Tread_block_144_503,Wall_mounted_wheel_display_002,Tyre_rubber,28
3589,Wall_mounted_wheel_display_002/Stored_alloy_wheel_004/Tread_block_145_504,Wall_mounted_wheel_display_002,Tyre_rubber,28
3590,Wall_mounted_wheel_display_002/Stored_alloy_wheel_004/Tread_block_146_505,Wall_mounted_wheel_display_002,Tyre_rubber,28
3591,Wall_mounted_wheel_display_002/Stored_alloy_wheel_004/Tread_block_147_506,Wall_mounted_wheel_display_002,Tyre_rubber,28
3592,Wall_mounted_wheel_display_002/Stored_alloy_wheel_004/Tread_block_148_507,Wall_mounted_wheel_display_002,Tyre_rubber,28
3593,Wall_mounted_wheel_display_002/Stored_alloy_wheel_004/Tread_block_149_508,Wall_mounted_wheel_display_002,Tyre_rubber,28
3594,Wall_mounted_wheel_display_002/Stored_alloy_wheel_004/Tread_block_150_509,Wall_mounted_wheel_display_002,Tyre_rubber,28
3595,Wall_mounted_wheel_display_002/Stored_alloy_wheel_004/Tread_block_151_510,Wall_mounted_wheel_display_002,Tyre_rubber,28
3596,Wall_mounted_wheel_display_002/Stored_alloy_wheel_004/Tread_block_152_511,Wall_mounted_wheel_display_002,Tyre_rubber,28
3597,Wall_mounted_wheel_display_002/Stored_alloy_wheel_004/Tread_block_153_512,Wall_mounted_wheel_display_002,Tyre_rubber,28
3598,Wall_mounted_wheel_display_002/Stored_alloy_wheel_004/Tread_block_154_513,Wall_mounted_wheel_display_002,Tyre_rubber,28
3599,Wall_mounted_wheel_display_002/Stored_alloy_wheel_004/Tread_block_155_514,Wall_mounted_wheel_display_002,Tyre_rubber,28
3600,Wall_mounted_wheel_display_002/Stored_alloy_wheel_004/Tread_block_156_515,Wall_mounted_wheel_display_002,Tyre_rubber,28
3601,Wall_mounted_wheel_display_002/Stored_alloy_wheel_004/Tread_block_157_516,Wall_mounted_wheel_display_002,Tyre_rubber,28
3602,Wall_mounted_wheel_display_002/Stored_alloy_wheel_004/Tread_block_158_517,Wall_mounted_wheel_display_002,Tyre_rubber,28
3603,Wall_mounted_wheel_display_002/Stored_alloy_wheel_004/Tread_block_159_518,Wall_mounted_wheel_display_002,Tyre_rubber,28
3604,Wall_mounted_wheel_display_002/Stored_alloy_wheel_004/Tread_block_160_519,Wall_mounted_wheel_display_002,Tyre_rubber,28
3605,Wall_mounted_wheel_display_002/Stored_alloy_wheel_004/Tread_block_161_520,Wall_mounted_wheel_display_002,Tyre_rubber,28
3606,Wall_mounted_wheel_display_002/Stored_alloy_wheel_004/Tread_block_162_521,Wall_mounted_wheel_display_002,Tyre_rubber,28
3607,Wall_mounted_wheel_display_002/Stored_alloy_wheel_004/Tread_block_163_522,Wall_mounted_wheel_display_002,Tyre_rubber,28
3608,Wall_mounted_wheel_display_002/Stored_alloy_wheel_004/Tread_block_164_523,Wall_mounted_wheel_display_002,Tyre_rubber,28
3609,Wall_mounted_wheel_display_002/Stored_alloy_wheel_004/Tread_block_165_524,Wall_mounted_wheel_display_002,Tyre_rubber,28
3610,Wall_mounted_wheel_display_002/Stored_alloy_wheel_004/Tread_block_166_525,Wall_mounted_wheel_display_002,Tyre_rubber,28
3611,Wall_mounted_wheel_display_002/Stored_alloy_wheel_004/Tread_block_167_526,Wall_mounted_wheel_display_002,Tyre_rubber,28
3612,Wall_mounted_wheel_display_002/Stored_alloy_wheel_004/Tread_block_168_527,Wall_mounted_wheel_display_002,Tyre_rubber,28
3613,Wall_mounted_wheel_display_002/Stored_alloy_wheel_004/Tread_block_169_528,Wall_mounted_wheel_display_002,Tyre_rubber,28
3614,Wall_mounted_wheel_display_002/Stored_alloy_wheel_004/Tread_block_170_529,Wall_mounted_wheel_display_002,Tyre_rubber,28
3615,Wall_mounted_wheel_display_002/Stored_alloy_wheel_004/Tread_block_171_530,Wall_mounted_wheel_display_002,Tyre_rubber,28
3616,Wall_mounted_wheel_display_002/Stored_alloy_wheel_004/Tread_block_172_531,Wall_mounted_wheel_display_002,Tyre_rubber,28
3617,Wall_mounted_wheel_display_002/Stored_alloy_wheel_004/Tread_block_173_532,Wall_mounted_wheel_display_002,Tyre_rubber,28
3618,Wall_mounted_wheel_display_002/Stored_alloy_wheel_004/Tread_block_174_533,Wall_mounted_wheel_display_002,Tyre_rubber,28
3619,Wall_mounted_wheel_display_002/Stored_alloy_wheel_004/Tread_block_175_534,Wall_mounted_wheel_display_002,Tyre_rubber,28
3620,Wall_mounted_wheel_display_002/Stored_alloy_wheel_004/Tread_block_176_535,Wall_mounted_wheel_display_002,Tyre_rubber,28
3621,Wall_mounted_wheel_display_002/Stored_alloy_wheel_004/Tread_block_177_536,Wall_mounted_wheel_display_002,Tyre_rubber,28
3622,Wall_mounted_wheel_display_002/Stored_alloy_wheel_004/Tread_block_178_537,Wall_mounted_wheel_display_002,Tyre_rubber,28
3623,Wall_mounted_wheel_display_002/Stored_alloy_wheel_004/Tread_block_179_538,Wall_mounted_wheel_display_002,Tyre_rubber,28
3624,Wall_mounted_wheel_display_002/Stored_alloy_wheel_004/Tread_block_180_539,Wall_mounted_wheel_display_002,Tyre_rubber,28
3625,Wall_mounted_wheel_display_002/Stored_alloy_wheel_004/Tread_block_181_540,Wall_mounted_wheel_display_002,Tyre_rubber,28
3626,Wall_mounted_wheel_display_002/Stored_alloy_wheel_004/Tread_block_182_541,Wall_mounted_wheel_display_002,Tyre_rubber,28
3627,Wall_mounted_wheel_display_002/Stored_alloy_wheel_004/Tread_block_183_542,Wall_mounted_wheel_display_002,Tyre_rubber,28
3628,Wall_mounted_wheel_display_002/Stored_alloy_wheel_004/Tread_block_184_543,Wall_mounted_wheel_display_002,Tyre_rubber,28
3629,Wall_mounted_wheel_display_002/Stored_alloy_wheel_004/Tread_block_185_544,Wall_mounted_wheel_display_002,Tyre_rubber,28
3630,Wall_mounted_wheel_display_002/Stored_alloy_wheel_004/Tread_block_186_545,Wall_mounted_wheel_display_002,Tyre_rubber,28
3631,Wall_mounted_wheel_display_002/Stored_alloy_wheel_004/Tread_block_187_546,Wall_mounted_wheel_display_002,Tyre_rubber,28
3632,Wall_mounted_wheel_display_002/Stored_alloy_wheel_004/Tread_block_188_547,Wall_mounted_wheel_display_002,Tyre_rubber,28
3633,Wall_mounted_wheel_display_002/Stored_alloy_wheel_004/Tread_block_189_548,Wall_mounted_wheel_display_002,Tyre_rubber,28
3634,Wall_mounted_wheel_display_002/Stored_alloy_wheel_004/Tread_block_190_549,Wall_mounted_wheel_display_002,Tyre_rubber,28
3635,Wall_mounted_wheel_display_002/Stored_alloy_wheel_004/Tread_block_191_550,Wall_mounted_wheel_display_002,Tyre_rubber,28
3636,Wall_mounted_wheel_display_002/Stored_alloy_wheel_004/Tread_block_192_551,Wall_mounted_wheel_display_002,Tyre_rubber,28
3637,Wall_mounted_wheel_display_002/Stored_alloy_wheel_004/Tread_block_193_552,Wall_mounted_wheel_display_002,Tyre_rubber,28
3638,Wall_mounted_wheel_display_002/Stored_alloy_wheel_004/Tread_block_194_553,Wall_mounted_wheel_display_002,Tyre_rubber,28
3639,Wall_mounted_wheel_display_002/Stored_alloy_wheel_004/Tread_block_195_554,Wall_mounted_wheel_display_002,Tyre_rubber,28
3640,Wall_mounted_wheel_display_002/Stored_alloy_wheel_004/Tread_block_196_555,Wall_mounted_wheel_display_002,Tyre_rubber,28
3641,Wall_mounted_wheel_display_002/Stored_alloy_wheel_004/Tread_block_197_556,Wall_mounted_wheel_display_002,Tyre_rubber,28
3642,Wall_mounted_wheel_display_002/Stored_alloy_wheel_004/Tread_block_198_557,Wall_mounted_wheel_display_002,Tyre_rubber,28
3643,Wall_mounted_wheel_display_002/Stored_alloy_wheel_004/Tread_block_199_558,Wall_mounted_wheel_display_002,Tyre_rubber,28
3644,Wall_mounted_wheel_display_002/Stored_alloy_wheel_004/Tread_block_200_559,Wall_mounted_wheel_display_002,Tyre_rubber,28
3645,Wall_mounted_wheel_display_002/Stored_alloy_wheel_004/Tread_block_201_560,Wall_mounted_wheel_display_002,Tyre_rubber,28
3646,Wall_mounted_wheel_display_002/Stored_alloy_wheel_004/Tread_block_202_561,Wall_mounted_wheel_display_002,Tyre_rubber,28
3647,Wall_mounted_wheel_display_002/Stored_alloy_wheel_004/Tread_block_203_562,Wall_mounted_wheel_display_002,Tyre_rubber,28
3648,Wall_mounted_wheel_display_002/Stored_alloy_wheel_004/Tread_block_204_563,Wall_mounted_wheel_display_002,Tyre_rubber,28
3649,Wall_mounted_wheel_display_002/Stored_alloy_wheel_004/Tread_block_205_564,Wall_mounted_wheel_display_002,Tyre_rubber,28
3650,Wall_mounted_wheel_display_002/Stored_alloy_wheel_004/Tread_block_206_565,Wall_mounted_wheel_display_002,Tyre_rubber,28
3651,Wall_mounted_wheel_display_002/Stored_alloy_wheel_004/Tread_block_207_566,Wall_mounted_wheel_display_002,Tyre_rubber,28
3652,Wall_mounted_wheel_display_002/Stored_alloy_wheel_004/Tread_block_208_567,Wall_mounted_wheel_display_002,Tyre_rubber,28
3653,Wall_mounted_wheel_display_002/Stored_alloy_wheel_004/Tread_block_209_568,Wall_mounted_wheel_display_002,Tyre_rubber,28
3654,Wall_mounted_wheel_display_002/Stored_alloy_wheel_004/Tread_block_210_569,Wall_mounted_wheel_display_002,Tyre_rubber,28
3655,Wall_mounted_wheel_display_002/Stored_alloy_wheel_004/Tread_block_211_570,Wall_mounted_wheel_display_002,Tyre_rubber,28
3656,Wall_mounted_wheel_display_002/Stored_alloy_wheel_004/Tread_block_212_571,Wall_mounted_wheel_display_002,Tyre_rubber,28
3657,Wall_mounted_wheel_display_002/Stored_alloy_wheel_004/Tread_block_213_572,Wall_mounted_wheel_display_002,Tyre_rubber,28
3658,Wall_mounted_wheel_display_002/Stored_alloy_wheel_004/Tread_block_214_573,Wall_mounted_wheel_display_002,Tyre_rubber,28
3659,Wall_mounted_wheel_display_002/Stored_alloy_wheel_004/Tread_block_215_574,Wall_mounted_wheel_display_002,Tyre_rubber,28
3660,Wall_mounted_wheel_display_002/Stored_alloy_wheel_004/Tread_block_216_575,Wall_mounted_wheel_display_002,Tyre_rubber,28
3661,Wall_mounted_wheel_display_002/Stored_alloy_wheel_004/Tread_block_217_576,Wall_mounted_wheel_display_002,Tyre_rubber,28
3662,Wall_mounted_wheel_display_002/Stored_alloy_wheel_004/Tread_block_218_577,Wall_mounted_wheel_display_002,Tyre_rubber,28
3663,Wall_mounted_wheel_display_002/Stored_alloy_wheel_004/Tread_block_219_578,Wall_mounted_wheel_display_002,Tyre_rubber,28
3664,Wall_mounted_wheel_display_002/Stored_alloy_wheel_004/Tread_block_220_579,Wall_mounted_wheel_display_002,Tyre_rubber,28
3665,Wall_mounted_wheel_display_002/Stored_alloy_wheel_004/Tread_block_221_580,Wall_mounted_wheel_display_002,Tyre_rubber,28
3666,Wall_mounted_wheel_display_002/Stored_alloy_wheel_004/Tread_block_222_581,Wall_mounted_wheel_display_002,Tyre_rubber,28
3667,Wall_mounted_wheel_display_002/Stored_alloy_wheel_004/Tread_block_223_582,Wall_mounted_wheel_display_002,Tyre_rubber,28
3668,Wall_mounted_wheel_display_002/Stored_alloy_wheel_004/Tread_block_224_583,Wall_mounted_wheel_display_002,Tyre_rubber,28
3669,Wall_mounted_wheel_display_002/Stored_alloy_wheel_004/Tread_block_225_584,Wall_mounted_wheel_display_002,Tyre_rubber,28
3670,Wall_mounted_wheel_display_002/Stored_alloy_wheel_004/Tread_block_226_585,Wall_mounted_wheel_display_002,Tyre_rubber,28
3671,Wall_mounted_wheel_display_002/Stored_alloy_wheel_004/Tread_block_227_586,Wall_mounted_wheel_display_002,Tyre_rubber,28
3672,Wall_mounted_wheel_display_002/Stored_alloy_wheel_004/Tread_block_228_587,Wall_mounted_wheel_display_002,Tyre_rubber,28
3673,Wall_mounted_wheel_display_002/Stored_alloy_wheel_004/Tread_block_229_588,Wall_mounted_wheel_display_002,Tyre_rubber,28
3674,Wall_mounted_wheel_display_002/Stored_alloy_wheel_004/Tread_block_230_589,Wall_mounted_wheel_display_002,Tyre_rubber,28
3675,Wall_mounted_wheel_display_002/Stored_alloy_wheel_004/Tread_block_231_590,Wall_mounted_wheel_display_002,Tyre_rubber,28
3676,Wall_mounted_wheel_display_002/Stored_alloy_wheel_004/Tread_block_232_591,Wall_mounted_wheel_display_002,Tyre_rubber,28
3677,Wall_mounted_wheel_display_002/Stored_alloy_wheel_004/Tread_block_233_592,Wall_mounted_wheel_display_002,Tyre_rubber,28
3678,Wall_mounted_wheel_display_002/Stored_alloy_wheel_004/Tread_block_234_593,Wall_mounted_wheel_display_002,Tyre_rubber,28
3679,Wall_mounted_wheel_display_002/Stored_alloy_wheel_004/Tread_block_235_594,Wall_mounted_wheel_display_002,Tyre_rubber,28
3680,Wall_mounted_wheel_display_002/Stored_alloy_wheel_004/Tread_block_236_595,Wall_mounted_wheel_display_002,Tyre_rubber,28
3681,Wall_mounted_wheel_display_002/Stored_alloy_wheel_004/Tread_block_237_596,Wall_mounted_wheel_display_002,Tyre_rubber,28
3682,Wall_mounted_wheel_display_002/Stored_alloy_wheel_004/Tread_block_238_597,Wall_mounted_wheel_display_002,Tyre_rubber,28
3683,Wall_mounted_wheel_display_002/Stored_alloy_wheel_004/Tread_block_239_598,Wall_mounted_wheel_display_002,Tyre_rubber,28
3684,Wall_mounted_wheel_display_002/Stored_alloy_wheel_004/Tread_block_240_599,Wall_mounted_wheel_display_002,Tyre_rubber,28
3685,Wall_mounted_wheel_display_002/Stored_alloy_wheel_004/Tread_block_241_600,Wall_mounted_wheel_display_002,Tyre_rubber,28
3686,Wall_mounted_wheel_display_002/Stored_alloy_wheel_004/Tread_block_242_601,Wall_mounted_wheel_display_002,Tyre_rubber,28
3687,Wall_mounted_wheel_display_002/Stored_alloy_wheel_004/Tread_block_243_602,Wall_mounted_wheel_display_002,Tyre_rubber,28
3688,Wall_mounted_wheel_display_002/Stored_alloy_wheel_004/Tread_block_244_603,Wall_mounted_wheel_display_002,Tyre_rubber,28
3689,Wall_mounted_wheel_display_002/Stored_alloy_wheel_004/Tread_block_245_604,Wall_mounted_wheel_display_002,Tyre_rubber,28
3690,Wall_mounted_wheel_display_002/Stored_alloy_wheel_004/Tread_block_246_605,Wall_mounted_wheel_display_002,Tyre_rubber,28
3691,Wall_mounted_wheel_display_002/Stored_alloy_wheel_004/Tread_block_247_606,Wall_mounted_wheel_display_002,Tyre_rubber,28
3692,Wall_mounted_wheel_display_002/Stored_alloy_wheel_004/Tread_block_248_607,Wall_mounted_wheel_display_002,Tyre_rubber,28
3693,Wall_mounted_wheel_display_002/Stored_alloy_wheel_004/Tread_block_249_608,Wall_mounted_wheel_display_002,Tyre_rubber,28
3694,Wall_mounted_wheel_display_002/Stored_alloy_wheel_004/Tread_block_250_609,Wall_mounted_wheel_display_002,Tyre_rubber,28
3695,Wall_mounted_wheel_display_002/Stored_alloy_wheel_004/Tread_block_251_610,Wall_mounted_wheel_display_002,Tyre_rubber,28
3696,Wall_mounted_wheel_display_002/Stored_alloy_wheel_004/Tread_block_252_611,Wall_mounted_wheel_display_002,Tyre_rubber,28
3697,Wall_mounted_wheel_display_002/Stored_alloy_wheel_004/Tread_block_253_612,Wall_mounted_wheel_display_002,Tyre_rubber,28
3698,Wall_mounted_wheel_display_002/Stored_alloy_wheel_004/Tread_block_254_613,Wall_mounted_wheel_display_002,Tyre_rubber,28
3699,Wall_mounted_wheel_display_002/Stored_alloy_wheel_004/Tread_block_255_614,Wall_mounted_wheel_display_002,Tyre_rubber,28
3700,Wall_mounted_wheel_display_002/Stored_alloy_wheel_004/Tread_block_256_615,Wall_mounted_wheel_display_002,Tyre_rubber,28
3701,Wall_mounted_wheel_display_002/Stored_alloy_wheel_004/Tread_block_257_616,Wall_mounted_wheel_display_002,Tyre_rubber,28
3702,Wall_mounted_wheel_display_002/Stored_alloy_wheel_004/Tread_block_258_617,Wall_mounted_wheel_display_002,Tyre_rubber,28
3703,Wall_mounted_wheel_display_002/Stored_alloy_wheel_004/Tread_block_259_618,Wall_mounted_wheel_display_002,Tyre_rubber,28
3704,Wall_mounted_wheel_display_002/Stored_alloy_wheel_004/Tread_block_260_619,Wall_mounted_wheel_display_002,Tyre_rubber,28
3705,Wall_mounted_wheel_display_002/Stored_alloy_wheel_004/Tread_block_261_620,Wall_mounted_wheel_display_002,Tyre_rubber,28
3706,Wall_mounted_wheel_display_002/Stored_alloy_wheel_004/Tread_block_262_621,Wall_mounted_wheel_display_002,Tyre_rubber,28
3707,Wall_mounted_wheel_display_002/Stored_alloy_wheel_004/Tread_block_263_622,Wall_mounted_wheel_display_002,Tyre_rubber,28
3708,Wall_mounted_wheel_display_002/Stored_alloy_wheel_004/Tread_block_264_623,Wall_mounted_wheel_display_002,Tyre_rubber,28
3709,Wall_mounted_wheel_display_002/Stored_alloy_wheel_004/Tread_block_265_624,Wall_mounted_wheel_display_002,Tyre_rubber,28
3710,Wall_mounted_wheel_display_002/Stored_alloy_wheel_004/Tread_block_266_625,Wall_mounted_wheel_display_002,Tyre_rubber,28
3711,Wall_mounted_wheel_display_002/Stored_alloy_wheel_004/Tread_block_267_626,Wall_mounted_wheel_display_002,Tyre_rubber,28
3712,Wall_mounted_wheel_display_002/Stored_alloy_wheel_004/Tread_block_268_627,Wall_mounted_wheel_display_002,Tyre_rubber,28
3713,Wall_mounted_wheel_display_002/Stored_alloy_wheel_004/Tread_block_269_628,Wall_mounted_wheel_display_002,Tyre_rubber,28
3714,Wall_mounted_wheel_display_002/Stored_alloy_wheel_004/Tread_block_270_629,Wall_mounted_wheel_display_002,Tyre_rubber,28
3715,Wall_mounted_wheel_display_002/Stored_alloy_wheel_004/Tread_block_271_630,Wall_mounted_wheel_display_002,Tyre_rubber,28
3716,Wall_mounted_wheel_display_002/Stored_alloy_wheel_004/Tread_block_272_631,Wall_mounted_wheel_display_002,Tyre_rubber,28
3717,Wall_mounted_wheel_display_002/Stored_alloy_wheel_004/Tread_block_273_632,Wall_mounted_wheel_display_002,Tyre_rubber,28
3718,Wall_mounted_wheel_display_002/Stored_alloy_wheel_004/Tread_block_274_633,Wall_mounted_wheel_display_002,Tyre_rubber,28
3719,Wall_mounted_wheel_display_002/Stored_alloy_wheel_004/Tread_block_275_634,Wall_mounted_wheel_display_002,Tyre_rubber,28
3720,Wall_mounted_wheel_display_002/Stored_alloy_wheel_004/Tread_block_276_635,Wall_mounted_wheel_display_002,Tyre_rubber,28
3721,Wall_mounted_wheel_display_002/Stored_alloy_wheel_004/Tread_block_277_636,Wall_mounted_wheel_display_002,Tyre_rubber,28
3722,Wall_mounted_wheel_display_002/Stored_alloy_wheel_004/Tread_block_278_637,Wall_mounted_wheel_display_002,Tyre_rubber,28
3723,Wall_mounted_wheel_display_002/Stored_alloy_wheel_004/Tread_block_279_638,Wall_mounted_wheel_display_002,Tyre_rubber,28
3724,Wall_mounted_wheel_display_002/Stored_alloy_wheel_004/Tread_block_280_639,Wall_mounted_wheel_display_002,Tyre_rubber,28
3725,Wall_mounted_wheel_display_002/Stored_alloy_wheel_004/Tread_block_281_640,Wall_mounted_wheel_display_002,Tyre_rubber,28
3726,Wall_mounted_wheel_display_002/Stored_alloy_wheel_004/Tread_block_282_641,Wall_mounted_wheel_display_002,Tyre_rubber,28
3727,Wall_mounted_wheel_display_002/Stored_alloy_wheel_004/Tread_block_283_642,Wall_mounted_wheel_display_002,Tyre_rubber,28
3728,Wall_mounted_wheel_display_002/Stored_alloy_wheel_004/Tread_block_284_643,Wall_mounted_wheel_display_002,Tyre_rubber,28
3729,Wall_mounted_wheel_display_002/Stored_alloy_wheel_004/Tread_block_285_644,Wall_mounted_wheel_display_002,Tyre_rubber,28
3730,Wall_mounted_wheel_display_002/Stored_alloy_wheel_004/Tread_block_286_645,Wall_mounted_wheel_display_002,Tyre_rubber,28
3731,Wall_mounted_wheel_display_002/Stored_alloy_wheel_004/Tread_block_287_646,Wall_mounted_wheel_display_002,Tyre_rubber,28
3732,Wall_mounted_wheel_display_002/Stored_alloy_wheel_004/Tread_block_288_647,Wall_mounted_wheel_display_002,Tyre_rubber,28
3733,Wall_mounted_wheel_display_002/Stored_alloy_wheel_004/Tread_block_289_648,Wall_mounted_wheel_display_002,Tyre_rubber,28
3734,Wall_mounted_wheel_display_002/Stored_alloy_wheel_004/Tread_block_290_649,Wall_mounted_wheel_display_002,Tyre_rubber,28
3735,Wall_mounted_wheel_display_002/Stored_alloy_wheel_004/Tread_block_291_650,Wall_mounted_wheel_display_002,Tyre_rubber,28
3736,Wall_mounted_wheel_display_002/Stored_alloy_wheel_004/Tread_block_292_651,Wall_mounted_wheel_display_002,Tyre_rubber,28
3737,Wall_mounted_wheel_display_002/Stored_alloy_wheel_004/Tread_block_293_652,Wall_mounted_wheel_display_002,Tyre_rubber,28
3738,Wall_mounted_wheel_display_002/Stored_alloy_wheel_004/Tread_block_294_653,Wall_mounted_wheel_display_002,Tyre_rubber,28
3739,Wall_mounted_wheel_display_002/Stored_alloy_wheel_004/Tread_block_295_654,Wall_mounted_wheel_display_002,Tyre_rubber,28
3740,Wall_mounted_wheel_display_002/Stored_alloy_wheel_004/Tread_block_296_655,Wall_mounted_wheel_display_002,Tyre_rubber,28
3741,Wall_mounted_wheel_display_002/Stored_alloy_wheel_004/Tread_block_297_656,Wall_mounted_wheel_display_002,Tyre_rubber,28
3742,Wall_mounted_wheel_display_002/Stored_alloy_wheel_004/Tread_block_298_657,Wall_mounted_wheel_display_002,Tyre_rubber,28
3743,Wall_mounted_wheel_display_002/Stored_alloy_wheel_004/Tread_block_299_658,Wall_mounted_wheel_display_002,Tyre_rubber,28
3744,Wall_mounted_wheel_display_002/Stored_alloy_wheel_004/Tread_block_300_659,Wall_mounted_wheel_display_002,Tyre_rubber,28
3745,Wall_mounted_wheel_display_002/Stored_alloy_wheel_004/Tread_block_301_660,Wall_mounted_wheel_display_002,Tyre_rubber,28
3746,Wall_mounted_wheel_display_002/Stored_alloy_wheel_004/Tread_block_302_661,Wall_mounted_wheel_display_002,Tyre_rubber,28
3747,Wall_mounted_wheel_display_002/Stored_alloy_wheel_004/Tread_block_303_662,Wall_mounted_wheel_display_002,Tyre_rubber,28
3748,Wall_mounted_wheel_display_002/Stored_alloy_wheel_004/Tread_block_304_663,Wall_mounted_wheel_display_002,Tyre_rubber,28
3749,Wall_mounted_wheel_display_002/Stored_alloy_wheel_004/Tread_block_305_664,Wall_mounted_wheel_display_002,Tyre_rubber,28
3750,Wall_mounted_wheel_display_002/Stored_alloy_wheel_004/Tread_block_306_665,Wall_mounted_wheel_display_002,Tyre_rubber,28
3751,Wall_mounted_wheel_display_002/Stored_alloy_wheel_004/Tread_block_307_666,Wall_mounted_wheel_display_002,Tyre_rubber,28
3752,Wall_mounted_wheel_display_002/Stored_alloy_wheel_004/Tread_block_308_667,Wall_mounted_wheel_display_002,Tyre_rubber,28
3753,Wall_mounted_wheel_display_002/Stored_alloy_wheel_004/Tread_block_309_668,Wall_mounted_wheel_display_002,Tyre_rubber,28
3754,Wall_mounted_wheel_display_002/Stored_alloy_wheel_004/Tread_block_310_669,Wall_mounted_wheel_display_002,Tyre_rubber,28
3755,Wall_mounted_wheel_display_002/Stored_alloy_wheel_004/Tread_block_311_670,Wall_mounted_wheel_display_002,Tyre_rubber,28
3756,Wall_mounted_wheel_display_002/Stored_alloy_wheel_004/Tread_block_312_671,Wall_mounted_wheel_display_002,Tyre_rubber,28
3757,Wall_mounted_wheel_display_002/Stored_alloy_wheel_004/Tread_block_313_672,Wall_mounted_wheel_display_002,Tyre_rubber,28
3758,Wall_mounted_wheel_display_002/Stored_alloy_wheel_004/Tread_block_314_673,Wall_mounted_wheel_display_002,Tyre_rubber,28
3759,Wall_mounted_wheel_display_002/Stored_alloy_wheel_004/Tread_block_315_674,Wall_mounted_wheel_display_002,Tyre_rubber,28
3760,Wall_mounted_wheel_display_002/Stored_alloy_wheel_004/Tread_block_316_675,Wall_mounted_wheel_display_002,Tyre_rubber,28
3761,Wall_mounted_wheel_display_002/Stored_alloy_wheel_004/Tread_block_317_676,Wall_mounted_wheel_display_002,Tyre_rubber,28
3762,Wall_mounted_wheel_display_002/Stored_alloy_wheel_004/Tread_block_318_677,Wall_mounted_wheel_display_002,Tyre_rubber,28
3763,Wall_mounted_wheel_display_002/Stored_alloy_wheel_004/Tread_block_319_678,Wall_mounted_wheel_display_002,Tyre_rubber,28
3764,Wall_mounted_wheel_display_002/Stored_alloy_wheel_004/Tread_block_320_679,Wall_mounted_wheel_display_002,Tyre_rubber,28
3765,Wall_mounted_wheel_display_002/Stored_alloy_wheel_004/Bead_lip_321_680,Wall_mounted_wheel_display_002,Tyre_rubber,768
3766,Wall_mounted_wheel_display_002/Stored_alloy_wheel_004/Moulded_sidewall_line_322_681,Wall_mounted_wheel_display_002,Tyre_rubber,512
3767,Wall_mounted_wheel_display_002/Stored_alloy_wheel_004/Inner_sidewall_line_323_682,Wall_mounted_wheel_display_002,Tyre_rubber,512
3768,Wall_mounted_wheel_display_002/Stored_alloy_wheel_004/Bead_lip_324_683,Wall_mounted_wheel_display_002,Tyre_rubber,768
3769,Wall_mounted_wheel_display_002/Stored_alloy_wheel_004/Moulded_sidewall_line_325_684,Wall_mounted_wheel_display_002,Tyre_rubber,512
3770,Wall_mounted_wheel_display_002/Stored_alloy_wheel_004/Inner_sidewall_line_326_685,Wall_mounted_wheel_display_002,Tyre_rubber,512
3771,Wall_mounted_wheel_display_002/Stored_alloy_wheel_004/Embossed_tyre_specification_327_686,Wall_mounted_wheel_display_002,Moulded_tyresize_275_35_R19,128
3772,Wall_mounted_wheel_display_002/Stored_alloy_wheel_004/Embossed_tyre_specification_reverse_328_687,Wall_mounted_wheel_display_002,Moulded_tyresize_275_35_R19,128
3773,Wall_mounted_wheel_display_002/Stored_alloy_wheel_004/Alloy_wheel_barrel_329_688,Wall_mounted_wheel_display_002,Brushed_alloy,512
3774,Wall_mounted_wheel_display_002/Stored_alloy_wheel_004/Polished_rim_lip_330_689,Wall_mounted_wheel_display_002,Brushed_alloy,768
3775,Wall_mounted_wheel_display_002/Stored_alloy_wheel_004/Rim_back_lip_331_690,Wall_mounted_wheel_display_002,Brushed_alloy,768
3776,Wall_mounted_wheel_display_002/Stored_alloy_wheel_004/Cast_alloy_spoke_332_691,Wall_mounted_wheel_display_002,Brushed_alloy,44
3777,Wall_mounted_wheel_display_002/Stored_alloy_wheel_004/Cast_alloy_spoke_333_692,Wall_mounted_wheel_display_002,Brushed_alloy,44
3778,Wall_mounted_wheel_display_002/Stored_alloy_wheel_004/Cast_alloy_spoke_334_693,Wall_mounted_wheel_display_002,Brushed_alloy,44
3779,Wall_mounted_wheel_display_002/Stored_alloy_wheel_004/Cast_alloy_spoke_335_694,Wall_mounted_wheel_display_002,Brushed_alloy,44
3780,Wall_mounted_wheel_display_002/Stored_alloy_wheel_004/Cast_alloy_spoke_336_695,Wall_mounted_wheel_display_002,Brushed_alloy,44
3781,Wall_mounted_wheel_display_002/Stored_alloy_wheel_004/Cast_alloy_spoke_337_696,Wall_mounted_wheel_display_002,Brushed_alloy,44
3782,Wall_mounted_wheel_display_002/Stored_alloy_wheel_004/Cast_alloy_spoke_338_697,Wall_mounted_wheel_display_002,Brushed_alloy,44
3783,Wall_mounted_wheel_display_002/Stored_alloy_wheel_004/Cast_alloy_spoke_339_698,Wall_mounted_wheel_display_002,Brushed_alloy,44
3784,Wall_mounted_wheel_display_002/Stored_alloy_wheel_004/Cast_alloy_spoke_340_699,Wall_mounted_wheel_display_002,Brushed_alloy,44
3785,Wall_mounted_wheel_display_002/Stored_alloy_wheel_004/Cast_alloy_spoke_341_700,Wall_mounted_wheel_display_002,Brushed_alloy,44
3786,Wall_mounted_wheel_display_002/Stored_alloy_wheel_004/Wheel_hub_342_701,Wall_mounted_wheel_display_002,Aged_black_steel,128
3787,Wall_mounted_wheel_display_002/Stored_alloy_wheel_004/Center_cap_343_702,Wall_mounted_wheel_display_002,Brushed_alloy,96
3788,Wall_mounted_wheel_display_002/Stored_alloy_wheel_004/Wheel_lug_nut_344_703,Wall_mounted_wheel_display_002,Brushed_alloy,24
3789,Wall_mounted_wheel_display_002/Stored_alloy_wheel_004/Wheel_lug_nut_345_704,Wall_mounted_wheel_display_002,Brushed_alloy,24
3790,Wall_mounted_wheel_display_002/Stored_alloy_wheel_004/Wheel_lug_nut_346_705,Wall_mounted_wheel_display_002,Brushed_alloy,24
3791,Wall_mounted_wheel_display_002/Stored_alloy_wheel_004/Wheel_lug_nut_347_706,Wall_mounted_wheel_display_002,Brushed_alloy,24
3792,Wall_mounted_wheel_display_002/Stored_alloy_wheel_004/Wheel_lug_nut_348_707,Wall_mounted_wheel_display_002,Brushed_alloy,24
3793,Wall_mounted_wheel_display_002/Stored_alloy_wheel_004/Air_valve_stem_349_708,Wall_mounted_wheel_display_002,Tyre_rubber,48
3794,Wall_mounted_wheel_display_002/Stored_alloy_wheel_004/Valve_dust_cap_350_709,Wall_mounted_wheel_display_002,Aged_black_steel,48
3795,Wall_mounted_wheel_display_002/Hex_fastener_710,Wall_mounted_wheel_display_002,Brushed_alloy,24
3796,Wall_mounted_wheel_display_002/Hex_fastener_711,Wall_mounted_wheel_display_002,Brushed_alloy,24
3797,Bench_vice_001/Vice_base_000,Bench_vice_001,Aged_black_steel,44
3798,Bench_vice_001/Swivel_base_001,Bench_vice_001,Aged_black_steel,96
3799,Bench_vice_001/Vice_main_body_002,Bench_vice_001,Workshop_blue_paint,44
3800,Bench_vice_001/Fixed_jaw_003,Bench_vice_001,Workshop_blue_paint,44
3801,Bench_vice_001/Moving_jaw_004,Bench_vice_001,Workshop_blue_paint,44
3802,Bench_vice_001/Serrated_jaw_face_005,Bench_vice_001,Brushed_alloy,44
3803,Bench_vice_001/Serrated_jaw_face_006,Bench_vice_001,Brushed_alloy,44
3804,Bench_vice_001/Jaw_serration_007,Bench_vice_001,Aged_black_steel,12
3805,Bench_vice_001/Jaw_serration_008,Bench_vice_001,Aged_black_steel,12
3806,Bench_vice_001/Jaw_serration_009,Bench_vice_001,Aged_black_steel,12
3807,Bench_vice_001/Jaw_serration_010,Bench_vice_001,Aged_black_steel,12
3808,Bench_vice_001/Jaw_serration_011,Bench_vice_001,Aged_black_steel,12
3809,Bench_vice_001/Jaw_serration_012,Bench_vice_001,Aged_black_steel,12
3810,Bench_vice_001/Jaw_serration_013,Bench_vice_001,Aged_black_steel,12
3811,Bench_vice_001/Jaw_serration_014,Bench_vice_001,Aged_black_steel,12
3812,Bench_vice_001/Jaw_serration_015,Bench_vice_001,Aged_black_steel,12
3813,Bench_vice_001/Jaw_serration_016,Bench_vice_001,Aged_black_steel,12
3814,Bench_vice_001/Jaw_serration_017,Bench_vice_001,Aged_black_steel,12
3815,Bench_vice_001/Jaw_serration_018,Bench_vice_001,Aged_black_steel,12
3816,Bench_vice_001/Jaw_serration_019,Bench_vice_001,Aged_black_steel,12
3817,Bench_vice_001/Jaw_serration_020,Bench_vice_001,Aged_black_steel,12
3818,Bench_vice_001/Jaw_serration_021,Bench_vice_001,Aged_black_steel,12
3819,Bench_vice_001/Jaw_serration_022,Bench_vice_001,Aged_black_steel,12
3820,Bench_vice_001/Jaw_serration_023,Bench_vice_001,Aged_black_steel,12
3821,Bench_vice_001/Jaw_serration_024,Bench_vice_001,Aged_black_steel,12
3822,Bench_vice_001/Jaw_serration_025,Bench_vice_001,Aged_black_steel,12
3823,Bench_vice_001/Jaw_serration_026,Bench_vice_001,Aged_black_steel,12
3824,Bench_vice_001/Jaw_serration_027,Bench_vice_001,Aged_black_steel,12
3825,Bench_vice_001/Jaw_serration_028,Bench_vice_001,Aged_black_steel,12
3826,Bench_vice_001/Jaw_serration_029,Bench_vice_001,Aged_black_steel,12
3827,Bench_vice_001/Jaw_serration_030,Bench_vice_001,Aged_black_steel,12
3828,Bench_vice_001/Jaw_serration_031,Bench_vice_001,Aged_black_steel,12
3829,Bench_vice_001/Jaw_serration_032,Bench_vice_001,Aged_black_steel,12
3830,Bench_vice_001/Jaw_serration_033,Bench_vice_001,Aged_black_steel,12
3831,Bench_vice_001/Jaw_serration_034,Bench_vice_001,Aged_black_steel,12
3832,Bench_vice_001/Jaw_serration_035,Bench_vice_001,Aged_black_steel,12
3833,Bench_vice_001/Jaw_serration_036,Bench_vice_001,Aged_black_steel,12
3834,Bench_vice_001/Jaw_serration_037,Bench_vice_001,Aged_black_steel,12
3835,Bench_vice_001/Jaw_serration_038,Bench_vice_001,Aged_black_steel,12
3836,Bench_vice_001/Vice_lead_screw_039,Bench_vice_001,Brushed_alloy,64
3837,Bench_vice_001/Lead_screw_collar_040,Bench_vice_001,Brushed_alloy,64
3838,Bench_vice_001/Tommy_bar_041,Bench_vice_001,Brushed_alloy,48
3839,Bench_vice_001/Bar_end_042,Bench_vice_001,Brushed_alloy,48
3840,Bench_vice_001/Bar_end_043,Bench_vice_001,Brushed_alloy,48
3841,Cordless_drill_001/Cordless_drill_body_000,Cordless_drill_001,Worn_crimson_paint,44
3842,Cordless_drill_001/Drill_chuck_001,Cordless_drill_001,Aged_black_steel,80
3843,Cordless_drill_001/Drill_bit_002,Cordless_drill_001,Brushed_alloy,40
3844,Cordless_drill_001/Pistol_handle_003,Cordless_drill_001,Tyre_rubber,44
3845,Cordless_drill_001/Battery_pack_004,Cordless_drill_001,Deep_charcoal,44
3846,Cordless_drill_001/Trigger_005,Cordless_drill_001,Tyre_rubber,44
3847,Cordless_drill_001/Motor_cooling_slot_006,Cordless_drill_001,Deep_charcoal,44
3848,Cordless_drill_001/Motor_cooling_slot_007,Cordless_drill_001,Deep_charcoal,44
3849,Cordless_drill_001/Motor_cooling_slot_008,Cordless_drill_001,Deep_charcoal,44
3850,Cordless_drill_001/Motor_cooling_slot_009,Cordless_drill_001,Deep_charcoal,44
3851,Cordless_drill_001/Motor_cooling_slot_010,Cordless_drill_001,Deep_charcoal,44
3852,Cordless_drill_001/Motor_cooling_slot_011,Cordless_drill_001,Deep_charcoal,44
3853,Bench_socket_001/Socket_body_000,Bench_socket_001,Brushed_alloy,64
3854,Bench_socket_001/Socket_lip_001,Bench_socket_001,Brushed_alloy,192
3855,Bench_socket_001/Socket_opening_002,Bench_socket_001,Deep_charcoal,24
3856,Bench_socket_001/Socket_knurl_003,Bench_socket_001,Aged_black_steel,128
3857,Bench_socket_002/Socket_body_000,Bench_socket_002,Brushed_alloy,64
3858,Bench_socket_002/Socket_lip_001,Bench_socket_002,Brushed_alloy,192
3859,Bench_socket_002/Socket_opening_002,Bench_socket_002,Deep_charcoal,24
3860,Bench_socket_002/Socket_knurl_003,Bench_socket_002,Aged_black_steel,128
3861,Bench_socket_003/Socket_body_000,Bench_socket_003,Brushed_alloy,64
3862,Bench_socket_003/Socket_lip_001,Bench_socket_003,Brushed_alloy,192
3863,Bench_socket_003/Socket_opening_002,Bench_socket_003,Deep_charcoal,24
3864,Bench_socket_003/Socket_knurl_003,Bench_socket_003,Aged_black_steel,128
3865,Bench_socket_004/Socket_body_000,Bench_socket_004,Brushed_alloy,64
3866,Bench_socket_004/Socket_lip_001,Bench_socket_004,Brushed_alloy,192
3867,Bench_socket_004/Socket_opening_002,Bench_socket_004,Deep_charcoal,24
3868,Bench_socket_004/Socket_knurl_003,Bench_socket_004,Aged_black_steel,128
3869,Bench_socket_005/Socket_body_000,Bench_socket_005,Brushed_alloy,64
3870,Bench_socket_005/Socket_lip_001,Bench_socket_005,Brushed_alloy,192
3871,Bench_socket_005/Socket_opening_002,Bench_socket_005,Deep_charcoal,24
3872,Bench_socket_005/Socket_knurl_003,Bench_socket_005,Aged_black_steel,128
3873,Bench_socket_006/Socket_body_000,Bench_socket_006,Brushed_alloy,64
3874,Bench_socket_006/Socket_lip_001,Bench_socket_006,Brushed_alloy,192
3875,Bench_socket_006/Socket_opening_002,Bench_socket_006,Deep_charcoal,24
3876,Bench_socket_006/Socket_knurl_003,Bench_socket_006,Aged_black_steel,128
3877,Bench_socket_007/Socket_body_000,Bench_socket_007,Brushed_alloy,64
3878,Bench_socket_007/Socket_lip_001,Bench_socket_007,Brushed_alloy,192
3879,Bench_socket_007/Socket_opening_002,Bench_socket_007,Deep_charcoal,24
3880,Bench_socket_007/Socket_knurl_003,Bench_socket_007,Aged_black_steel,128
3881,Bench_socket_008/Socket_body_000,Bench_socket_008,Brushed_alloy,64
3882,Bench_socket_008/Socket_lip_001,Bench_socket_008,Brushed_alloy,192
3883,Bench_socket_008/Socket_opening_002,Bench_socket_008,Deep_charcoal,24
3884,Bench_socket_008/Socket_knurl_003,Bench_socket_008,Aged_black_steel,128
3885,Loose_bench_tool_001/Forged_shaft_000,Loose_bench_tool_001,Brushed_alloy,44
3886,Loose_bench_tool_001/Open_jaw_bridge_001,Loose_bench_tool_001,Brushed_alloy,44
3887,Loose_bench_tool_001/Open_jaw_finger_002,Loose_bench_tool_001,Brushed_alloy,44
3888,Loose_bench_tool_001/Open_jaw_finger_003,Loose_bench_tool_001,Brushed_alloy,44
3889,Loose_bench_tool_001/Box_end_004,Loose_bench_tool_001,Brushed_alloy,288
3890,Loose_bench_tool_002/Forged_shaft_000,Loose_bench_tool_002,Brushed_alloy,44
3891,Loose_bench_tool_002/Open_jaw_bridge_001,Loose_bench_tool_002,Brushed_alloy,44
3892,Loose_bench_tool_002/Open_jaw_finger_002,Loose_bench_tool_002,Brushed_alloy,44
3893,Loose_bench_tool_002/Open_jaw_finger_003,Loose_bench_tool_002,Brushed_alloy,44
3894,Loose_bench_tool_002/Box_end_004,Loose_bench_tool_002,Brushed_alloy,288
3895,Storage_shelving_001/Shelf_angle_upright_000,Storage_shelving_001,Aged_black_steel,44
3896,Storage_shelving_001/Upright_adjustment_hole_001,Storage_shelving_001,Deep_charcoal,32
3897,Storage_shelving_001/Upright_adjustment_hole_002,Storage_shelving_001,Deep_charcoal,32
3898,Storage_shelving_001/Upright_adjustment_hole_003,Storage_shelving_001,Deep_charcoal,32
3899,Storage_shelving_001/Upright_adjustment_hole_004,Storage_shelving_001,Deep_charcoal,32
3900,Storage_shelving_001/Upright_adjustment_hole_005,Storage_shelving_001,Deep_charcoal,32
3901,Storage_shelving_001/Upright_adjustment_hole_006,Storage_shelving_001,Deep_charcoal,32
3902,Storage_shelving_001/Upright_adjustment_hole_007,Storage_shelving_001,Deep_charcoal,32
3903,Storage_shelving_001/Upright_adjustment_hole_008,Storage_shelving_001,Deep_charcoal,32
3904,Storage_shelving_001/Upright_adjustment_hole_009,Storage_shelving_001,Deep_charcoal,32
3905,Storage_shelving_001/Upright_adjustment_hole_010,Storage_shelving_001,Deep_charcoal,32
3906,Storage_shelving_001/Upright_adjustment_hole_011,Storage_shelving_001,Deep_charcoal,32
3907,Storage_shelving_001/Upright_adjustment_hole_012,Storage_shelving_001,Deep_charcoal,32
3908,Storage_shelving_001/Upright_adjustment_hole_013,Storage_shelving_001,Deep_charcoal,32
3909,Storage_shelving_001/Upright_adjustment_hole_014,Storage_shelving_001,Deep_charcoal,32
3910,Storage_shelving_001/Upright_adjustment_hole_015,Storage_shelving_001,Deep_charcoal,32
3911,Storage_shelving_001/Upright_adjustment_hole_016,Storage_shelving_001,Deep_charcoal,32
3912,Storage_shelving_001/Upright_adjustment_hole_017,Storage_shelving_001,Deep_charcoal,32
3913,Storage_shelving_001/Upright_adjustment_hole_018,Storage_shelving_001,Deep_charcoal,32
3914,Storage_shelving_001/Upright_adjustment_hole_019,Storage_shelving_001,Deep_charcoal,32
3915,Storage_shelving_001/Upright_adjustment_hole_020,Storage_shelving_001,Deep_charcoal,32
3916,Storage_shelving_001/Upright_adjustment_hole_021,Storage_shelving_001,Deep_charcoal,32
3917,Storage_shelving_001/Shelf_foot_022,Storage_shelving_001,Aged_black_steel,44
3918,Storage_shelving_001/Hex_fastener_023,Storage_shelving_001,Brushed_alloy,24
3919,Storage_shelving_001/Shelf_angle_upright_024,Storage_shelving_001,Aged_black_steel,44
3920,Storage_shelving_001/Upright_adjustment_hole_025,Storage_shelving_001,Deep_charcoal,32
3921,Storage_shelving_001/Upright_adjustment_hole_026,Storage_shelving_001,Deep_charcoal,32
3922,Storage_shelving_001/Upright_adjustment_hole_027,Storage_shelving_001,Deep_charcoal,32
3923,Storage_shelving_001/Upright_adjustment_hole_028,Storage_shelving_001,Deep_charcoal,32
3924,Storage_shelving_001/Upright_adjustment_hole_029,Storage_shelving_001,Deep_charcoal,32
3925,Storage_shelving_001/Upright_adjustment_hole_030,Storage_shelving_001,Deep_charcoal,32
3926,Storage_shelving_001/Upright_adjustment_hole_031,Storage_shelving_001,Deep_charcoal,32
3927,Storage_shelving_001/Upright_adjustment_hole_032,Storage_shelving_001,Deep_charcoal,32
3928,Storage_shelving_001/Upright_adjustment_hole_033,Storage_shelving_001,Deep_charcoal,32
3929,Storage_shelving_001/Upright_adjustment_hole_034,Storage_shelving_001,Deep_charcoal,32
3930,Storage_shelving_001/Upright_adjustment_hole_035,Storage_shelving_001,Deep_charcoal,32
3931,Storage_shelving_001/Upright_adjustment_hole_036,Storage_shelving_001,Deep_charcoal,32
3932,Storage_shelving_001/Upright_adjustment_hole_037,Storage_shelving_001,Deep_charcoal,32
3933,Storage_shelving_001/Upright_adjustment_hole_038,Storage_shelving_001,Deep_charcoal,32
3934,Storage_shelving_001/Upright_adjustment_hole_039,Storage_shelving_001,Deep_charcoal,32
3935,Storage_shelving_001/Upright_adjustment_hole_040,Storage_shelving_001,Deep_charcoal,32
3936,Storage_shelving_001/Upright_adjustment_hole_041,Storage_shelving_001,Deep_charcoal,32
3937,Storage_shelving_001/Upright_adjustment_hole_042,Storage_shelving_001,Deep_charcoal,32
3938,Storage_shelving_001/Upright_adjustment_hole_043,Storage_shelving_001,Deep_charcoal,32
3939,Storage_shelving_001/Upright_adjustment_hole_044,Storage_shelving_001,Deep_charcoal,32
3940,Storage_shelving_001/Upright_adjustment_hole_045,Storage_shelving_001,Deep_charcoal,32
3941,Storage_shelving_001/Shelf_foot_046,Storage_shelving_001,Aged_black_steel,44
3942,Storage_shelving_001/Hex_fastener_047,Storage_shelving_001,Brushed_alloy,24
3943,Storage_shelving_001/Shelf_angle_upright_048,Storage_shelving_001,Aged_black_steel,44
3944,Storage_shelving_001/Upright_adjustment_hole_049,Storage_shelving_001,Deep_charcoal,32
3945,Storage_shelving_001/Upright_adjustment_hole_050,Storage_shelving_001,Deep_charcoal,32
3946,Storage_shelving_001/Upright_adjustment_hole_051,Storage_shelving_001,Deep_charcoal,32
3947,Storage_shelving_001/Upright_adjustment_hole_052,Storage_shelving_001,Deep_charcoal,32
3948,Storage_shelving_001/Upright_adjustment_hole_053,Storage_shelving_001,Deep_charcoal,32
3949,Storage_shelving_001/Upright_adjustment_hole_054,Storage_shelving_001,Deep_charcoal,32
3950,Storage_shelving_001/Upright_adjustment_hole_055,Storage_shelving_001,Deep_charcoal,32
3951,Storage_shelving_001/Upright_adjustment_hole_056,Storage_shelving_001,Deep_charcoal,32
3952,Storage_shelving_001/Upright_adjustment_hole_057,Storage_shelving_001,Deep_charcoal,32
3953,Storage_shelving_001/Upright_adjustment_hole_058,Storage_shelving_001,Deep_charcoal,32
3954,Storage_shelving_001/Upright_adjustment_hole_059,Storage_shelving_001,Deep_charcoal,32
3955,Storage_shelving_001/Upright_adjustment_hole_060,Storage_shelving_001,Deep_charcoal,32
3956,Storage_shelving_001/Upright_adjustment_hole_061,Storage_shelving_001,Deep_charcoal,32
3957,Storage_shelving_001/Upright_adjustment_hole_062,Storage_shelving_001,Deep_charcoal,32
3958,Storage_shelving_001/Upright_adjustment_hole_063,Storage_shelving_001,Deep_charcoal,32
3959,Storage_shelving_001/Upright_adjustment_hole_064,Storage_shelving_001,Deep_charcoal,32
3960,Storage_shelving_001/Upright_adjustment_hole_065,Storage_shelving_001,Deep_charcoal,32
3961,Storage_shelving_001/Upright_adjustment_hole_066,Storage_shelving_001,Deep_charcoal,32
3962,Storage_shelving_001/Upright_adjustment_hole_067,Storage_shelving_001,Deep_charcoal,32
3963,Storage_shelving_001/Upright_adjustment_hole_068,Storage_shelving_001,Deep_charcoal,32
3964,Storage_shelving_001/Upright_adjustment_hole_069,Storage_shelving_001,Deep_charcoal,32
3965,Storage_shelving_001/Shelf_foot_070,Storage_shelving_001,Aged_black_steel,44
3966,Storage_shelving_001/Hex_fastener_071,Storage_shelving_001,Brushed_alloy,24
3967,Storage_shelving_001/Shelf_angle_upright_072,Storage_shelving_001,Aged_black_steel,44
3968,Storage_shelving_001/Upright_adjustment_hole_073,Storage_shelving_001,Deep_charcoal,32
3969,Storage_shelving_001/Upright_adjustment_hole_074,Storage_shelving_001,Deep_charcoal,32
3970,Storage_shelving_001/Upright_adjustment_hole_075,Storage_shelving_001,Deep_charcoal,32
3971,Storage_shelving_001/Upright_adjustment_hole_076,Storage_shelving_001,Deep_charcoal,32
3972,Storage_shelving_001/Upright_adjustment_hole_077,Storage_shelving_001,Deep_charcoal,32
3973,Storage_shelving_001/Upright_adjustment_hole_078,Storage_shelving_001,Deep_charcoal,32
3974,Storage_shelving_001/Upright_adjustment_hole_079,Storage_shelving_001,Deep_charcoal,32
3975,Storage_shelving_001/Upright_adjustment_hole_080,Storage_shelving_001,Deep_charcoal,32
3976,Storage_shelving_001/Upright_adjustment_hole_081,Storage_shelving_001,Deep_charcoal,32
3977,Storage_shelving_001/Upright_adjustment_hole_082,Storage_shelving_001,Deep_charcoal,32
3978,Storage_shelving_001/Upright_adjustment_hole_083,Storage_shelving_001,Deep_charcoal,32
3979,Storage_shelving_001/Upright_adjustment_hole_084,Storage_shelving_001,Deep_charcoal,32
3980,Storage_shelving_001/Upright_adjustment_hole_085,Storage_shelving_001,Deep_charcoal,32
3981,Storage_shelving_001/Upright_adjustment_hole_086,Storage_shelving_001,Deep_charcoal,32
3982,Storage_shelving_001/Upright_adjustment_hole_087,Storage_shelving_001,Deep_charcoal,32
3983,Storage_shelving_001/Upright_adjustment_hole_088,Storage_shelving_001,Deep_charcoal,32
3984,Storage_shelving_001/Upright_adjustment_hole_089,Storage_shelving_001,Deep_charcoal,32
3985,Storage_shelving_001/Upright_adjustment_hole_090,Storage_shelving_001,Deep_charcoal,32
3986,Storage_shelving_001/Upright_adjustment_hole_091,Storage_shelving_001,Deep_charcoal,32
3987,Storage_shelving_001/Upright_adjustment_hole_092,Storage_shelving_001,Deep_charcoal,32
3988,Storage_shelving_001/Upright_adjustment_hole_093,Storage_shelving_001,Deep_charcoal,32
3989,Storage_shelving_001/Shelf_foot_094,Storage_shelving_001,Aged_black_steel,44
3990,Storage_shelving_001/Hex_fastener_095,Storage_shelving_001,Brushed_alloy,24
3991,Storage_shelving_001/Shelf_steel_tray_096,Storage_shelving_001,Aged_black_steel,44
3992,Storage_shelving_001/Shelf_front_lip_097,Storage_shelving_001,Aged_black_steel,44
3993,Storage_shelving_001/Hex_fastener_098,Storage_shelving_001,Brushed_alloy,24
3994,Storage_shelving_001/Hex_fastener_099,Storage_shelving_001,Brushed_alloy,24
3995,Storage_shelving_001/Shelf_steel_tray_100,Storage_shelving_001,Aged_black_steel,44
3996,Storage_shelving_001/Shelf_front_lip_101,Storage_shelving_001,Aged_black_steel,44
3997,Storage_shelving_001/Hex_fastener_102,Storage_shelving_001,Brushed_alloy,24
3998,Storage_shelving_001/Hex_fastener_103,Storage_shelving_001,Brushed_alloy,24
3999,Storage_shelving_001/Shelf_steel_tray_104,Storage_shelving_001,Aged_black_steel,44
4000,Storage_shelving_001/Shelf_front_lip_105,Storage_shelving_001,Aged_black_steel,44
4001,Storage_shelving_001/Hex_fastener_106,Storage_shelving_001,Brushed_alloy,24
4002,Storage_shelving_001/Hex_fastener_107,Storage_shelving_001,Brushed_alloy,24
4003,Storage_shelving_001/Shelf_steel_tray_108,Storage_shelving_001,Aged_black_steel,44
4004,Storage_shelving_001/Shelf_front_lip_109,Storage_shelving_001,Aged_black_steel,44
4005,Storage_shelving_001/Hex_fastener_110,Storage_shelving_001,Brushed_alloy,24
4006,Storage_shelving_001/Hex_fastener_111,Storage_shelving_001,Brushed_alloy,24
4007,Storage_shelving_001/Shelf_steel_tray_112,Storage_shelving_001,Aged_black_steel,44
4008,Storage_shelving_001/Shelf_front_lip_113,Storage_shelving_001,Aged_black_steel,44
4009,Storage_shelving_001/Hex_fastener_114,Storage_shelving_001,Brushed_alloy,24
4010,Storage_shelving_001/Hex_fastener_115,Storage_shelving_001,Brushed_alloy,24
4011,Storage_shelving_001/Shelf_cross_brace_116,Storage_shelving_001,Aged_black_steel,44
4012,Storage_shelving_001/Shelf_cross_brace_117,Storage_shelving_001,Aged_black_steel,44
4013,Shelf_stock_001/Cardboard_box_000,Shelf_stock_001,Storage_cartons,44
4014,Shelf_stock_001/Packing_tape_001,Shelf_stock_001,Printed_labels,44
4015,Shelf_stock_001/Shipping_label_002,Shelf_stock_001,Printed_labels,44
4016,Shelf_stock_001/Label_barcode_003,Shelf_stock_001,Deep_charcoal,12
4017,Shelf_stock_001/Label_barcode_004,Shelf_stock_001,Deep_charcoal,12
4018,Shelf_stock_001/Label_barcode_005,Shelf_stock_001,Deep_charcoal,12
4019,Shelf_stock_001/Label_barcode_006,Shelf_stock_001,Deep_charcoal,12
4020,Shelf_stock_001/Label_barcode_007,Shelf_stock_001,Deep_charcoal,12
4021,Shelf_stock_001/Label_barcode_008,Shelf_stock_001,Deep_charcoal,12
4022,Shelf_stock_001/Label_barcode_009,Shelf_stock_001,Deep_charcoal,12
4023,Shelf_stock_001/Label_barcode_010,Shelf_stock_001,Deep_charcoal,12
4024,Shelf_stock_001/Label_barcode_011,Shelf_stock_001,Deep_charcoal,12
4025,Shelf_stock_001/Label_barcode_012,Shelf_stock_001,Deep_charcoal,12
4026,Shelf_stock_001/Label_barcode_013,Shelf_stock_001,Deep_charcoal,12
4027,Shelf_stock_001/Cardboard_edge_014,Shelf_stock_001,Workbench_wood,44
4028,Shelf_stock_001/Cardboard_edge_015,Shelf_stock_001,Workbench_wood,44
4029,Shelf_stock_002/Cardboard_box_000,Shelf_stock_002,Storage_cartons,44
4030,Shelf_stock_002/Packing_tape_001,Shelf_stock_002,Printed_labels,44
4031,Shelf_stock_002/Shipping_label_002,Shelf_stock_002,Printed_labels,44
4032,Shelf_stock_002/Label_barcode_003,Shelf_stock_002,Deep_charcoal,12
4033,Shelf_stock_002/Label_barcode_004,Shelf_stock_002,Deep_charcoal,12
4034,Shelf_stock_002/Label_barcode_005,Shelf_stock_002,Deep_charcoal,12
4035,Shelf_stock_002/Label_barcode_006,Shelf_stock_002,Deep_charcoal,12
4036,Shelf_stock_002/Label_barcode_007,Shelf_stock_002,Deep_charcoal,12
4037,Shelf_stock_002/Label_barcode_008,Shelf_stock_002,Deep_charcoal,12
4038,Shelf_stock_002/Label_barcode_009,Shelf_stock_002,Deep_charcoal,12
4039,Shelf_stock_002/Label_barcode_010,Shelf_stock_002,Deep_charcoal,12
4040,Shelf_stock_002/Label_barcode_011,Shelf_stock_002,Deep_charcoal,12
4041,Shelf_stock_002/Label_barcode_012,Shelf_stock_002,Deep_charcoal,12
4042,Shelf_stock_002/Label_barcode_013,Shelf_stock_002,Deep_charcoal,12
4043,Shelf_stock_002/Cardboard_edge_014,Shelf_stock_002,Workbench_wood,44
4044,Shelf_stock_002/Cardboard_edge_015,Shelf_stock_002,Workbench_wood,44
4045,Shelf_stock_003/Cardboard_box_000,Shelf_stock_003,Storage_cartons,44
4046,Shelf_stock_003/Packing_tape_001,Shelf_stock_003,Printed_labels,44
4047,Shelf_stock_003/Shipping_label_002,Shelf_stock_003,Printed_labels,44
4048,Shelf_stock_003/Label_barcode_003,Shelf_stock_003,Deep_charcoal,12
4049,Shelf_stock_003/Label_barcode_004,Shelf_stock_003,Deep_charcoal,12
4050,Shelf_stock_003/Label_barcode_005,Shelf_stock_003,Deep_charcoal,12
4051,Shelf_stock_003/Label_barcode_006,Shelf_stock_003,Deep_charcoal,12
4052,Shelf_stock_003/Label_barcode_007,Shelf_stock_003,Deep_charcoal,12
4053,Shelf_stock_003/Label_barcode_008,Shelf_stock_003,Deep_charcoal,12
4054,Shelf_stock_003/Label_barcode_009,Shelf_stock_003,Deep_charcoal,12
4055,Shelf_stock_003/Label_barcode_010,Shelf_stock_003,Deep_charcoal,12
4056,Shelf_stock_003/Label_barcode_011,Shelf_stock_003,Deep_charcoal,12
4057,Shelf_stock_003/Label_barcode_012,Shelf_stock_003,Deep_charcoal,12
4058,Shelf_stock_003/Label_barcode_013,Shelf_stock_003,Deep_charcoal,12
4059,Shelf_stock_003/Cardboard_edge_014,Shelf_stock_003,Workbench_wood,44
4060,Shelf_stock_003/Cardboard_edge_015,Shelf_stock_003,Workbench_wood,44
4061,Shelf_stock_004/Cardboard_box_000,Shelf_stock_004,Storage_cartons,44
4062,Shelf_stock_004/Packing_tape_001,Shelf_stock_004,Printed_labels,44
4063,Shelf_stock_004/Shipping_label_002,Shelf_stock_004,Printed_labels,44
4064,Shelf_stock_004/Label_barcode_003,Shelf_stock_004,Deep_charcoal,12
4065,Shelf_stock_004/Label_barcode_004,Shelf_stock_004,Deep_charcoal,12
4066,Shelf_stock_004/Label_barcode_005,Shelf_stock_004,Deep_charcoal,12
4067,Shelf_stock_004/Label_barcode_006,Shelf_stock_004,Deep_charcoal,12
4068,Shelf_stock_004/Label_barcode_007,Shelf_stock_004,Deep_charcoal,12
4069,Shelf_stock_004/Label_barcode_008,Shelf_stock_004,Deep_charcoal,12
4070,Shelf_stock_004/Label_barcode_009,Shelf_stock_004,Deep_charcoal,12
4071,Shelf_stock_004/Label_barcode_010,Shelf_stock_004,Deep_charcoal,12
4072,Shelf_stock_004/Label_barcode_011,Shelf_stock_004,Deep_charcoal,12
4073,Shelf_stock_004/Label_barcode_012,Shelf_stock_004,Deep_charcoal,12
4074,Shelf_stock_004/Label_barcode_013,Shelf_stock_004,Deep_charcoal,12
4075,Shelf_stock_004/Cardboard_edge_014,Shelf_stock_004,Workbench_wood,44
4076,Shelf_stock_004/Cardboard_edge_015,Shelf_stock_004,Workbench_wood,44
4077,Shelf_stock_005/Cardboard_box_000,Shelf_stock_005,Storage_cartons,44
4078,Shelf_stock_005/Packing_tape_001,Shelf_stock_005,Printed_labels,44
4079,Shelf_stock_005/Shipping_label_002,Shelf_stock_005,Printed_labels,44
4080,Shelf_stock_005/Label_barcode_003,Shelf_stock_005,Deep_charcoal,12
4081,Shelf_stock_005/Label_barcode_004,Shelf_stock_005,Deep_charcoal,12
4082,Shelf_stock_005/Label_barcode_005,Shelf_stock_005,Deep_charcoal,12
4083,Shelf_stock_005/Label_barcode_006,Shelf_stock_005,Deep_charcoal,12
4084,Shelf_stock_005/Label_barcode_007,Shelf_stock_005,Deep_charcoal,12
4085,Shelf_stock_005/Label_barcode_008,Shelf_stock_005,Deep_charcoal,12
4086,Shelf_stock_005/Label_barcode_009,Shelf_stock_005,Deep_charcoal,12
4087,Shelf_stock_005/Label_barcode_010,Shelf_stock_005,Deep_charcoal,12
4088,Shelf_stock_005/Label_barcode_011,Shelf_stock_005,Deep_charcoal,12
4089,Shelf_stock_005/Label_barcode_012,Shelf_stock_005,Deep_charcoal,12
4090,Shelf_stock_005/Label_barcode_013,Shelf_stock_005,Deep_charcoal,12
4091,Shelf_stock_005/Cardboard_edge_014,Shelf_stock_005,Workbench_wood,44
4092,Shelf_stock_005/Cardboard_edge_015,Shelf_stock_005,Workbench_wood,44
4093,Shelf_stock_006/Bin_bottom_000,Shelf_stock_006,Workshop_blue_paint,44
4094,Shelf_stock_006/Bin_side_001,Shelf_stock_006,Workshop_blue_paint,44
4095,Shelf_stock_006/Bin_side_002,Shelf_stock_006,Workshop_blue_paint,44
4096,Shelf_stock_006/Bin_back_003,Shelf_stock_006,Workshop_blue_paint,44
4097,Shelf_stock_006/Bin_front_lip_004,Shelf_stock_006,Workshop_blue_paint,44
4098,Shelf_stock_006/Bin_label_005,Shelf_stock_006,Printed_labels,44
4099,Shelf_stock_006/Hex_fastener_006,Shelf_stock_006,Brushed_alloy,24
4100,Shelf_stock_006/Hex_fastener_007,Shelf_stock_006,Brushed_alloy,24
4101,Shelf_stock_006/Hex_fastener_008,Shelf_stock_006,Brushed_alloy,24
4102,Shelf_stock_006/Hex_fastener_009,Shelf_stock_006,Brushed_alloy,24
4103,Shelf_stock_006/Hex_fastener_010,Shelf_stock_006,Brushed_alloy,24
4104,Shelf_stock_006/Hex_fastener_011,Shelf_stock_006,Brushed_alloy,24
4105,Shelf_stock_006/Hex_fastener_012,Shelf_stock_006,Brushed_alloy,24
4106,Shelf_stock_007/Bin_bottom_000,Shelf_stock_007,Workshop_blue_paint,44
4107,Shelf_stock_007/Bin_side_001,Shelf_stock_007,Workshop_blue_paint,44
4108,Shelf_stock_007/Bin_side_002,Shelf_stock_007,Workshop_blue_paint,44
4109,Shelf_stock_007/Bin_back_003,Shelf_stock_007,Workshop_blue_paint,44
4110,Shelf_stock_007/Bin_front_lip_004,Shelf_stock_007,Workshop_blue_paint,44
4111,Shelf_stock_007/Bin_label_005,Shelf_stock_007,Printed_labels,44
4112,Shelf_stock_007/Hex_fastener_006,Shelf_stock_007,Brushed_alloy,24
4113,Shelf_stock_007/Hex_fastener_007,Shelf_stock_007,Brushed_alloy,24
4114,Shelf_stock_007/Hex_fastener_008,Shelf_stock_007,Brushed_alloy,24
4115,Shelf_stock_007/Hex_fastener_009,Shelf_stock_007,Brushed_alloy,24
4116,Shelf_stock_007/Hex_fastener_010,Shelf_stock_007,Brushed_alloy,24
4117,Shelf_stock_007/Hex_fastener_011,Shelf_stock_007,Brushed_alloy,24
4118,Shelf_stock_007/Hex_fastener_012,Shelf_stock_007,Brushed_alloy,24
4119,Shelf_stock_008/Bin_bottom_000,Shelf_stock_008,Workshop_blue_paint,44
4120,Shelf_stock_008/Bin_side_001,Shelf_stock_008,Workshop_blue_paint,44
4121,Shelf_stock_008/Bin_side_002,Shelf_stock_008,Workshop_blue_paint,44
4122,Shelf_stock_008/Bin_back_003,Shelf_stock_008,Workshop_blue_paint,44
4123,Shelf_stock_008/Bin_front_lip_004,Shelf_stock_008,Workshop_blue_paint,44
4124,Shelf_stock_008/Bin_label_005,Shelf_stock_008,Printed_labels,44
4125,Shelf_stock_008/Hex_fastener_006,Shelf_stock_008,Brushed_alloy,24
4126,Shelf_stock_008/Hex_fastener_007,Shelf_stock_008,Brushed_alloy,24
4127,Shelf_stock_008/Hex_fastener_008,Shelf_stock_008,Brushed_alloy,24
4128,Shelf_stock_008/Hex_fastener_009,Shelf_stock_008,Brushed_alloy,24
4129,Shelf_stock_008/Hex_fastener_010,Shelf_stock_008,Brushed_alloy,24
4130,Shelf_stock_008/Hex_fastener_011,Shelf_stock_008,Brushed_alloy,24
4131,Shelf_stock_008/Hex_fastener_012,Shelf_stock_008,Brushed_alloy,24
4132,Shelf_stock_009/Bin_bottom_000,Shelf_stock_009,Workshop_blue_paint,44
4133,Shelf_stock_009/Bin_side_001,Shelf_stock_009,Workshop_blue_paint,44
4134,Shelf_stock_009/Bin_side_002,Shelf_stock_009,Workshop_blue_paint,44
4135,Shelf_stock_009/Bin_back_003,Shelf_stock_009,Workshop_blue_paint,44
4136,Shelf_stock_009/Bin_front_lip_004,Shelf_stock_009,Workshop_blue_paint,44
4137,Shelf_stock_009/Bin_label_005,Shelf_stock_009,Printed_labels,44
4138,Shelf_stock_009/Hex_fastener_006,Shelf_stock_009,Brushed_alloy,24
4139,Shelf_stock_009/Hex_fastener_007,Shelf_stock_009,Brushed_alloy,24
4140,Shelf_stock_009/Hex_fastener_008,Shelf_stock_009,Brushed_alloy,24
4141,Shelf_stock_009/Hex_fastener_009,Shelf_stock_009,Brushed_alloy,24
4142,Shelf_stock_009/Hex_fastener_010,Shelf_stock_009,Brushed_alloy,24
4143,Shelf_stock_009/Hex_fastener_011,Shelf_stock_009,Brushed_alloy,24
4144,Shelf_stock_009/Hex_fastener_012,Shelf_stock_009,Brushed_alloy,24
4145,Shelf_stock_010/Bin_bottom_000,Shelf_stock_010,Workshop_blue_paint,44
4146,Shelf_stock_010/Bin_side_001,Shelf_stock_010,Workshop_blue_paint,44
4147,Shelf_stock_010/Bin_side_002,Shelf_stock_010,Workshop_blue_paint,44
4148,Shelf_stock_010/Bin_back_003,Shelf_stock_010,Workshop_blue_paint,44
4149,Shelf_stock_010/Bin_front_lip_004,Shelf_stock_010,Workshop_blue_paint,44
4150,Shelf_stock_010/Bin_label_005,Shelf_stock_010,Printed_labels,44
4151,Shelf_stock_010/Hex_fastener_006,Shelf_stock_010,Brushed_alloy,24
4152,Shelf_stock_010/Hex_fastener_007,Shelf_stock_010,Brushed_alloy,24
4153,Shelf_stock_010/Hex_fastener_008,Shelf_stock_010,Brushed_alloy,24
4154,Shelf_stock_010/Hex_fastener_009,Shelf_stock_010,Brushed_alloy,24
4155,Shelf_stock_010/Hex_fastener_010,Shelf_stock_010,Brushed_alloy,24
4156,Shelf_stock_010/Hex_fastener_011,Shelf_stock_010,Brushed_alloy,24
4157,Shelf_stock_010/Hex_fastener_012,Shelf_stock_010,Brushed_alloy,24
4158,Shelf_stock_011/Shelf_consumable_001/Bottle_body_000_000,Shelf_stock_011,Worn_crimson_paint,80
4159,Shelf_stock_011/Shelf_consumable_001/Bottle_neck_001_001,Shelf_stock_011,Worn_crimson_paint,64
4160,Shelf_stock_011/Shelf_consumable_001/Bottle_cap_002_002,Shelf_stock_011,Tyre_rubber,64
4161,Shelf_stock_011/Shelf_consumable_001/Bottle_label_003_003,Shelf_stock_011,Printed_labels,44
4162,Shelf_stock_011/Shelf_consumable_001/Label_print_line_004_004,Shelf_stock_011,Deep_charcoal,12
4163,Shelf_stock_011/Shelf_consumable_001/Label_print_line_005_005,Shelf_stock_011,Deep_charcoal,12
4164,Shelf_stock_011/Shelf_consumable_001/Label_print_line_006_006,Shelf_stock_011,Deep_charcoal,12
4165,Shelf_stock_011/Shelf_consumable_001/Label_print_line_007_007,Shelf_stock_011,Deep_charcoal,12
4166,Shelf_stock_011/Shelf_consumable_002/Bottle_body_000_008,Shelf_stock_011,Worn_crimson_paint,80
4167,Shelf_stock_011/Shelf_consumable_002/Bottle_neck_001_009,Shelf_stock_011,Worn_crimson_paint,64
4168,Shelf_stock_011/Shelf_consumable_002/Bottle_cap_002_010,Shelf_stock_011,Tyre_rubber,64
4169,Shelf_stock_011/Shelf_consumable_002/Bottle_label_003_011,Shelf_stock_011,Printed_labels,44
4170,Shelf_stock_011/Shelf_consumable_002/Label_print_line_004_012,Shelf_stock_011,Deep_charcoal,12
4171,Shelf_stock_011/Shelf_consumable_002/Label_print_line_005_013,Shelf_stock_011,Deep_charcoal,12
4172,Shelf_stock_011/Shelf_consumable_002/Label_print_line_006_014,Shelf_stock_011,Deep_charcoal,12
4173,Shelf_stock_011/Shelf_consumable_002/Label_print_line_007_015,Shelf_stock_011,Deep_charcoal,12
4174,Shelf_stock_012/Shelf_consumable_003/Bottle_body_000_000,Shelf_stock_012,Workshop_blue_paint,80
4175,Shelf_stock_012/Shelf_consumable_003/Bottle_neck_001_001,Shelf_stock_012,Workshop_blue_paint,64
4176,Shelf_stock_012/Shelf_consumable_003/Bottle_cap_002_002,Shelf_stock_012,Tyre_rubber,64
4177,Shelf_stock_012/Shelf_consumable_003/Bottle_label_003_003,Shelf_stock_012,Printed_labels,44
4178,Shelf_stock_012/Shelf_consumable_003/Label_print_line_004_004,Shelf_stock_012,Deep_charcoal,12
4179,Shelf_stock_012/Shelf_consumable_003/Label_print_line_005_005,Shelf_stock_012,Deep_charcoal,12
4180,Shelf_stock_012/Shelf_consumable_003/Label_print_line_006_006,Shelf_stock_012,Deep_charcoal,12
4181,Shelf_stock_012/Shelf_consumable_003/Label_print_line_007_007,Shelf_stock_012,Deep_charcoal,12
4182,Shelf_stock_012/Shelf_consumable_004/Bottle_body_000_008,Shelf_stock_012,Workshop_blue_paint,80
4183,Shelf_stock_012/Shelf_consumable_004/Bottle_neck_001_009,Shelf_stock_012,Workshop_blue_paint,64
4184,Shelf_stock_012/Shelf_consumable_004/Bottle_cap_002_010,Shelf_stock_012,Tyre_rubber,64
4185,Shelf_stock_012/Shelf_consumable_004/Bottle_label_003_011,Shelf_stock_012,Printed_labels,44
4186,Shelf_stock_012/Shelf_consumable_004/Label_print_line_004_012,Shelf_stock_012,Deep_charcoal,12
4187,Shelf_stock_012/Shelf_consumable_004/Label_print_line_005_013,Shelf_stock_012,Deep_charcoal,12
4188,Shelf_stock_012/Shelf_consumable_004/Label_print_line_006_014,Shelf_stock_012,Deep_charcoal,12
4189,Shelf_stock_012/Shelf_consumable_004/Label_print_line_007_015,Shelf_stock_012,Deep_charcoal,12
4190,Shelf_stock_013/Shelf_consumable_005/Aerosol_can_000_000,Shelf_stock_013,Worn_crimson_paint,80
4191,Shelf_stock_013/Shelf_consumable_005/Can_bottom_rim_001_001,Shelf_stock_013,Brushed_alloy,240
4192,Shelf_stock_013/Shelf_consumable_005/Can_shoulder_002_002,Shelf_stock_013,Brushed_alloy,80
4193,Shelf_stock_013/Shelf_consumable_005/Spray_cap_003_003,Shelf_stock_013,Deep_charcoal,64
4194,Shelf_stock_013/Shelf_consumable_005/Spray_nozzle_004_004,Shelf_stock_013,Printed_labels,44
4195,Shelf_stock_013/Shelf_consumable_005/Can_label_005_005,Shelf_stock_013,Printed_labels,44
4196,Shelf_stock_013/Shelf_consumable_006/Aerosol_can_000_006,Shelf_stock_013,Worn_crimson_paint,80
4197,Shelf_stock_013/Shelf_consumable_006/Can_bottom_rim_001_007,Shelf_stock_013,Brushed_alloy,240
4198,Shelf_stock_013/Shelf_consumable_006/Can_shoulder_002_008,Shelf_stock_013,Brushed_alloy,80
4199,Shelf_stock_013/Shelf_consumable_006/Spray_cap_003_009,Shelf_stock_013,Deep_charcoal,64
4200,Shelf_stock_013/Shelf_consumable_006/Spray_nozzle_004_010,Shelf_stock_013,Printed_labels,44
4201,Shelf_stock_013/Shelf_consumable_006/Can_label_005_011,Shelf_stock_013,Printed_labels,44
4202,Shelf_stock_014/Shelf_consumable_007/Bottle_body_000_000,Shelf_stock_014,Coolant_bottle_green,80
4203,Shelf_stock_014/Shelf_consumable_007/Bottle_neck_001_001,Shelf_stock_014,Coolant_bottle_green,64
4204,Shelf_stock_014/Shelf_consumable_007/Bottle_cap_002_002,Shelf_stock_014,Tyre_rubber,64
4205,Shelf_stock_014/Shelf_consumable_007/Bottle_label_003_003,Shelf_stock_014,Printed_labels,44
4206,Shelf_stock_014/Shelf_consumable_007/Label_print_line_004_004,Shelf_stock_014,Deep_charcoal,12
4207,Shelf_stock_014/Shelf_consumable_007/Label_print_line_005_005,Shelf_stock_014,Deep_charcoal,12
4208,Shelf_stock_014/Shelf_consumable_007/Label_print_line_006_006,Shelf_stock_014,Deep_charcoal,12
4209,Shelf_stock_014/Shelf_consumable_007/Label_print_line_007_007,Shelf_stock_014,Deep_charcoal,12
4210,Shelf_stock_014/Shelf_consumable_008/Bottle_body_000_008,Shelf_stock_014,Coolant_bottle_green,80
4211,Shelf_stock_014/Shelf_consumable_008/Bottle_neck_001_009,Shelf_stock_014,Coolant_bottle_green,64
4212,Shelf_stock_014/Shelf_consumable_008/Bottle_cap_002_010,Shelf_stock_014,Tyre_rubber,64
4213,Shelf_stock_014/Shelf_consumable_008/Bottle_label_003_011,Shelf_stock_014,Printed_labels,44
4214,Shelf_stock_014/Shelf_consumable_008/Label_print_line_004_012,Shelf_stock_014,Deep_charcoal,12
4215,Shelf_stock_014/Shelf_consumable_008/Label_print_line_005_013,Shelf_stock_014,Deep_charcoal,12
4216,Shelf_stock_014/Shelf_consumable_008/Label_print_line_006_014,Shelf_stock_014,Deep_charcoal,12
4217,Shelf_stock_014/Shelf_consumable_008/Label_print_line_007_015,Shelf_stock_014,Deep_charcoal,12
4218,Shelf_stock_015/Shelf_consumable_009/Bottle_body_000_000,Shelf_stock_015,Worn_crimson_paint,80
4219,Shelf_stock_015/Shelf_consumable_009/Bottle_neck_001_001,Shelf_stock_015,Worn_crimson_paint,64
4220,Shelf_stock_015/Shelf_consumable_009/Bottle_cap_002_002,Shelf_stock_015,Tyre_rubber,64
4221,Shelf_stock_015/Shelf_consumable_009/Bottle_label_003_003,Shelf_stock_015,Printed_labels,44
4222,Shelf_stock_015/Shelf_consumable_009/Label_print_line_004_004,Shelf_stock_015,Deep_charcoal,12
4223,Shelf_stock_015/Shelf_consumable_009/Label_print_line_005_005,Shelf_stock_015,Deep_charcoal,12
4224,Shelf_stock_015/Shelf_consumable_009/Label_print_line_006_006,Shelf_stock_015,Deep_charcoal,12
4225,Shelf_stock_015/Shelf_consumable_009/Label_print_line_007_007,Shelf_stock_015,Deep_charcoal,12
4226,Shelf_stock_015/Shelf_consumable_010/Bottle_body_000_008,Shelf_stock_015,Worn_crimson_paint,80
4227,Shelf_stock_015/Shelf_consumable_010/Bottle_neck_001_009,Shelf_stock_015,Worn_crimson_paint,64
4228,Shelf_stock_015/Shelf_consumable_010/Bottle_cap_002_010,Shelf_stock_015,Tyre_rubber,64
4229,Shelf_stock_015/Shelf_consumable_010/Bottle_label_003_011,Shelf_stock_015,Printed_labels,44
4230,Shelf_stock_015/Shelf_consumable_010/Label_print_line_004_012,Shelf_stock_015,Deep_charcoal,12
4231,Shelf_stock_015/Shelf_consumable_010/Label_print_line_005_013,Shelf_stock_015,Deep_charcoal,12
4232,Shelf_stock_015/Shelf_consumable_010/Label_print_line_006_014,Shelf_stock_015,Deep_charcoal,12
4233,Shelf_stock_015/Shelf_consumable_010/Label_print_line_007_015,Shelf_stock_015,Deep_charcoal,12
4234,Shelf_stock_016/Shelf_consumable_011/Bottle_body_000_000,Shelf_stock_016,Worn_crimson_paint,80
4235,Shelf_stock_016/Shelf_consumable_011/Bottle_neck_001_001,Shelf_stock_016,Worn_crimson_paint,64
4236,Shelf_stock_016/Shelf_consumable_011/Bottle_cap_002_002,Shelf_stock_016,Tyre_rubber,64
4237,Shelf_stock_016/Shelf_consumable_011/Bottle_label_003_003,Shelf_stock_016,Printed_labels,44
4238,Shelf_stock_016/Shelf_consumable_011/Label_print_line_004_004,Shelf_stock_016,Deep_charcoal,12
4239,Shelf_stock_016/Shelf_consumable_011/Label_print_line_005_005,Shelf_stock_016,Deep_charcoal,12
4240,Shelf_stock_016/Shelf_consumable_011/Label_print_line_006_006,Shelf_stock_016,Deep_charcoal,12
4241,Shelf_stock_016/Shelf_consumable_011/Label_print_line_007_007,Shelf_stock_016,Deep_charcoal,12
4242,Shelf_stock_016/Shelf_consumable_012/Bottle_body_000_008,Shelf_stock_016,Worn_crimson_paint,80
4243,Shelf_stock_016/Shelf_consumable_012/Bottle_neck_001_009,Shelf_stock_016,Worn_crimson_paint,64
4244,Shelf_stock_016/Shelf_consumable_012/Bottle_cap_002_010,Shelf_stock_016,Tyre_rubber,64
4245,Shelf_stock_016/Shelf_consumable_012/Bottle_label_003_011,Shelf_stock_016,Printed_labels,44
4246,Shelf_stock_016/Shelf_consumable_012/Label_print_line_004_012,Shelf_stock_016,Deep_charcoal,12
4247,Shelf_stock_016/Shelf_consumable_012/Label_print_line_005_013,Shelf_stock_016,Deep_charcoal,12
4248,Shelf_stock_016/Shelf_consumable_012/Label_print_line_006_014,Shelf_stock_016,Deep_charcoal,12
4249,Shelf_stock_016/Shelf_consumable_012/Label_print_line_007_015,Shelf_stock_016,Deep_charcoal,12
4250,Shelf_stock_017/Shelf_consumable_013/Aerosol_can_000_000,Shelf_stock_017,Workshop_blue_paint,80
4251,Shelf_stock_017/Shelf_consumable_013/Can_bottom_rim_001_001,Shelf_stock_017,Brushed_alloy,240
4252,Shelf_stock_017/Shelf_consumable_013/Can_shoulder_002_002,Shelf_stock_017,Brushed_alloy,80
4253,Shelf_stock_017/Shelf_consumable_013/Spray_cap_003_003,Shelf_stock_017,Deep_charcoal,64
4254,Shelf_stock_017/Shelf_consumable_013/Spray_nozzle_004_004,Shelf_stock_017,Printed_labels,44
4255,Shelf_stock_017/Shelf_consumable_013/Can_label_005_005,Shelf_stock_017,Printed_labels,44
4256,Shelf_stock_017/Shelf_consumable_014/Aerosol_can_000_006,Shelf_stock_017,Workshop_blue_paint,80
4257,Shelf_stock_017/Shelf_consumable_014/Can_bottom_rim_001_007,Shelf_stock_017,Brushed_alloy,240
4258,Shelf_stock_017/Shelf_consumable_014/Can_shoulder_002_008,Shelf_stock_017,Brushed_alloy,80
4259,Shelf_stock_017/Shelf_consumable_014/Spray_cap_003_009,Shelf_stock_017,Deep_charcoal,64
4260,Shelf_stock_017/Shelf_consumable_014/Spray_nozzle_004_010,Shelf_stock_017,Printed_labels,44
4261,Shelf_stock_017/Shelf_consumable_014/Can_label_005_011,Shelf_stock_017,Printed_labels,44
4262,Shelf_stock_018/Shelf_consumable_015/Aerosol_can_000_000,Shelf_stock_018,Worn_crimson_paint,80
4263,Shelf_stock_018/Shelf_consumable_015/Can_bottom_rim_001_001,Shelf_stock_018,Brushed_alloy,240
4264,Shelf_stock_018/Shelf_consumable_015/Can_shoulder_002_002,Shelf_stock_018,Brushed_alloy,80
4265,Shelf_stock_018/Shelf_consumable_015/Spray_cap_003_003,Shelf_stock_018,Deep_charcoal,64
4266,Shelf_stock_018/Shelf_consumable_015/Spray_nozzle_004_004,Shelf_stock_018,Printed_labels,44
4267,Shelf_stock_018/Shelf_consumable_015/Can_label_005_005,Shelf_stock_018,Printed_labels,44
4268,Shelf_stock_018/Shelf_consumable_016/Aerosol_can_000_006,Shelf_stock_018,Worn_crimson_paint,80
4269,Shelf_stock_018/Shelf_consumable_016/Can_bottom_rim_001_007,Shelf_stock_018,Brushed_alloy,240
4270,Shelf_stock_018/Shelf_consumable_016/Can_shoulder_002_008,Shelf_stock_018,Brushed_alloy,80
4271,Shelf_stock_018/Shelf_consumable_016/Spray_cap_003_009,Shelf_stock_018,Deep_charcoal,64
4272,Shelf_stock_018/Shelf_consumable_016/Spray_nozzle_004_010,Shelf_stock_018,Printed_labels,44
4273,Shelf_stock_018/Shelf_consumable_016/Can_label_005_011,Shelf_stock_018,Printed_labels,44
4274,Shelf_stock_019/Shelf_consumable_017/Bottle_body_000_000,Shelf_stock_019,Coolant_bottle_green,80
4275,Shelf_stock_019/Shelf_consumable_017/Bottle_neck_001_001,Shelf_stock_019,Coolant_bottle_green,64
4276,Shelf_stock_019/Shelf_consumable_017/Bottle_cap_002_002,Shelf_stock_019,Tyre_rubber,64
4277,Shelf_stock_019/Shelf_consumable_017/Bottle_label_003_003,Shelf_stock_019,Printed_labels,44
4278,Shelf_stock_019/Shelf_consumable_017/Label_print_line_004_004,Shelf_stock_019,Deep_charcoal,12
4279,Shelf_stock_019/Shelf_consumable_017/Label_print_line_005_005,Shelf_stock_019,Deep_charcoal,12
4280,Shelf_stock_019/Shelf_consumable_017/Label_print_line_006_006,Shelf_stock_019,Deep_charcoal,12
4281,Shelf_stock_019/Shelf_consumable_017/Label_print_line_007_007,Shelf_stock_019,Deep_charcoal,12
4282,Shelf_stock_019/Shelf_consumable_018/Bottle_body_000_008,Shelf_stock_019,Coolant_bottle_green,80
4283,Shelf_stock_019/Shelf_consumable_018/Bottle_neck_001_009,Shelf_stock_019,Coolant_bottle_green,64
4284,Shelf_stock_019/Shelf_consumable_018/Bottle_cap_002_010,Shelf_stock_019,Tyre_rubber,64
4285,Shelf_stock_019/Shelf_consumable_018/Bottle_label_003_011,Shelf_stock_019,Printed_labels,44
4286,Shelf_stock_019/Shelf_consumable_018/Label_print_line_004_012,Shelf_stock_019,Deep_charcoal,12
4287,Shelf_stock_019/Shelf_consumable_018/Label_print_line_005_013,Shelf_stock_019,Deep_charcoal,12
4288,Shelf_stock_019/Shelf_consumable_018/Label_print_line_006_014,Shelf_stock_019,Deep_charcoal,12
4289,Shelf_stock_019/Shelf_consumable_018/Label_print_line_007_015,Shelf_stock_019,Deep_charcoal,12
4290,Shelf_stock_020/Shelf_consumable_019/Bottle_body_000_000,Shelf_stock_020,Worn_crimson_paint,80
4291,Shelf_stock_020/Shelf_consumable_019/Bottle_neck_001_001,Shelf_stock_020,Worn_crimson_paint,64
4292,Shelf_stock_020/Shelf_consumable_019/Bottle_cap_002_002,Shelf_stock_020,Tyre_rubber,64
4293,Shelf_stock_020/Shelf_consumable_019/Bottle_label_003_003,Shelf_stock_020,Printed_labels,44
4294,Shelf_stock_020/Shelf_consumable_019/Label_print_line_004_004,Shelf_stock_020,Deep_charcoal,12
4295,Shelf_stock_020/Shelf_consumable_019/Label_print_line_005_005,Shelf_stock_020,Deep_charcoal,12
4296,Shelf_stock_020/Shelf_consumable_019/Label_print_line_006_006,Shelf_stock_020,Deep_charcoal,12
4297,Shelf_stock_020/Shelf_consumable_019/Label_print_line_007_007,Shelf_stock_020,Deep_charcoal,12
4298,Shelf_stock_020/Shelf_consumable_020/Bottle_body_000_008,Shelf_stock_020,Worn_crimson_paint,80
4299,Shelf_stock_020/Shelf_consumable_020/Bottle_neck_001_009,Shelf_stock_020,Worn_crimson_paint,64
4300,Shelf_stock_020/Shelf_consumable_020/Bottle_cap_002_010,Shelf_stock_020,Tyre_rubber,64
4301,Shelf_stock_020/Shelf_consumable_020/Bottle_label_003_011,Shelf_stock_020,Printed_labels,44
4302,Shelf_stock_020/Shelf_consumable_020/Label_print_line_004_012,Shelf_stock_020,Deep_charcoal,12
4303,Shelf_stock_020/Shelf_consumable_020/Label_print_line_005_013,Shelf_stock_020,Deep_charcoal,12
4304,Shelf_stock_020/Shelf_consumable_020/Label_print_line_006_014,Shelf_stock_020,Deep_charcoal,12
4305,Shelf_stock_020/Shelf_consumable_020/Label_print_line_007_015,Shelf_stock_020,Deep_charcoal,12
4306,Shelf_stock_021/Cardboard_box_000,Shelf_stock_021,Storage_cartons,44
4307,Shelf_stock_021/Packing_tape_001,Shelf_stock_021,Printed_labels,44
4308,Shelf_stock_021/Shipping_label_002,Shelf_stock_021,Printed_labels,44
4309,Shelf_stock_021/Label_barcode_003,Shelf_stock_021,Deep_charcoal,12
4310,Shelf_stock_021/Label_barcode_004,Shelf_stock_021,Deep_charcoal,12
4311,Shelf_stock_021/Label_barcode_005,Shelf_stock_021,Deep_charcoal,12
4312,Shelf_stock_021/Label_barcode_006,Shelf_stock_021,Deep_charcoal,12
4313,Shelf_stock_021/Label_barcode_007,Shelf_stock_021,Deep_charcoal,12
4314,Shelf_stock_021/Label_barcode_008,Shelf_stock_021,Deep_charcoal,12
4315,Shelf_stock_021/Label_barcode_009,Shelf_stock_021,Deep_charcoal,12
4316,Shelf_stock_021/Label_barcode_010,Shelf_stock_021,Deep_charcoal,12
4317,Shelf_stock_021/Label_barcode_011,Shelf_stock_021,Deep_charcoal,12
4318,Shelf_stock_021/Label_barcode_012,Shelf_stock_021,Deep_charcoal,12
4319,Shelf_stock_021/Label_barcode_013,Shelf_stock_021,Deep_charcoal,12
4320,Shelf_stock_021/Cardboard_edge_014,Shelf_stock_021,Workbench_wood,44
4321,Shelf_stock_021/Cardboard_edge_015,Shelf_stock_021,Workbench_wood,44
4322,Shelf_stock_022/Cardboard_box_000,Shelf_stock_022,Storage_cartons,44
4323,Shelf_stock_022/Packing_tape_001,Shelf_stock_022,Printed_labels,44
4324,Shelf_stock_022/Shipping_label_002,Shelf_stock_022,Printed_labels,44
4325,Shelf_stock_022/Label_barcode_003,Shelf_stock_022,Deep_charcoal,12
4326,Shelf_stock_022/Label_barcode_004,Shelf_stock_022,Deep_charcoal,12
4327,Shelf_stock_022/Label_barcode_005,Shelf_stock_022,Deep_charcoal,12
4328,Shelf_stock_022/Label_barcode_006,Shelf_stock_022,Deep_charcoal,12
4329,Shelf_stock_022/Label_barcode_007,Shelf_stock_022,Deep_charcoal,12
4330,Shelf_stock_022/Label_barcode_008,Shelf_stock_022,Deep_charcoal,12
4331,Shelf_stock_022/Label_barcode_009,Shelf_stock_022,Deep_charcoal,12
4332,Shelf_stock_022/Label_barcode_010,Shelf_stock_022,Deep_charcoal,12
4333,Shelf_stock_022/Label_barcode_011,Shelf_stock_022,Deep_charcoal,12
4334,Shelf_stock_022/Label_barcode_012,Shelf_stock_022,Deep_charcoal,12
4335,Shelf_stock_022/Label_barcode_013,Shelf_stock_022,Deep_charcoal,12
4336,Shelf_stock_022/Cardboard_edge_014,Shelf_stock_022,Workbench_wood,44
4337,Shelf_stock_022/Cardboard_edge_015,Shelf_stock_022,Workbench_wood,44
4338,Shelf_stock_023/Cardboard_box_000,Shelf_stock_023,Storage_cartons,44
4339,Shelf_stock_023/Packing_tape_001,Shelf_stock_023,Printed_labels,44
4340,Shelf_stock_023/Shipping_label_002,Shelf_stock_023,Printed_labels,44
4341,Shelf_stock_023/Label_barcode_003,Shelf_stock_023,Deep_charcoal,12
4342,Shelf_stock_023/Label_barcode_004,Shelf_stock_023,Deep_charcoal,12
4343,Shelf_stock_023/Label_barcode_005,Shelf_stock_023,Deep_charcoal,12
4344,Shelf_stock_023/Label_barcode_006,Shelf_stock_023,Deep_charcoal,12
4345,Shelf_stock_023/Label_barcode_007,Shelf_stock_023,Deep_charcoal,12
4346,Shelf_stock_023/Label_barcode_008,Shelf_stock_023,Deep_charcoal,12
4347,Shelf_stock_023/Label_barcode_009,Shelf_stock_023,Deep_charcoal,12
4348,Shelf_stock_023/Label_barcode_010,Shelf_stock_023,Deep_charcoal,12
4349,Shelf_stock_023/Label_barcode_011,Shelf_stock_023,Deep_charcoal,12
4350,Shelf_stock_023/Label_barcode_012,Shelf_stock_023,Deep_charcoal,12
4351,Shelf_stock_023/Label_barcode_013,Shelf_stock_023,Deep_charcoal,12
4352,Shelf_stock_023/Cardboard_edge_014,Shelf_stock_023,Workbench_wood,44
4353,Shelf_stock_023/Cardboard_edge_015,Shelf_stock_023,Workbench_wood,44
4354,Shelf_stock_024/Cardboard_box_000,Shelf_stock_024,Storage_cartons,44
4355,Shelf_stock_024/Packing_tape_001,Shelf_stock_024,Printed_labels,44
4356,Shelf_stock_024/Shipping_label_002,Shelf_stock_024,Printed_labels,44
4357,Shelf_stock_024/Label_barcode_003,Shelf_stock_024,Deep_charcoal,12
4358,Shelf_stock_024/Label_barcode_004,Shelf_stock_024,Deep_charcoal,12
4359,Shelf_stock_024/Label_barcode_005,Shelf_stock_024,Deep_charcoal,12
4360,Shelf_stock_024/Label_barcode_006,Shelf_stock_024,Deep_charcoal,12
4361,Shelf_stock_024/Label_barcode_007,Shelf_stock_024,Deep_charcoal,12
4362,Shelf_stock_024/Label_barcode_008,Shelf_stock_024,Deep_charcoal,12
4363,Shelf_stock_024/Label_barcode_009,Shelf_stock_024,Deep_charcoal,12
4364,Shelf_stock_024/Label_barcode_010,Shelf_stock_024,Deep_charcoal,12
4365,Shelf_stock_024/Label_barcode_011,Shelf_stock_024,Deep_charcoal,12
4366,Shelf_stock_024/Label_barcode_012,Shelf_stock_024,Deep_charcoal,12
4367,Shelf_stock_024/Label_barcode_013,Shelf_stock_024,Deep_charcoal,12
4368,Shelf_stock_024/Cardboard_edge_014,Shelf_stock_024,Workbench_wood,44
4369,Shelf_stock_024/Cardboard_edge_015,Shelf_stock_024,Workbench_wood,44
4370,Shelf_stock_025/Cardboard_box_000,Shelf_stock_025,Storage_cartons,44
4371,Shelf_stock_025/Packing_tape_001,Shelf_stock_025,Printed_labels,44
4372,Shelf_stock_025/Shipping_label_002,Shelf_stock_025,Printed_labels,44
4373,Shelf_stock_025/Label_barcode_003,Shelf_stock_025,Deep_charcoal,12
4374,Shelf_stock_025/Label_barcode_004,Shelf_stock_025,Deep_charcoal,12
4375,Shelf_stock_025/Label_barcode_005,Shelf_stock_025,Deep_charcoal,12
4376,Shelf_stock_025/Label_barcode_006,Shelf_stock_025,Deep_charcoal,12
4377,Shelf_stock_025/Label_barcode_007,Shelf_stock_025,Deep_charcoal,12
4378,Shelf_stock_025/Label_barcode_008,Shelf_stock_025,Deep_charcoal,12
4379,Shelf_stock_025/Label_barcode_009,Shelf_stock_025,Deep_charcoal,12
4380,Shelf_stock_025/Label_barcode_010,Shelf_stock_025,Deep_charcoal,12
4381,Shelf_stock_025/Label_barcode_011,Shelf_stock_025,Deep_charcoal,12
4382,Shelf_stock_025/Label_barcode_012,Shelf_stock_025,Deep_charcoal,12
4383,Shelf_stock_025/Label_barcode_013,Shelf_stock_025,Deep_charcoal,12
4384,Shelf_stock_025/Cardboard_edge_014,Shelf_stock_025,Workbench_wood,44
4385,Shelf_stock_025/Cardboard_edge_015,Shelf_stock_025,Workbench_wood,44
4386,Storage_shelving_002/Shelf_angle_upright_000,Storage_shelving_002,Aged_black_steel,44
4387,Storage_shelving_002/Upright_adjustment_hole_001,Storage_shelving_002,Deep_charcoal,32
4388,Storage_shelving_002/Upright_adjustment_hole_002,Storage_shelving_002,Deep_charcoal,32
4389,Storage_shelving_002/Upright_adjustment_hole_003,Storage_shelving_002,Deep_charcoal,32
4390,Storage_shelving_002/Upright_adjustment_hole_004,Storage_shelving_002,Deep_charcoal,32
4391,Storage_shelving_002/Upright_adjustment_hole_005,Storage_shelving_002,Deep_charcoal,32
4392,Storage_shelving_002/Upright_adjustment_hole_006,Storage_shelving_002,Deep_charcoal,32
4393,Storage_shelving_002/Upright_adjustment_hole_007,Storage_shelving_002,Deep_charcoal,32
4394,Storage_shelving_002/Upright_adjustment_hole_008,Storage_shelving_002,Deep_charcoal,32
4395,Storage_shelving_002/Upright_adjustment_hole_009,Storage_shelving_002,Deep_charcoal,32
4396,Storage_shelving_002/Upright_adjustment_hole_010,Storage_shelving_002,Deep_charcoal,32
4397,Storage_shelving_002/Upright_adjustment_hole_011,Storage_shelving_002,Deep_charcoal,32
4398,Storage_shelving_002/Upright_adjustment_hole_012,Storage_shelving_002,Deep_charcoal,32
4399,Storage_shelving_002/Upright_adjustment_hole_013,Storage_shelving_002,Deep_charcoal,32
4400,Storage_shelving_002/Upright_adjustment_hole_014,Storage_shelving_002,Deep_charcoal,32
4401,Storage_shelving_002/Upright_adjustment_hole_015,Storage_shelving_002,Deep_charcoal,32
4402,Storage_shelving_002/Upright_adjustment_hole_016,Storage_shelving_002,Deep_charcoal,32
4403,Storage_shelving_002/Upright_adjustment_hole_017,Storage_shelving_002,Deep_charcoal,32
4404,Storage_shelving_002/Upright_adjustment_hole_018,Storage_shelving_002,Deep_charcoal,32
4405,Storage_shelving_002/Upright_adjustment_hole_019,Storage_shelving_002,Deep_charcoal,32
4406,Storage_shelving_002/Upright_adjustment_hole_020,Storage_shelving_002,Deep_charcoal,32
4407,Storage_shelving_002/Upright_adjustment_hole_021,Storage_shelving_002,Deep_charcoal,32
4408,Storage_shelving_002/Shelf_foot_022,Storage_shelving_002,Aged_black_steel,44
4409,Storage_shelving_002/Hex_fastener_023,Storage_shelving_002,Brushed_alloy,24
4410,Storage_shelving_002/Shelf_angle_upright_024,Storage_shelving_002,Aged_black_steel,44
4411,Storage_shelving_002/Upright_adjustment_hole_025,Storage_shelving_002,Deep_charcoal,32
4412,Storage_shelving_002/Upright_adjustment_hole_026,Storage_shelving_002,Deep_charcoal,32
4413,Storage_shelving_002/Upright_adjustment_hole_027,Storage_shelving_002,Deep_charcoal,32
4414,Storage_shelving_002/Upright_adjustment_hole_028,Storage_shelving_002,Deep_charcoal,32
4415,Storage_shelving_002/Upright_adjustment_hole_029,Storage_shelving_002,Deep_charcoal,32
4416,Storage_shelving_002/Upright_adjustment_hole_030,Storage_shelving_002,Deep_charcoal,32
4417,Storage_shelving_002/Upright_adjustment_hole_031,Storage_shelving_002,Deep_charcoal,32
4418,Storage_shelving_002/Upright_adjustment_hole_032,Storage_shelving_002,Deep_charcoal,32
4419,Storage_shelving_002/Upright_adjustment_hole_033,Storage_shelving_002,Deep_charcoal,32
4420,Storage_shelving_002/Upright_adjustment_hole_034,Storage_shelving_002,Deep_charcoal,32
4421,Storage_shelving_002/Upright_adjustment_hole_035,Storage_shelving_002,Deep_charcoal,32
4422,Storage_shelving_002/Upright_adjustment_hole_036,Storage_shelving_002,Deep_charcoal,32
4423,Storage_shelving_002/Upright_adjustment_hole_037,Storage_shelving_002,Deep_charcoal,32
4424,Storage_shelving_002/Upright_adjustment_hole_038,Storage_shelving_002,Deep_charcoal,32
4425,Storage_shelving_002/Upright_adjustment_hole_039,Storage_shelving_002,Deep_charcoal,32
4426,Storage_shelving_002/Upright_adjustment_hole_040,Storage_shelving_002,Deep_charcoal,32
4427,Storage_shelving_002/Upright_adjustment_hole_041,Storage_shelving_002,Deep_charcoal,32
4428,Storage_shelving_002/Upright_adjustment_hole_042,Storage_shelving_002,Deep_charcoal,32
4429,Storage_shelving_002/Upright_adjustment_hole_043,Storage_shelving_002,Deep_charcoal,32
4430,Storage_shelving_002/Upright_adjustment_hole_044,Storage_shelving_002,Deep_charcoal,32
4431,Storage_shelving_002/Upright_adjustment_hole_045,Storage_shelving_002,Deep_charcoal,32
4432,Storage_shelving_002/Shelf_foot_046,Storage_shelving_002,Aged_black_steel,44
4433,Storage_shelving_002/Hex_fastener_047,Storage_shelving_002,Brushed_alloy,24
4434,Storage_shelving_002/Shelf_angle_upright_048,Storage_shelving_002,Aged_black_steel,44
4435,Storage_shelving_002/Upright_adjustment_hole_049,Storage_shelving_002,Deep_charcoal,32
4436,Storage_shelving_002/Upright_adjustment_hole_050,Storage_shelving_002,Deep_charcoal,32
4437,Storage_shelving_002/Upright_adjustment_hole_051,Storage_shelving_002,Deep_charcoal,32
4438,Storage_shelving_002/Upright_adjustment_hole_052,Storage_shelving_002,Deep_charcoal,32
4439,Storage_shelving_002/Upright_adjustment_hole_053,Storage_shelving_002,Deep_charcoal,32
4440,Storage_shelving_002/Upright_adjustment_hole_054,Storage_shelving_002,Deep_charcoal,32
4441,Storage_shelving_002/Upright_adjustment_hole_055,Storage_shelving_002,Deep_charcoal,32
4442,Storage_shelving_002/Upright_adjustment_hole_056,Storage_shelving_002,Deep_charcoal,32
4443,Storage_shelving_002/Upright_adjustment_hole_057,Storage_shelving_002,Deep_charcoal,32
4444,Storage_shelving_002/Upright_adjustment_hole_058,Storage_shelving_002,Deep_charcoal,32
4445,Storage_shelving_002/Upright_adjustment_hole_059,Storage_shelving_002,Deep_charcoal,32
4446,Storage_shelving_002/Upright_adjustment_hole_060,Storage_shelving_002,Deep_charcoal,32
4447,Storage_shelving_002/Upright_adjustment_hole_061,Storage_shelving_002,Deep_charcoal,32
4448,Storage_shelving_002/Upright_adjustment_hole_062,Storage_shelving_002,Deep_charcoal,32
4449,Storage_shelving_002/Upright_adjustment_hole_063,Storage_shelving_002,Deep_charcoal,32
4450,Storage_shelving_002/Upright_adjustment_hole_064,Storage_shelving_002,Deep_charcoal,32
4451,Storage_shelving_002/Upright_adjustment_hole_065,Storage_shelving_002,Deep_charcoal,32
4452,Storage_shelving_002/Upright_adjustment_hole_066,Storage_shelving_002,Deep_charcoal,32
4453,Storage_shelving_002/Upright_adjustment_hole_067,Storage_shelving_002,Deep_charcoal,32
4454,Storage_shelving_002/Upright_adjustment_hole_068,Storage_shelving_002,Deep_charcoal,32
4455,Storage_shelving_002/Upright_adjustment_hole_069,Storage_shelving_002,Deep_charcoal,32
4456,Storage_shelving_002/Shelf_foot_070,Storage_shelving_002,Aged_black_steel,44
4457,Storage_shelving_002/Hex_fastener_071,Storage_shelving_002,Brushed_alloy,24
4458,Storage_shelving_002/Shelf_angle_upright_072,Storage_shelving_002,Aged_black_steel,44
4459,Storage_shelving_002/Upright_adjustment_hole_073,Storage_shelving_002,Deep_charcoal,32
4460,Storage_shelving_002/Upright_adjustment_hole_074,Storage_shelving_002,Deep_charcoal,32
4461,Storage_shelving_002/Upright_adjustment_hole_075,Storage_shelving_002,Deep_charcoal,32
4462,Storage_shelving_002/Upright_adjustment_hole_076,Storage_shelving_002,Deep_charcoal,32
4463,Storage_shelving_002/Upright_adjustment_hole_077,Storage_shelving_002,Deep_charcoal,32
4464,Storage_shelving_002/Upright_adjustment_hole_078,Storage_shelving_002,Deep_charcoal,32
4465,Storage_shelving_002/Upright_adjustment_hole_079,Storage_shelving_002,Deep_charcoal,32
4466,Storage_shelving_002/Upright_adjustment_hole_080,Storage_shelving_002,Deep_charcoal,32
4467,Storage_shelving_002/Upright_adjustment_hole_081,Storage_shelving_002,Deep_charcoal,32
4468,Storage_shelving_002/Upright_adjustment_hole_082,Storage_shelving_002,Deep_charcoal,32
4469,Storage_shelving_002/Upright_adjustment_hole_083,Storage_shelving_002,Deep_charcoal,32
4470,Storage_shelving_002/Upright_adjustment_hole_084,Storage_shelving_002,Deep_charcoal,32
4471,Storage_shelving_002/Upright_adjustment_hole_085,Storage_shelving_002,Deep_charcoal,32
4472,Storage_shelving_002/Upright_adjustment_hole_086,Storage_shelving_002,Deep_charcoal,32
4473,Storage_shelving_002/Upright_adjustment_hole_087,Storage_shelving_002,Deep_charcoal,32
4474,Storage_shelving_002/Upright_adjustment_hole_088,Storage_shelving_002,Deep_charcoal,32
4475,Storage_shelving_002/Upright_adjustment_hole_089,Storage_shelving_002,Deep_charcoal,32
4476,Storage_shelving_002/Upright_adjustment_hole_090,Storage_shelving_002,Deep_charcoal,32
4477,Storage_shelving_002/Upright_adjustment_hole_091,Storage_shelving_002,Deep_charcoal,32
4478,Storage_shelving_002/Upright_adjustment_hole_092,Storage_shelving_002,Deep_charcoal,32
4479,Storage_shelving_002/Upright_adjustment_hole_093,Storage_shelving_002,Deep_charcoal,32
4480,Storage_shelving_002/Shelf_foot_094,Storage_shelving_002,Aged_black_steel,44
4481,Storage_shelving_002/Hex_fastener_095,Storage_shelving_002,Brushed_alloy,24
4482,Storage_shelving_002/Shelf_steel_tray_096,Storage_shelving_002,Aged_black_steel,44
4483,Storage_shelving_002/Shelf_front_lip_097,Storage_shelving_002,Aged_black_steel,44
4484,Storage_shelving_002/Hex_fastener_098,Storage_shelving_002,Brushed_alloy,24
4485,Storage_shelving_002/Hex_fastener_099,Storage_shelving_002,Brushed_alloy,24
4486,Storage_shelving_002/Shelf_steel_tray_100,Storage_shelving_002,Aged_black_steel,44
4487,Storage_shelving_002/Shelf_front_lip_101,Storage_shelving_002,Aged_black_steel,44
4488,Storage_shelving_002/Hex_fastener_102,Storage_shelving_002,Brushed_alloy,24
4489,Storage_shelving_002/Hex_fastener_103,Storage_shelving_002,Brushed_alloy,24
4490,Storage_shelving_002/Shelf_steel_tray_104,Storage_shelving_002,Aged_black_steel,44
4491,Storage_shelving_002/Shelf_front_lip_105,Storage_shelving_002,Aged_black_steel,44
4492,Storage_shelving_002/Hex_fastener_106,Storage_shelving_002,Brushed_alloy,24
4493,Storage_shelving_002/Hex_fastener_107,Storage_shelving_002,Brushed_alloy,24
4494,Storage_shelving_002/Shelf_steel_tray_108,Storage_shelving_002,Aged_black_steel,44
4495,Storage_shelving_002/Shelf_front_lip_109,Storage_shelving_002,Aged_black_steel,44
4496,Storage_shelving_002/Hex_fastener_110,Storage_shelving_002,Brushed_alloy,24
4497,Storage_shelving_002/Hex_fastener_111,Storage_shelving_002,Brushed_alloy,24
4498,Storage_shelving_002/Shelf_steel_tray_112,Storage_shelving_002,Aged_black_steel,44
4499,Storage_shelving_002/Shelf_front_lip_113,Storage_shelving_002,Aged_black_steel,44
4500,Storage_shelving_002/Hex_fastener_114,Storage_shelving_002,Brushed_alloy,24
4501,Storage_shelving_002/Hex_fastener_115,Storage_shelving_002,Brushed_alloy,24
4502,Storage_shelving_002/Shelf_cross_brace_116,Storage_shelving_002,Aged_black_steel,44
4503,Storage_shelving_002/Shelf_cross_brace_117,Storage_shelving_002,Aged_black_steel,44
4504,Shelf_stock_026/Cardboard_box_000,Shelf_stock_026,Storage_cartons,44
4505,Shelf_stock_026/Packing_tape_001,Shelf_stock_026,Printed_labels,44
4506,Shelf_stock_026/Shipping_label_002,Shelf_stock_026,Printed_labels,44
4507,Shelf_stock_026/Label_barcode_003,Shelf_stock_026,Deep_charcoal,12
4508,Shelf_stock_026/Label_barcode_004,Shelf_stock_026,Deep_charcoal,12
4509,Shelf_stock_026/Label_barcode_005,Shelf_stock_026,Deep_charcoal,12
4510,Shelf_stock_026/Label_barcode_006,Shelf_stock_026,Deep_charcoal,12
4511,Shelf_stock_026/Label_barcode_007,Shelf_stock_026,Deep_charcoal,12
4512,Shelf_stock_026/Label_barcode_008,Shelf_stock_026,Deep_charcoal,12
4513,Shelf_stock_026/Label_barcode_009,Shelf_stock_026,Deep_charcoal,12
4514,Shelf_stock_026/Label_barcode_010,Shelf_stock_026,Deep_charcoal,12
4515,Shelf_stock_026/Label_barcode_011,Shelf_stock_026,Deep_charcoal,12
4516,Shelf_stock_026/Label_barcode_012,Shelf_stock_026,Deep_charcoal,12
4517,Shelf_stock_026/Label_barcode_013,Shelf_stock_026,Deep_charcoal,12
4518,Shelf_stock_026/Cardboard_edge_014,Shelf_stock_026,Workbench_wood,44
4519,Shelf_stock_026/Cardboard_edge_015,Shelf_stock_026,Workbench_wood,44
4520,Shelf_stock_027/Cardboard_box_000,Shelf_stock_027,Storage_cartons,44
4521,Shelf_stock_027/Packing_tape_001,Shelf_stock_027,Printed_labels,44
4522,Shelf_stock_027/Shipping_label_002,Shelf_stock_027,Printed_labels,44
4523,Shelf_stock_027/Label_barcode_003,Shelf_stock_027,Deep_charcoal,12
4524,Shelf_stock_027/Label_barcode_004,Shelf_stock_027,Deep_charcoal,12
4525,Shelf_stock_027/Label_barcode_005,Shelf_stock_027,Deep_charcoal,12
4526,Shelf_stock_027/Label_barcode_006,Shelf_stock_027,Deep_charcoal,12
4527,Shelf_stock_027/Label_barcode_007,Shelf_stock_027,Deep_charcoal,12
4528,Shelf_stock_027/Label_barcode_008,Shelf_stock_027,Deep_charcoal,12
4529,Shelf_stock_027/Label_barcode_009,Shelf_stock_027,Deep_charcoal,12
4530,Shelf_stock_027/Label_barcode_010,Shelf_stock_027,Deep_charcoal,12
4531,Shelf_stock_027/Label_barcode_011,Shelf_stock_027,Deep_charcoal,12
4532,Shelf_stock_027/Label_barcode_012,Shelf_stock_027,Deep_charcoal,12
4533,Shelf_stock_027/Label_barcode_013,Shelf_stock_027,Deep_charcoal,12
4534,Shelf_stock_027/Cardboard_edge_014,Shelf_stock_027,Workbench_wood,44
4535,Shelf_stock_027/Cardboard_edge_015,Shelf_stock_027,Workbench_wood,44
4536,Shelf_stock_028/Cardboard_box_000,Shelf_stock_028,Storage_cartons,44
4537,Shelf_stock_028/Packing_tape_001,Shelf_stock_028,Printed_labels,44
4538,Shelf_stock_028/Shipping_label_002,Shelf_stock_028,Printed_labels,44
4539,Shelf_stock_028/Label_barcode_003,Shelf_stock_028,Deep_charcoal,12
4540,Shelf_stock_028/Label_barcode_004,Shelf_stock_028,Deep_charcoal,12
4541,Shelf_stock_028/Label_barcode_005,Shelf_stock_028,Deep_charcoal,12
4542,Shelf_stock_028/Label_barcode_006,Shelf_stock_028,Deep_charcoal,12
4543,Shelf_stock_028/Label_barcode_007,Shelf_stock_028,Deep_charcoal,12
4544,Shelf_stock_028/Label_barcode_008,Shelf_stock_028,Deep_charcoal,12
4545,Shelf_stock_028/Label_barcode_009,Shelf_stock_028,Deep_charcoal,12
4546,Shelf_stock_028/Label_barcode_010,Shelf_stock_028,Deep_charcoal,12
4547,Shelf_stock_028/Label_barcode_011,Shelf_stock_028,Deep_charcoal,12
4548,Shelf_stock_028/Label_barcode_012,Shelf_stock_028,Deep_charcoal,12
4549,Shelf_stock_028/Label_barcode_013,Shelf_stock_028,Deep_charcoal,12
4550,Shelf_stock_028/Cardboard_edge_014,Shelf_stock_028,Workbench_wood,44
4551,Shelf_stock_028/Cardboard_edge_015,Shelf_stock_028,Workbench_wood,44
4552,Shelf_stock_029/Cardboard_box_000,Shelf_stock_029,Storage_cartons,44
4553,Shelf_stock_029/Packing_tape_001,Shelf_stock_029,Printed_labels,44
4554,Shelf_stock_029/Shipping_label_002,Shelf_stock_029,Printed_labels,44
4555,Shelf_stock_029/Label_barcode_003,Shelf_stock_029,Deep_charcoal,12
4556,Shelf_stock_029/Label_barcode_004,Shelf_stock_029,Deep_charcoal,12
4557,Shelf_stock_029/Label_barcode_005,Shelf_stock_029,Deep_charcoal,12
4558,Shelf_stock_029/Label_barcode_006,Shelf_stock_029,Deep_charcoal,12
4559,Shelf_stock_029/Label_barcode_007,Shelf_stock_029,Deep_charcoal,12
4560,Shelf_stock_029/Label_barcode_008,Shelf_stock_029,Deep_charcoal,12
4561,Shelf_stock_029/Label_barcode_009,Shelf_stock_029,Deep_charcoal,12
4562,Shelf_stock_029/Label_barcode_010,Shelf_stock_029,Deep_charcoal,12
4563,Shelf_stock_029/Label_barcode_011,Shelf_stock_029,Deep_charcoal,12
4564,Shelf_stock_029/Label_barcode_012,Shelf_stock_029,Deep_charcoal,12
4565,Shelf_stock_029/Label_barcode_013,Shelf_stock_029,Deep_charcoal,12
4566,Shelf_stock_029/Cardboard_edge_014,Shelf_stock_029,Workbench_wood,44
4567,Shelf_stock_029/Cardboard_edge_015,Shelf_stock_029,Workbench_wood,44
4568,Shelf_stock_030/Cardboard_box_000,Shelf_stock_030,Storage_cartons,44
4569,Shelf_stock_030/Packing_tape_001,Shelf_stock_030,Printed_labels,44
4570,Shelf_stock_030/Shipping_label_002,Shelf_stock_030,Printed_labels,44
4571,Shelf_stock_030/Label_barcode_003,Shelf_stock_030,Deep_charcoal,12
4572,Shelf_stock_030/Label_barcode_004,Shelf_stock_030,Deep_charcoal,12
4573,Shelf_stock_030/Label_barcode_005,Shelf_stock_030,Deep_charcoal,12
4574,Shelf_stock_030/Label_barcode_006,Shelf_stock_030,Deep_charcoal,12
4575,Shelf_stock_030/Label_barcode_007,Shelf_stock_030,Deep_charcoal,12
4576,Shelf_stock_030/Label_barcode_008,Shelf_stock_030,Deep_charcoal,12
4577,Shelf_stock_030/Label_barcode_009,Shelf_stock_030,Deep_charcoal,12
4578,Shelf_stock_030/Label_barcode_010,Shelf_stock_030,Deep_charcoal,12
4579,Shelf_stock_030/Label_barcode_011,Shelf_stock_030,Deep_charcoal,12
4580,Shelf_stock_030/Label_barcode_012,Shelf_stock_030,Deep_charcoal,12
4581,Shelf_stock_030/Label_barcode_013,Shelf_stock_030,Deep_charcoal,12
4582,Shelf_stock_030/Cardboard_edge_014,Shelf_stock_030,Workbench_wood,44
4583,Shelf_stock_030/Cardboard_edge_015,Shelf_stock_030,Workbench_wood,44
4584,Shelf_stock_031/Bin_bottom_000,Shelf_stock_031,Workshop_blue_paint,44
4585,Shelf_stock_031/Bin_side_001,Shelf_stock_031,Workshop_blue_paint,44
4586,Shelf_stock_031/Bin_side_002,Shelf_stock_031,Workshop_blue_paint,44
4587,Shelf_stock_031/Bin_back_003,Shelf_stock_031,Workshop_blue_paint,44
4588,Shelf_stock_031/Bin_front_lip_004,Shelf_stock_031,Workshop_blue_paint,44
4589,Shelf_stock_031/Bin_label_005,Shelf_stock_031,Printed_labels,44
4590,Shelf_stock_031/Hex_fastener_006,Shelf_stock_031,Brushed_alloy,24
4591,Shelf_stock_031/Hex_fastener_007,Shelf_stock_031,Brushed_alloy,24
4592,Shelf_stock_031/Hex_fastener_008,Shelf_stock_031,Brushed_alloy,24
4593,Shelf_stock_031/Hex_fastener_009,Shelf_stock_031,Brushed_alloy,24
4594,Shelf_stock_031/Hex_fastener_010,Shelf_stock_031,Brushed_alloy,24
4595,Shelf_stock_031/Hex_fastener_011,Shelf_stock_031,Brushed_alloy,24
4596,Shelf_stock_031/Hex_fastener_012,Shelf_stock_031,Brushed_alloy,24
4597,Shelf_stock_032/Bin_bottom_000,Shelf_stock_032,Workshop_blue_paint,44
4598,Shelf_stock_032/Bin_side_001,Shelf_stock_032,Workshop_blue_paint,44
4599,Shelf_stock_032/Bin_side_002,Shelf_stock_032,Workshop_blue_paint,44
4600,Shelf_stock_032/Bin_back_003,Shelf_stock_032,Workshop_blue_paint,44
4601,Shelf_stock_032/Bin_front_lip_004,Shelf_stock_032,Workshop_blue_paint,44
4602,Shelf_stock_032/Bin_label_005,Shelf_stock_032,Printed_labels,44
4603,Shelf_stock_032/Hex_fastener_006,Shelf_stock_032,Brushed_alloy,24
4604,Shelf_stock_032/Hex_fastener_007,Shelf_stock_032,Brushed_alloy,24
4605,Shelf_stock_032/Hex_fastener_008,Shelf_stock_032,Brushed_alloy,24
4606,Shelf_stock_032/Hex_fastener_009,Shelf_stock_032,Brushed_alloy,24
4607,Shelf_stock_032/Hex_fastener_010,Shelf_stock_032,Brushed_alloy,24
4608,Shelf_stock_032/Hex_fastener_011,Shelf_stock_032,Brushed_alloy,24
4609,Shelf_stock_032/Hex_fastener_012,Shelf_stock_032,Brushed_alloy,24
4610,Shelf_stock_033/Bin_bottom_000,Shelf_stock_033,Workshop_blue_paint,44
4611,Shelf_stock_033/Bin_side_001,Shelf_stock_033,Workshop_blue_paint,44
4612,Shelf_stock_033/Bin_side_002,Shelf_stock_033,Workshop_blue_paint,44
4613,Shelf_stock_033/Bin_back_003,Shelf_stock_033,Workshop_blue_paint,44
4614,Shelf_stock_033/Bin_front_lip_004,Shelf_stock_033,Workshop_blue_paint,44
4615,Shelf_stock_033/Bin_label_005,Shelf_stock_033,Printed_labels,44
4616,Shelf_stock_033/Hex_fastener_006,Shelf_stock_033,Brushed_alloy,24
4617,Shelf_stock_033/Hex_fastener_007,Shelf_stock_033,Brushed_alloy,24
4618,Shelf_stock_033/Hex_fastener_008,Shelf_stock_033,Brushed_alloy,24
4619,Shelf_stock_033/Hex_fastener_009,Shelf_stock_033,Brushed_alloy,24
4620,Shelf_stock_033/Hex_fastener_010,Shelf_stock_033,Brushed_alloy,24
4621,Shelf_stock_033/Hex_fastener_011,Shelf_stock_033,Brushed_alloy,24
4622,Shelf_stock_033/Hex_fastener_012,Shelf_stock_033,Brushed_alloy,24
4623,Shelf_stock_034/Bin_bottom_000,Shelf_stock_034,Workshop_blue_paint,44
4624,Shelf_stock_034/Bin_side_001,Shelf_stock_034,Workshop_blue_paint,44
4625,Shelf_stock_034/Bin_side_002,Shelf_stock_034,Workshop_blue_paint,44
4626,Shelf_stock_034/Bin_back_003,Shelf_stock_034,Workshop_blue_paint,44
4627,Shelf_stock_034/Bin_front_lip_004,Shelf_stock_034,Workshop_blue_paint,44
4628,Shelf_stock_034/Bin_label_005,Shelf_stock_034,Printed_labels,44
4629,Shelf_stock_034/Hex_fastener_006,Shelf_stock_034,Brushed_alloy,24
4630,Shelf_stock_034/Hex_fastener_007,Shelf_stock_034,Brushed_alloy,24
4631,Shelf_stock_034/Hex_fastener_008,Shelf_stock_034,Brushed_alloy,24
4632,Shelf_stock_034/Hex_fastener_009,Shelf_stock_034,Brushed_alloy,24
4633,Shelf_stock_034/Hex_fastener_010,Shelf_stock_034,Brushed_alloy,24
4634,Shelf_stock_034/Hex_fastener_011,Shelf_stock_034,Brushed_alloy,24
4635,Shelf_stock_034/Hex_fastener_012,Shelf_stock_034,Brushed_alloy,24
4636,Shelf_stock_035/Bin_bottom_000,Shelf_stock_035,Workshop_blue_paint,44
4637,Shelf_stock_035/Bin_side_001,Shelf_stock_035,Workshop_blue_paint,44
4638,Shelf_stock_035/Bin_side_002,Shelf_stock_035,Workshop_blue_paint,44
4639,Shelf_stock_035/Bin_back_003,Shelf_stock_035,Workshop_blue_paint,44
4640,Shelf_stock_035/Bin_front_lip_004,Shelf_stock_035,Workshop_blue_paint,44
4641,Shelf_stock_035/Bin_label_005,Shelf_stock_035,Printed_labels,44
4642,Shelf_stock_035/Hex_fastener_006,Shelf_stock_035,Brushed_alloy,24
4643,Shelf_stock_035/Hex_fastener_007,Shelf_stock_035,Brushed_alloy,24
4644,Shelf_stock_035/Hex_fastener_008,Shelf_stock_035,Brushed_alloy,24
4645,Shelf_stock_035/Hex_fastener_009,Shelf_stock_035,Brushed_alloy,24
4646,Shelf_stock_035/Hex_fastener_010,Shelf_stock_035,Brushed_alloy,24
4647,Shelf_stock_035/Hex_fastener_011,Shelf_stock_035,Brushed_alloy,24
4648,Shelf_stock_035/Hex_fastener_012,Shelf_stock_035,Brushed_alloy,24
4649,Shelf_stock_036/Shelf_consumable_021/Bottle_body_000_000,Shelf_stock_036,Worn_crimson_paint,80
4650,Shelf_stock_036/Shelf_consumable_021/Bottle_neck_001_001,Shelf_stock_036,Worn_crimson_paint,64
4651,Shelf_stock_036/Shelf_consumable_021/Bottle_cap_002_002,Shelf_stock_036,Tyre_rubber,64
4652,Shelf_stock_036/Shelf_consumable_021/Bottle_label_003_003,Shelf_stock_036,Printed_labels,44
4653,Shelf_stock_036/Shelf_consumable_021/Label_print_line_004_004,Shelf_stock_036,Deep_charcoal,12
4654,Shelf_stock_036/Shelf_consumable_021/Label_print_line_005_005,Shelf_stock_036,Deep_charcoal,12
4655,Shelf_stock_036/Shelf_consumable_021/Label_print_line_006_006,Shelf_stock_036,Deep_charcoal,12
4656,Shelf_stock_036/Shelf_consumable_021/Label_print_line_007_007,Shelf_stock_036,Deep_charcoal,12
4657,Shelf_stock_036/Shelf_consumable_022/Bottle_body_000_008,Shelf_stock_036,Worn_crimson_paint,80
4658,Shelf_stock_036/Shelf_consumable_022/Bottle_neck_001_009,Shelf_stock_036,Worn_crimson_paint,64
4659,Shelf_stock_036/Shelf_consumable_022/Bottle_cap_002_010,Shelf_stock_036,Tyre_rubber,64
4660,Shelf_stock_036/Shelf_consumable_022/Bottle_label_003_011,Shelf_stock_036,Printed_labels,44
4661,Shelf_stock_036/Shelf_consumable_022/Label_print_line_004_012,Shelf_stock_036,Deep_charcoal,12
4662,Shelf_stock_036/Shelf_consumable_022/Label_print_line_005_013,Shelf_stock_036,Deep_charcoal,12
4663,Shelf_stock_036/Shelf_consumable_022/Label_print_line_006_014,Shelf_stock_036,Deep_charcoal,12
4664,Shelf_stock_036/Shelf_consumable_022/Label_print_line_007_015,Shelf_stock_036,Deep_charcoal,12
4665,Shelf_stock_037/Shelf_consumable_023/Bottle_body_000_000,Shelf_stock_037,Workshop_blue_paint,80
4666,Shelf_stock_037/Shelf_consumable_023/Bottle_neck_001_001,Shelf_stock_037,Workshop_blue_paint,64
4667,Shelf_stock_037/Shelf_consumable_023/Bottle_cap_002_002,Shelf_stock_037,Tyre_rubber,64
4668,Shelf_stock_037/Shelf_consumable_023/Bottle_label_003_003,Shelf_stock_037,Printed_labels,44
4669,Shelf_stock_037/Shelf_consumable_023/Label_print_line_004_004,Shelf_stock_037,Deep_charcoal,12
4670,Shelf_stock_037/Shelf_consumable_023/Label_print_line_005_005,Shelf_stock_037,Deep_charcoal,12
4671,Shelf_stock_037/Shelf_consumable_023/Label_print_line_006_006,Shelf_stock_037,Deep_charcoal,12
4672,Shelf_stock_037/Shelf_consumable_023/Label_print_line_007_007,Shelf_stock_037,Deep_charcoal,12
4673,Shelf_stock_037/Shelf_consumable_024/Bottle_body_000_008,Shelf_stock_037,Workshop_blue_paint,80
4674,Shelf_stock_037/Shelf_consumable_024/Bottle_neck_001_009,Shelf_stock_037,Workshop_blue_paint,64
4675,Shelf_stock_037/Shelf_consumable_024/Bottle_cap_002_010,Shelf_stock_037,Tyre_rubber,64
4676,Shelf_stock_037/Shelf_consumable_024/Bottle_label_003_011,Shelf_stock_037,Printed_labels,44
4677,Shelf_stock_037/Shelf_consumable_024/Label_print_line_004_012,Shelf_stock_037,Deep_charcoal,12
4678,Shelf_stock_037/Shelf_consumable_024/Label_print_line_005_013,Shelf_stock_037,Deep_charcoal,12
4679,Shelf_stock_037/Shelf_consumable_024/Label_print_line_006_014,Shelf_stock_037,Deep_charcoal,12
4680,Shelf_stock_037/Shelf_consumable_024/Label_print_line_007_015,Shelf_stock_037,Deep_charcoal,12
4681,Shelf_stock_038/Shelf_consumable_025/Aerosol_can_000_000,Shelf_stock_038,Worn_crimson_paint,80
4682,Shelf_stock_038/Shelf_consumable_025/Can_bottom_rim_001_001,Shelf_stock_038,Brushed_alloy,240
4683,Shelf_stock_038/Shelf_consumable_025/Can_shoulder_002_002,Shelf_stock_038,Brushed_alloy,80
4684,Shelf_stock_038/Shelf_consumable_025/Spray_cap_003_003,Shelf_stock_038,Deep_charcoal,64
4685,Shelf_stock_038/Shelf_consumable_025/Spray_nozzle_004_004,Shelf_stock_038,Printed_labels,44
4686,Shelf_stock_038/Shelf_consumable_025/Can_label_005_005,Shelf_stock_038,Printed_labels,44
4687,Shelf_stock_038/Shelf_consumable_026/Aerosol_can_000_006,Shelf_stock_038,Worn_crimson_paint,80
4688,Shelf_stock_038/Shelf_consumable_026/Can_bottom_rim_001_007,Shelf_stock_038,Brushed_alloy,240
4689,Shelf_stock_038/Shelf_consumable_026/Can_shoulder_002_008,Shelf_stock_038,Brushed_alloy,80
4690,Shelf_stock_038/Shelf_consumable_026/Spray_cap_003_009,Shelf_stock_038,Deep_charcoal,64
4691,Shelf_stock_038/Shelf_consumable_026/Spray_nozzle_004_010,Shelf_stock_038,Printed_labels,44
4692,Shelf_stock_038/Shelf_consumable_026/Can_label_005_011,Shelf_stock_038,Printed_labels,44
4693,Shelf_stock_039/Shelf_consumable_027/Aerosol_can_000_000,Shelf_stock_039,Brushed_alloy,80
4694,Shelf_stock_039/Shelf_consumable_027/Can_bottom_rim_001_001,Shelf_stock_039,Brushed_alloy,240
4695,Shelf_stock_039/Shelf_consumable_027/Can_shoulder_002_002,Shelf_stock_039,Brushed_alloy,80
4696,Shelf_stock_039/Shelf_consumable_027/Spray_cap_003_003,Shelf_stock_039,Deep_charcoal,64
4697,Shelf_stock_039/Shelf_consumable_027/Spray_nozzle_004_004,Shelf_stock_039,Printed_labels,44
4698,Shelf_stock_039/Shelf_consumable_027/Can_label_005_005,Shelf_stock_039,Printed_labels,44
4699,Shelf_stock_039/Shelf_consumable_028/Aerosol_can_000_006,Shelf_stock_039,Brushed_alloy,80
4700,Shelf_stock_039/Shelf_consumable_028/Can_bottom_rim_001_007,Shelf_stock_039,Brushed_alloy,240
4701,Shelf_stock_039/Shelf_consumable_028/Can_shoulder_002_008,Shelf_stock_039,Brushed_alloy,80
4702,Shelf_stock_039/Shelf_consumable_028/Spray_cap_003_009,Shelf_stock_039,Deep_charcoal,64
4703,Shelf_stock_039/Shelf_consumable_028/Spray_nozzle_004_010,Shelf_stock_039,Printed_labels,44
4704,Shelf_stock_039/Shelf_consumable_028/Can_label_005_011,Shelf_stock_039,Printed_labels,44
4705,Shelf_stock_040/Shelf_consumable_029/Bottle_body_000_000,Shelf_stock_040,Worn_crimson_paint,80
4706,Shelf_stock_040/Shelf_consumable_029/Bottle_neck_001_001,Shelf_stock_040,Worn_crimson_paint,64
4707,Shelf_stock_040/Shelf_consumable_029/Bottle_cap_002_002,Shelf_stock_040,Tyre_rubber,64
4708,Shelf_stock_040/Shelf_consumable_029/Bottle_label_003_003,Shelf_stock_040,Printed_labels,44
4709,Shelf_stock_040/Shelf_consumable_029/Label_print_line_004_004,Shelf_stock_040,Deep_charcoal,12
4710,Shelf_stock_040/Shelf_consumable_029/Label_print_line_005_005,Shelf_stock_040,Deep_charcoal,12
4711,Shelf_stock_040/Shelf_consumable_029/Label_print_line_006_006,Shelf_stock_040,Deep_charcoal,12
4712,Shelf_stock_040/Shelf_consumable_029/Label_print_line_007_007,Shelf_stock_040,Deep_charcoal,12
4713,Shelf_stock_040/Shelf_consumable_030/Bottle_body_000_008,Shelf_stock_040,Worn_crimson_paint,80
4714,Shelf_stock_040/Shelf_consumable_030/Bottle_neck_001_009,Shelf_stock_040,Worn_crimson_paint,64
4715,Shelf_stock_040/Shelf_consumable_030/Bottle_cap_002_010,Shelf_stock_040,Tyre_rubber,64
4716,Shelf_stock_040/Shelf_consumable_030/Bottle_label_003_011,Shelf_stock_040,Printed_labels,44
4717,Shelf_stock_040/Shelf_consumable_030/Label_print_line_004_012,Shelf_stock_040,Deep_charcoal,12
4718,Shelf_stock_040/Shelf_consumable_030/Label_print_line_005_013,Shelf_stock_040,Deep_charcoal,12
4719,Shelf_stock_040/Shelf_consumable_030/Label_print_line_006_014,Shelf_stock_040,Deep_charcoal,12
4720,Shelf_stock_040/Shelf_consumable_030/Label_print_line_007_015,Shelf_stock_040,Deep_charcoal,12
4721,Shelf_stock_041/Shelf_consumable_031/Bottle_body_000_000,Shelf_stock_041,Worn_crimson_paint,80
4722,Shelf_stock_041/Shelf_consumable_031/Bottle_neck_001_001,Shelf_stock_041,Worn_crimson_paint,64
4723,Shelf_stock_041/Shelf_consumable_031/Bottle_cap_002_002,Shelf_stock_041,Tyre_rubber,64
4724,Shelf_stock_041/Shelf_consumable_031/Bottle_label_003_003,Shelf_stock_041,Printed_labels,44
4725,Shelf_stock_041/Shelf_consumable_031/Label_print_line_004_004,Shelf_stock_041,Deep_charcoal,12
4726,Shelf_stock_041/Shelf_consumable_031/Label_print_line_005_005,Shelf_stock_041,Deep_charcoal,12
4727,Shelf_stock_041/Shelf_consumable_031/Label_print_line_006_006,Shelf_stock_041,Deep_charcoal,12
4728,Shelf_stock_041/Shelf_consumable_031/Label_print_line_007_007,Shelf_stock_041,Deep_charcoal,12
4729,Shelf_stock_041/Shelf_consumable_032/Bottle_body_000_008,Shelf_stock_041,Worn_crimson_paint,80
4730,Shelf_stock_041/Shelf_consumable_032/Bottle_neck_001_009,Shelf_stock_041,Worn_crimson_paint,64
4731,Shelf_stock_041/Shelf_consumable_032/Bottle_cap_002_010,Shelf_stock_041,Tyre_rubber,64
4732,Shelf_stock_041/Shelf_consumable_032/Bottle_label_003_011,Shelf_stock_041,Printed_labels,44
4733,Shelf_stock_041/Shelf_consumable_032/Label_print_line_004_012,Shelf_stock_041,Deep_charcoal,12
4734,Shelf_stock_041/Shelf_consumable_032/Label_print_line_005_013,Shelf_stock_041,Deep_charcoal,12
4735,Shelf_stock_041/Shelf_consumable_032/Label_print_line_006_014,Shelf_stock_041,Deep_charcoal,12
4736,Shelf_stock_041/Shelf_consumable_032/Label_print_line_007_015,Shelf_stock_041,Deep_charcoal,12
4737,Shelf_stock_042/Shelf_consumable_033/Bottle_body_000_000,Shelf_stock_042,Workshop_blue_paint,80
4738,Shelf_stock_042/Shelf_consumable_033/Bottle_neck_001_001,Shelf_stock_042,Workshop_blue_paint,64
4739,Shelf_stock_042/Shelf_consumable_033/Bottle_cap_002_002,Shelf_stock_042,Tyre_rubber,64
4740,Shelf_stock_042/Shelf_consumable_033/Bottle_label_003_003,Shelf_stock_042,Printed_labels,44
4741,Shelf_stock_042/Shelf_consumable_033/Label_print_line_004_004,Shelf_stock_042,Deep_charcoal,12
4742,Shelf_stock_042/Shelf_consumable_033/Label_print_line_005_005,Shelf_stock_042,Deep_charcoal,12
4743,Shelf_stock_042/Shelf_consumable_033/Label_print_line_006_006,Shelf_stock_042,Deep_charcoal,12
4744,Shelf_stock_042/Shelf_consumable_033/Label_print_line_007_007,Shelf_stock_042,Deep_charcoal,12
4745,Shelf_stock_042/Shelf_consumable_034/Bottle_body_000_008,Shelf_stock_042,Workshop_blue_paint,80
4746,Shelf_stock_042/Shelf_consumable_034/Bottle_neck_001_009,Shelf_stock_042,Workshop_blue_paint,64
4747,Shelf_stock_042/Shelf_consumable_034/Bottle_cap_002_010,Shelf_stock_042,Tyre_rubber,64
4748,Shelf_stock_042/Shelf_consumable_034/Bottle_label_003_011,Shelf_stock_042,Printed_labels,44
4749,Shelf_stock_042/Shelf_consumable_034/Label_print_line_004_012,Shelf_stock_042,Deep_charcoal,12
4750,Shelf_stock_042/Shelf_consumable_034/Label_print_line_005_013,Shelf_stock_042,Deep_charcoal,12
4751,Shelf_stock_042/Shelf_consumable_034/Label_print_line_006_014,Shelf_stock_042,Deep_charcoal,12
4752,Shelf_stock_042/Shelf_consumable_034/Label_print_line_007_015,Shelf_stock_042,Deep_charcoal,12
4753,Shelf_stock_043/Shelf_consumable_035/Aerosol_can_000_000,Shelf_stock_043,Worn_crimson_paint,80
4754,Shelf_stock_043/Shelf_consumable_035/Can_bottom_rim_001_001,Shelf_stock_043,Brushed_alloy,240
4755,Shelf_stock_043/Shelf_consumable_035/Can_shoulder_002_002,Shelf_stock_043,Brushed_alloy,80
4756,Shelf_stock_043/Shelf_consumable_035/Spray_cap_003_003,Shelf_stock_043,Deep_charcoal,64
4757,Shelf_stock_043/Shelf_consumable_035/Spray_nozzle_004_004,Shelf_stock_043,Printed_labels,44
4758,Shelf_stock_043/Shelf_consumable_035/Can_label_005_005,Shelf_stock_043,Printed_labels,44
4759,Shelf_stock_043/Shelf_consumable_036/Aerosol_can_000_006,Shelf_stock_043,Worn_crimson_paint,80
4760,Shelf_stock_043/Shelf_consumable_036/Can_bottom_rim_001_007,Shelf_stock_043,Brushed_alloy,240
4761,Shelf_stock_043/Shelf_consumable_036/Can_shoulder_002_008,Shelf_stock_043,Brushed_alloy,80
4762,Shelf_stock_043/Shelf_consumable_036/Spray_cap_003_009,Shelf_stock_043,Deep_charcoal,64
4763,Shelf_stock_043/Shelf_consumable_036/Spray_nozzle_004_010,Shelf_stock_043,Printed_labels,44
4764,Shelf_stock_043/Shelf_consumable_036/Can_label_005_011,Shelf_stock_043,Printed_labels,44
4765,Shelf_stock_044/Shelf_consumable_037/Bottle_body_000_000,Shelf_stock_044,Coolant_bottle_green,80
4766,Shelf_stock_044/Shelf_consumable_037/Bottle_neck_001_001,Shelf_stock_044,Coolant_bottle_green,64
4767,Shelf_stock_044/Shelf_consumable_037/Bottle_cap_002_002,Shelf_stock_044,Tyre_rubber,64
4768,Shelf_stock_044/Shelf_consumable_037/Bottle_label_003_003,Shelf_stock_044,Printed_labels,44
4769,Shelf_stock_044/Shelf_consumable_037/Label_print_line_004_004,Shelf_stock_044,Deep_charcoal,12
4770,Shelf_stock_044/Shelf_consumable_037/Label_print_line_005_005,Shelf_stock_044,Deep_charcoal,12
4771,Shelf_stock_044/Shelf_consumable_037/Label_print_line_006_006,Shelf_stock_044,Deep_charcoal,12
4772,Shelf_stock_044/Shelf_consumable_037/Label_print_line_007_007,Shelf_stock_044,Deep_charcoal,12
4773,Shelf_stock_044/Shelf_consumable_038/Bottle_body_000_008,Shelf_stock_044,Coolant_bottle_green,80
4774,Shelf_stock_044/Shelf_consumable_038/Bottle_neck_001_009,Shelf_stock_044,Coolant_bottle_green,64
4775,Shelf_stock_044/Shelf_consumable_038/Bottle_cap_002_010,Shelf_stock_044,Tyre_rubber,64
4776,Shelf_stock_044/Shelf_consumable_038/Bottle_label_003_011,Shelf_stock_044,Printed_labels,44
4777,Shelf_stock_044/Shelf_consumable_038/Label_print_line_004_012,Shelf_stock_044,Deep_charcoal,12
4778,Shelf_stock_044/Shelf_consumable_038/Label_print_line_005_013,Shelf_stock_044,Deep_charcoal,12
4779,Shelf_stock_044/Shelf_consumable_038/Label_print_line_006_014,Shelf_stock_044,Deep_charcoal,12
4780,Shelf_stock_044/Shelf_consumable_038/Label_print_line_007_015,Shelf_stock_044,Deep_charcoal,12
4781,Shelf_stock_045/Shelf_consumable_039/Bottle_body_000_000,Shelf_stock_045,Worn_crimson_paint,80
4782,Shelf_stock_045/Shelf_consumable_039/Bottle_neck_001_001,Shelf_stock_045,Worn_crimson_paint,64
4783,Shelf_stock_045/Shelf_consumable_039/Bottle_cap_002_002,Shelf_stock_045,Tyre_rubber,64
4784,Shelf_stock_045/Shelf_consumable_039/Bottle_label_003_003,Shelf_stock_045,Printed_labels,44
4785,Shelf_stock_045/Shelf_consumable_039/Label_print_line_004_004,Shelf_stock_045,Deep_charcoal,12
4786,Shelf_stock_045/Shelf_consumable_039/Label_print_line_005_005,Shelf_stock_045,Deep_charcoal,12
4787,Shelf_stock_045/Shelf_consumable_039/Label_print_line_006_006,Shelf_stock_045,Deep_charcoal,12
4788,Shelf_stock_045/Shelf_consumable_039/Label_print_line_007_007,Shelf_stock_045,Deep_charcoal,12
4789,Shelf_stock_045/Shelf_consumable_040/Bottle_body_000_008,Shelf_stock_045,Worn_crimson_paint,80
4790,Shelf_stock_045/Shelf_consumable_040/Bottle_neck_001_009,Shelf_stock_045,Worn_crimson_paint,64
4791,Shelf_stock_045/Shelf_consumable_040/Bottle_cap_002_010,Shelf_stock_045,Tyre_rubber,64
4792,Shelf_stock_045/Shelf_consumable_040/Bottle_label_003_011,Shelf_stock_045,Printed_labels,44
4793,Shelf_stock_045/Shelf_consumable_040/Label_print_line_004_012,Shelf_stock_045,Deep_charcoal,12
4794,Shelf_stock_045/Shelf_consumable_040/Label_print_line_005_013,Shelf_stock_045,Deep_charcoal,12
4795,Shelf_stock_045/Shelf_consumable_040/Label_print_line_006_014,Shelf_stock_045,Deep_charcoal,12
4796,Shelf_stock_045/Shelf_consumable_040/Label_print_line_007_015,Shelf_stock_045,Deep_charcoal,12
4797,Shelf_stock_046/Cardboard_box_000,Shelf_stock_046,Storage_cartons,44
4798,Shelf_stock_046/Packing_tape_001,Shelf_stock_046,Printed_labels,44
4799,Shelf_stock_046/Shipping_label_002,Shelf_stock_046,Printed_labels,44
4800,Shelf_stock_046/Label_barcode_003,Shelf_stock_046,Deep_charcoal,12
4801,Shelf_stock_046/Label_barcode_004,Shelf_stock_046,Deep_charcoal,12
4802,Shelf_stock_046/Label_barcode_005,Shelf_stock_046,Deep_charcoal,12
4803,Shelf_stock_046/Label_barcode_006,Shelf_stock_046,Deep_charcoal,12
4804,Shelf_stock_046/Label_barcode_007,Shelf_stock_046,Deep_charcoal,12
4805,Shelf_stock_046/Label_barcode_008,Shelf_stock_046,Deep_charcoal,12
4806,Shelf_stock_046/Label_barcode_009,Shelf_stock_046,Deep_charcoal,12
4807,Shelf_stock_046/Label_barcode_010,Shelf_stock_046,Deep_charcoal,12
4808,Shelf_stock_046/Label_barcode_011,Shelf_stock_046,Deep_charcoal,12
4809,Shelf_stock_046/Label_barcode_012,Shelf_stock_046,Deep_charcoal,12
4810,Shelf_stock_046/Label_barcode_013,Shelf_stock_046,Deep_charcoal,12
4811,Shelf_stock_046/Cardboard_edge_014,Shelf_stock_046,Workbench_wood,44
4812,Shelf_stock_046/Cardboard_edge_015,Shelf_stock_046,Workbench_wood,44
4813,Shelf_stock_047/Cardboard_box_000,Shelf_stock_047,Storage_cartons,44
4814,Shelf_stock_047/Packing_tape_001,Shelf_stock_047,Printed_labels,44
4815,Shelf_stock_047/Shipping_label_002,Shelf_stock_047,Printed_labels,44
4816,Shelf_stock_047/Label_barcode_003,Shelf_stock_047,Deep_charcoal,12
4817,Shelf_stock_047/Label_barcode_004,Shelf_stock_047,Deep_charcoal,12
4818,Shelf_stock_047/Label_barcode_005,Shelf_stock_047,Deep_charcoal,12
4819,Shelf_stock_047/Label_barcode_006,Shelf_stock_047,Deep_charcoal,12
4820,Shelf_stock_047/Label_barcode_007,Shelf_stock_047,Deep_charcoal,12
4821,Shelf_stock_047/Label_barcode_008,Shelf_stock_047,Deep_charcoal,12
4822,Shelf_stock_047/Label_barcode_009,Shelf_stock_047,Deep_charcoal,12
4823,Shelf_stock_047/Label_barcode_010,Shelf_stock_047,Deep_charcoal,12
4824,Shelf_stock_047/Label_barcode_011,Shelf_stock_047,Deep_charcoal,12
4825,Shelf_stock_047/Label_barcode_012,Shelf_stock_047,Deep_charcoal,12
4826,Shelf_stock_047/Label_barcode_013,Shelf_stock_047,Deep_charcoal,12
4827,Shelf_stock_047/Cardboard_edge_014,Shelf_stock_047,Workbench_wood,44
4828,Shelf_stock_047/Cardboard_edge_015,Shelf_stock_047,Workbench_wood,44
4829,Shelf_stock_048/Cardboard_box_000,Shelf_stock_048,Storage_cartons,44
4830,Shelf_stock_048/Packing_tape_001,Shelf_stock_048,Printed_labels,44
4831,Shelf_stock_048/Shipping_label_002,Shelf_stock_048,Printed_labels,44
4832,Shelf_stock_048/Label_barcode_003,Shelf_stock_048,Deep_charcoal,12
4833,Shelf_stock_048/Label_barcode_004,Shelf_stock_048,Deep_charcoal,12
4834,Shelf_stock_048/Label_barcode_005,Shelf_stock_048,Deep_charcoal,12
4835,Shelf_stock_048/Label_barcode_006,Shelf_stock_048,Deep_charcoal,12
4836,Shelf_stock_048/Label_barcode_007,Shelf_stock_048,Deep_charcoal,12
4837,Shelf_stock_048/Label_barcode_008,Shelf_stock_048,Deep_charcoal,12
4838,Shelf_stock_048/Label_barcode_009,Shelf_stock_048,Deep_charcoal,12
4839,Shelf_stock_048/Label_barcode_010,Shelf_stock_048,Deep_charcoal,12
4840,Shelf_stock_048/Label_barcode_011,Shelf_stock_048,Deep_charcoal,12
4841,Shelf_stock_048/Label_barcode_012,Shelf_stock_048,Deep_charcoal,12
4842,Shelf_stock_048/Label_barcode_013,Shelf_stock_048,Deep_charcoal,12
4843,Shelf_stock_048/Cardboard_edge_014,Shelf_stock_048,Workbench_wood,44
4844,Shelf_stock_048/Cardboard_edge_015,Shelf_stock_048,Workbench_wood,44
4845,Shelf_stock_049/Cardboard_box_000,Shelf_stock_049,Storage_cartons,44
4846,Shelf_stock_049/Packing_tape_001,Shelf_stock_049,Printed_labels,44
4847,Shelf_stock_049/Shipping_label_002,Shelf_stock_049,Printed_labels,44
4848,Shelf_stock_049/Label_barcode_003,Shelf_stock_049,Deep_charcoal,12
4849,Shelf_stock_049/Label_barcode_004,Shelf_stock_049,Deep_charcoal,12
4850,Shelf_stock_049/Label_barcode_005,Shelf_stock_049,Deep_charcoal,12
4851,Shelf_stock_049/Label_barcode_006,Shelf_stock_049,Deep_charcoal,12
4852,Shelf_stock_049/Label_barcode_007,Shelf_stock_049,Deep_charcoal,12
4853,Shelf_stock_049/Label_barcode_008,Shelf_stock_049,Deep_charcoal,12
4854,Shelf_stock_049/Label_barcode_009,Shelf_stock_049,Deep_charcoal,12
4855,Shelf_stock_049/Label_barcode_010,Shelf_stock_049,Deep_charcoal,12
4856,Shelf_stock_049/Label_barcode_011,Shelf_stock_049,Deep_charcoal,12
4857,Shelf_stock_049/Label_barcode_012,Shelf_stock_049,Deep_charcoal,12
4858,Shelf_stock_049/Label_barcode_013,Shelf_stock_049,Deep_charcoal,12
4859,Shelf_stock_049/Cardboard_edge_014,Shelf_stock_049,Workbench_wood,44
4860,Shelf_stock_049/Cardboard_edge_015,Shelf_stock_049,Workbench_wood,44
4861,Shelf_stock_050/Cardboard_box_000,Shelf_stock_050,Storage_cartons,44
4862,Shelf_stock_050/Packing_tape_001,Shelf_stock_050,Printed_labels,44
4863,Shelf_stock_050/Shipping_label_002,Shelf_stock_050,Printed_labels,44
4864,Shelf_stock_050/Label_barcode_003,Shelf_stock_050,Deep_charcoal,12
4865,Shelf_stock_050/Label_barcode_004,Shelf_stock_050,Deep_charcoal,12
4866,Shelf_stock_050/Label_barcode_005,Shelf_stock_050,Deep_charcoal,12
4867,Shelf_stock_050/Label_barcode_006,Shelf_stock_050,Deep_charcoal,12
4868,Shelf_stock_050/Label_barcode_007,Shelf_stock_050,Deep_charcoal,12
4869,Shelf_stock_050/Label_barcode_008,Shelf_stock_050,Deep_charcoal,12
4870,Shelf_stock_050/Label_barcode_009,Shelf_stock_050,Deep_charcoal,12
4871,Shelf_stock_050/Label_barcode_010,Shelf_stock_050,Deep_charcoal,12
4872,Shelf_stock_050/Label_barcode_011,Shelf_stock_050,Deep_charcoal,12
4873,Shelf_stock_050/Label_barcode_012,Shelf_stock_050,Deep_charcoal,12
4874,Shelf_stock_050/Label_barcode_013,Shelf_stock_050,Deep_charcoal,12
4875,Shelf_stock_050/Cardboard_edge_014,Shelf_stock_050,Workbench_wood,44
4876,Shelf_stock_050/Cardboard_edge_015,Shelf_stock_050,Workbench_wood,44
4877,Worktop_consumable_001/Aerosol_can_000,Worktop_consumable_001,Brushed_alloy,80
4878,Worktop_consumable_001/Can_bottom_rim_001,Worktop_consumable_001,Brushed_alloy,240
4879,Worktop_consumable_001/Can_shoulder_002,Worktop_consumable_001,Brushed_alloy,80
4880,Worktop_consumable_001/Spray_cap_003,Worktop_consumable_001,Deep_charcoal,64
4881,Worktop_consumable_001/Spray_nozzle_004,Worktop_consumable_001,Printed_labels,44
4882,Worktop_consumable_001/Can_label_005,Worktop_consumable_001,Printed_labels,44
4883,Worktop_consumable_002/Bottle_body_000,Worktop_consumable_002,Coolant_bottle_green,80
4884,Worktop_consumable_002/Bottle_neck_001,Worktop_consumable_002,Coolant_bottle_green,64
4885,Worktop_consumable_002/Bottle_cap_002,Worktop_consumable_002,Tyre_rubber,64
4886,Worktop_consumable_002/Bottle_label_003,Worktop_consumable_002,Printed_labels,44
4887,Worktop_consumable_002/Label_print_line_004,Worktop_consumable_002,Deep_charcoal,12
4888,Worktop_consumable_002/Label_print_line_005,Worktop_consumable_002,Deep_charcoal,12
4889,Worktop_consumable_002/Label_print_line_006,Worktop_consumable_002,Deep_charcoal,12
4890,Worktop_consumable_002/Label_print_line_007,Worktop_consumable_002,Deep_charcoal,12
4891,Worktop_consumable_003/Aerosol_can_000,Worktop_consumable_003,Brushed_alloy,80
4892,Worktop_consumable_003/Can_bottom_rim_001,Worktop_consumable_003,Brushed_alloy,240
4893,Worktop_consumable_003/Can_shoulder_002,Worktop_consumable_003,Brushed_alloy,80
4894,Worktop_consumable_003/Spray_cap_003,Worktop_consumable_003,Deep_charcoal,64
4895,Worktop_consumable_003/Spray_nozzle_004,Worktop_consumable_003,Printed_labels,44
4896,Worktop_consumable_003/Can_label_005,Worktop_consumable_003,Printed_labels,44
4897,Worktop_consumable_004/Bottle_body_000,Worktop_consumable_004,Coolant_bottle_green,80
4898,Worktop_consumable_004/Bottle_neck_001,Worktop_consumable_004,Coolant_bottle_green,64
4899,Worktop_consumable_004/Bottle_cap_002,Worktop_consumable_004,Tyre_rubber,64
4900,Worktop_consumable_004/Bottle_label_003,Worktop_consumable_004,Printed_labels,44
4901,Worktop_consumable_004/Label_print_line_004,Worktop_consumable_004,Deep_charcoal,12
4902,Worktop_consumable_004/Label_print_line_005,Worktop_consumable_004,Deep_charcoal,12
4903,Worktop_consumable_004/Label_print_line_006,Worktop_consumable_004,Deep_charcoal,12
4904,Worktop_consumable_004/Label_print_line_007,Worktop_consumable_004,Deep_charcoal,12
4905,Worktop_consumable_005/Bottle_body_000,Worktop_consumable_005,Workshop_blue_paint,80
4906,Worktop_consumable_005/Bottle_neck_001,Worktop_consumable_005,Workshop_blue_paint,64
4907,Worktop_consumable_005/Bottle_cap_002,Worktop_consumable_005,Tyre_rubber,64
4908,Worktop_consumable_005/Bottle_label_003,Worktop_consumable_005,Printed_labels,44
4909,Worktop_consumable_005/Label_print_line_004,Worktop_consumable_005,Deep_charcoal,12
4910,Worktop_consumable_005/Label_print_line_005,Worktop_consumable_005,Deep_charcoal,12
4911,Worktop_consumable_005/Label_print_line_006,Worktop_consumable_005,Deep_charcoal,12
4912,Worktop_consumable_005/Label_print_line_007,Worktop_consumable_005,Deep_charcoal,12
4913,Worktop_consumable_006/Aerosol_can_000,Worktop_consumable_006,Brushed_alloy,80
4914,Worktop_consumable_006/Can_bottom_rim_001,Worktop_consumable_006,Brushed_alloy,240
4915,Worktop_consumable_006/Can_shoulder_002,Worktop_consumable_006,Brushed_alloy,80
4916,Worktop_consumable_006/Spray_cap_003,Worktop_consumable_006,Deep_charcoal,64
4917,Worktop_consumable_006/Spray_nozzle_004,Worktop_consumable_006,Printed_labels,44
4918,Worktop_consumable_006/Can_label_005,Worktop_consumable_006,Printed_labels,44
4919,Worktop_consumable_007/Bottle_body_000,Worktop_consumable_007,Coolant_bottle_green,80
4920,Worktop_consumable_007/Bottle_neck_001,Worktop_consumable_007,Coolant_bottle_green,64
4921,Worktop_consumable_007/Bottle_cap_002,Worktop_consumable_007,Tyre_rubber,64
4922,Worktop_consumable_007/Bottle_label_003,Worktop_consumable_007,Printed_labels,44
4923,Worktop_consumable_007/Label_print_line_004,Worktop_consumable_007,Deep_charcoal,12
4924,Worktop_consumable_007/Label_print_line_005,Worktop_consumable_007,Deep_charcoal,12
4925,Worktop_consumable_007/Label_print_line_006,Worktop_consumable_007,Deep_charcoal,12
4926,Worktop_consumable_007/Label_print_line_007,Worktop_consumable_007,Deep_charcoal,12
4927,Worktop_consumable_008/Bottle_body_000,Worktop_consumable_008,Workshop_blue_paint,80
4928,Worktop_consumable_008/Bottle_neck_001,Worktop_consumable_008,Workshop_blue_paint,64
4929,Worktop_consumable_008/Bottle_cap_002,Worktop_consumable_008,Tyre_rubber,64
4930,Worktop_consumable_008/Bottle_label_003,Worktop_consumable_008,Printed_labels,44
4931,Worktop_consumable_008/Label_print_line_004,Worktop_consumable_008,Deep_charcoal,12
4932,Worktop_consumable_008/Label_print_line_005,Worktop_consumable_008,Deep_charcoal,12
4933,Worktop_consumable_008/Label_print_line_006,Worktop_consumable_008,Deep_charcoal,12
4934,Worktop_consumable_008/Label_print_line_007,Worktop_consumable_008,Deep_charcoal,12
4935,Overhead_parts_box_001/Cardboard_box_000,Overhead_parts_box_001,Storage_cartons,44
4936,Overhead_parts_box_001/Packing_tape_001,Overhead_parts_box_001,Printed_labels,44
4937,Overhead_parts_box_001/Shipping_label_002,Overhead_parts_box_001,Printed_labels,44
4938,Overhead_parts_box_001/Label_barcode_003,Overhead_parts_box_001,Deep_charcoal,12
4939,Overhead_parts_box_001/Label_barcode_004,Overhead_parts_box_001,Deep_charcoal,12
4940,Overhead_parts_box_001/Label_barcode_005,Overhead_parts_box_001,Deep_charcoal,12
4941,Overhead_parts_box_001/Label_barcode_006,Overhead_parts_box_001,Deep_charcoal,12
4942,Overhead_parts_box_001/Label_barcode_007,Overhead_parts_box_001,Deep_charcoal,12
4943,Overhead_parts_box_001/Label_barcode_008,Overhead_parts_box_001,Deep_charcoal,12
4944,Overhead_parts_box_001/Label_barcode_009,Overhead_parts_box_001,Deep_charcoal,12
4945,Overhead_parts_box_001/Label_barcode_010,Overhead_parts_box_001,Deep_charcoal,12
4946,Overhead_parts_box_001/Label_barcode_011,Overhead_parts_box_001,Deep_charcoal,12
4947,Overhead_parts_box_001/Label_barcode_012,Overhead_parts_box_001,Deep_charcoal,12
4948,Overhead_parts_box_001/Label_barcode_013,Overhead_parts_box_001,Deep_charcoal,12
4949,Overhead_parts_box_001/Cardboard_edge_014,Overhead_parts_box_001,Workbench_wood,44
4950,Overhead_parts_box_001/Cardboard_edge_015,Overhead_parts_box_001,Workbench_wood,44
4951,Overhead_parts_box_002/Cardboard_box_000,Overhead_parts_box_002,Storage_cartons,44
4952,Overhead_parts_box_002/Packing_tape_001,Overhead_parts_box_002,Printed_labels,44
4953,Overhead_parts_box_002/Shipping_label_002,Overhead_parts_box_002,Printed_labels,44
4954,Overhead_parts_box_002/Label_barcode_003,Overhead_parts_box_002,Deep_charcoal,12
4955,Overhead_parts_box_002/Label_barcode_004,Overhead_parts_box_002,Deep_charcoal,12
4956,Overhead_parts_box_002/Label_barcode_005,Overhead_parts_box_002,Deep_charcoal,12
4957,Overhead_parts_box_002/Label_barcode_006,Overhead_parts_box_002,Deep_charcoal,12
4958,Overhead_parts_box_002/Label_barcode_007,Overhead_parts_box_002,Deep_charcoal,12
4959,Overhead_parts_box_002/Label_barcode_008,Overhead_parts_box_002,Deep_charcoal,12
4960,Overhead_parts_box_002/Label_barcode_009,Overhead_parts_box_002,Deep_charcoal,12
4961,Overhead_parts_box_002/Label_barcode_010,Overhead_parts_box_002,Deep_charcoal,12
4962,Overhead_parts_box_002/Label_barcode_011,Overhead_parts_box_002,Deep_charcoal,12
4963,Overhead_parts_box_002/Label_barcode_012,Overhead_parts_box_002,Deep_charcoal,12
4964,Overhead_parts_box_002/Label_barcode_013,Overhead_parts_box_002,Deep_charcoal,12
4965,Overhead_parts_box_002/Cardboard_edge_014,Overhead_parts_box_002,Workbench_wood,44
4966,Overhead_parts_box_002/Cardboard_edge_015,Overhead_parts_box_002,Workbench_wood,44
4967,Overhead_parts_box_003/Cardboard_box_000,Overhead_parts_box_003,Storage_cartons,44
4968,Overhead_parts_box_003/Packing_tape_001,Overhead_parts_box_003,Printed_labels,44
4969,Overhead_parts_box_003/Shipping_label_002,Overhead_parts_box_003,Printed_labels,44
4970,Overhead_parts_box_003/Label_barcode_003,Overhead_parts_box_003,Deep_charcoal,12
4971,Overhead_parts_box_003/Label_barcode_004,Overhead_parts_box_003,Deep_charcoal,12
4972,Overhead_parts_box_003/Label_barcode_005,Overhead_parts_box_003,Deep_charcoal,12
4973,Overhead_parts_box_003/Label_barcode_006,Overhead_parts_box_003,Deep_charcoal,12
4974,Overhead_parts_box_003/Label_barcode_007,Overhead_parts_box_003,Deep_charcoal,12
4975,Overhead_parts_box_003/Label_barcode_008,Overhead_parts_box_003,Deep_charcoal,12
4976,Overhead_parts_box_003/Label_barcode_009,Overhead_parts_box_003,Deep_charcoal,12
4977,Overhead_parts_box_003/Label_barcode_010,Overhead_parts_box_003,Deep_charcoal,12
4978,Overhead_parts_box_003/Label_barcode_011,Overhead_parts_box_003,Deep_charcoal,12
4979,Overhead_parts_box_003/Label_barcode_012,Overhead_parts_box_003,Deep_charcoal,12
4980,Overhead_parts_box_003/Label_barcode_013,Overhead_parts_box_003,Deep_charcoal,12
4981,Overhead_parts_box_003/Cardboard_edge_014,Overhead_parts_box_003,Workbench_wood,44
4982,Overhead_parts_box_003/Cardboard_edge_015,Overhead_parts_box_003,Workbench_wood,44
4983,Overhead_parts_box_004/Cardboard_box_000,Overhead_parts_box_004,Storage_cartons,44
4984,Overhead_parts_box_004/Packing_tape_001,Overhead_parts_box_004,Printed_labels,44
4985,Overhead_parts_box_004/Shipping_label_002,Overhead_parts_box_004,Printed_labels,44
4986,Overhead_parts_box_004/Label_barcode_003,Overhead_parts_box_004,Deep_charcoal,12
4987,Overhead_parts_box_004/Label_barcode_004,Overhead_parts_box_004,Deep_charcoal,12
4988,Overhead_parts_box_004/Label_barcode_005,Overhead_parts_box_004,Deep_charcoal,12
4989,Overhead_parts_box_004/Label_barcode_006,Overhead_parts_box_004,Deep_charcoal,12
4990,Overhead_parts_box_004/Label_barcode_007,Overhead_parts_box_004,Deep_charcoal,12
4991,Overhead_parts_box_004/Label_barcode_008,Overhead_parts_box_004,Deep_charcoal,12
4992,Overhead_parts_box_004/Label_barcode_009,Overhead_parts_box_004,Deep_charcoal,12
4993,Overhead_parts_box_004/Label_barcode_010,Overhead_parts_box_004,Deep_charcoal,12
4994,Overhead_parts_box_004/Label_barcode_011,Overhead_parts_box_004,Deep_charcoal,12
4995,Overhead_parts_box_004/Label_barcode_012,Overhead_parts_box_004,Deep_charcoal,12
4996,Overhead_parts_box_004/Label_barcode_013,Overhead_parts_box_004,Deep_charcoal,12
4997,Overhead_parts_box_004/Cardboard_edge_014,Overhead_parts_box_004,Workbench_wood,44
4998,Overhead_parts_box_004/Cardboard_edge_015,Overhead_parts_box_004,Workbench_wood,44
4999,Overhead_parts_box_005/Cardboard_box_000,Overhead_parts_box_005,Storage_cartons,44
5000,Overhead_parts_box_005/Packing_tape_001,Overhead_parts_box_005,Printed_labels,44
5001,Overhead_parts_box_005/Shipping_label_002,Overhead_parts_box_005,Printed_labels,44
5002,Overhead_parts_box_005/Label_barcode_003,Overhead_parts_box_005,Deep_charcoal,12
5003,Overhead_parts_box_005/Label_barcode_004,Overhead_parts_box_005,Deep_charcoal,12
5004,Overhead_parts_box_005/Label_barcode_005,Overhead_parts_box_005,Deep_charcoal,12
5005,Overhead_parts_box_005/Label_barcode_006,Overhead_parts_box_005,Deep_charcoal,12
5006,Overhead_parts_box_005/Label_barcode_007,Overhead_parts_box_005,Deep_charcoal,12
5007,Overhead_parts_box_005/Label_barcode_008,Overhead_parts_box_005,Deep_charcoal,12
5008,Overhead_parts_box_005/Label_barcode_009,Overhead_parts_box_005,Deep_charcoal,12
5009,Overhead_parts_box_005/Label_barcode_010,Overhead_parts_box_005,Deep_charcoal,12
5010,Overhead_parts_box_005/Label_barcode_011,Overhead_parts_box_005,Deep_charcoal,12
5011,Overhead_parts_box_005/Label_barcode_012,Overhead_parts_box_005,Deep_charcoal,12
5012,Overhead_parts_box_005/Label_barcode_013,Overhead_parts_box_005,Deep_charcoal,12
5013,Overhead_parts_box_005/Cardboard_edge_014,Overhead_parts_box_005,Workbench_wood,44
5014,Overhead_parts_box_005/Cardboard_edge_015,Overhead_parts_box_005,Workbench_wood,44
5015,Overhead_parts_box_006/Cardboard_box_000,Overhead_parts_box_006,Storage_cartons,44
5016,Overhead_parts_box_006/Packing_tape_001,Overhead_parts_box_006,Printed_labels,44
5017,Overhead_parts_box_006/Shipping_label_002,Overhead_parts_box_006,Printed_labels,44
5018,Overhead_parts_box_006/Label_barcode_003,Overhead_parts_box_006,Deep_charcoal,12
5019,Overhead_parts_box_006/Label_barcode_004,Overhead_parts_box_006,Deep_charcoal,12
5020,Overhead_parts_box_006/Label_barcode_005,Overhead_parts_box_006,Deep_charcoal,12
5021,Overhead_parts_box_006/Label_barcode_006,Overhead_parts_box_006,Deep_charcoal,12
5022,Overhead_parts_box_006/Label_barcode_007,Overhead_parts_box_006,Deep_charcoal,12
5023,Overhead_parts_box_006/Label_barcode_008,Overhead_parts_box_006,Deep_charcoal,12
5024,Overhead_parts_box_006/Label_barcode_009,Overhead_parts_box_006,Deep_charcoal,12
5025,Overhead_parts_box_006/Label_barcode_010,Overhead_parts_box_006,Deep_charcoal,12
5026,Overhead_parts_box_006/Label_barcode_011,Overhead_parts_box_006,Deep_charcoal,12
5027,Overhead_parts_box_006/Label_barcode_012,Overhead_parts_box_006,Deep_charcoal,12
5028,Overhead_parts_box_006/Label_barcode_013,Overhead_parts_box_006,Deep_charcoal,12
5029,Overhead_parts_box_006/Cardboard_edge_014,Overhead_parts_box_006,Workbench_wood,44
5030,Overhead_parts_box_006/Cardboard_edge_015,Overhead_parts_box_006,Workbench_wood,44
5031,Worktop_consumable_009/Aerosol_can_000,Worktop_consumable_009,Brushed_alloy,80
5032,Worktop_consumable_009/Can_bottom_rim_001,Worktop_consumable_009,Brushed_alloy,240
5033,Worktop_consumable_009/Can_shoulder_002,Worktop_consumable_009,Brushed_alloy,80
5034,Worktop_consumable_009/Spray_cap_003,Worktop_consumable_009,Deep_charcoal,64
5035,Worktop_consumable_009/Spray_nozzle_004,Worktop_consumable_009,Printed_labels,44
5036,Worktop_consumable_009/Can_label_005,Worktop_consumable_009,Printed_labels,44
5037,Worktop_consumable_010/Bottle_body_000,Worktop_consumable_010,Workshop_blue_paint,80
5038,Worktop_consumable_010/Bottle_neck_001,Worktop_consumable_010,Workshop_blue_paint,64
5039,Worktop_consumable_010/Bottle_cap_002,Worktop_consumable_010,Tyre_rubber,64
5040,Worktop_consumable_010/Bottle_label_003,Worktop_consumable_010,Printed_labels,44
5041,Worktop_consumable_010/Label_print_line_004,Worktop_consumable_010,Deep_charcoal,12
5042,Worktop_consumable_010/Label_print_line_005,Worktop_consumable_010,Deep_charcoal,12
5043,Worktop_consumable_010/Label_print_line_006,Worktop_consumable_010,Deep_charcoal,12
5044,Worktop_consumable_010/Label_print_line_007,Worktop_consumable_010,Deep_charcoal,12
5045,Worktop_consumable_011/Aerosol_can_000,Worktop_consumable_011,Brushed_alloy,80
5046,Worktop_consumable_011/Can_bottom_rim_001,Worktop_consumable_011,Brushed_alloy,240
5047,Worktop_consumable_011/Can_shoulder_002,Worktop_consumable_011,Brushed_alloy,80
5048,Worktop_consumable_011/Spray_cap_003,Worktop_consumable_011,Deep_charcoal,64
5049,Worktop_consumable_011/Spray_nozzle_004,Worktop_consumable_011,Printed_labels,44
5050,Worktop_consumable_011/Can_label_005,Worktop_consumable_011,Printed_labels,44
5051,Worktop_consumable_012/Bottle_body_000,Worktop_consumable_012,Coolant_bottle_green,80
5052,Worktop_consumable_012/Bottle_neck_001,Worktop_consumable_012,Coolant_bottle_green,64
5053,Worktop_consumable_012/Bottle_cap_002,Worktop_consumable_012,Tyre_rubber,64
5054,Worktop_consumable_012/Bottle_label_003,Worktop_consumable_012,Printed_labels,44
5055,Worktop_consumable_012/Label_print_line_004,Worktop_consumable_012,Deep_charcoal,12
5056,Worktop_consumable_012/Label_print_line_005,Worktop_consumable_012,Deep_charcoal,12
5057,Worktop_consumable_012/Label_print_line_006,Worktop_consumable_012,Deep_charcoal,12
5058,Worktop_consumable_012/Label_print_line_007,Worktop_consumable_012,Deep_charcoal,12
5059,Worktop_consumable_013/Bottle_body_000,Worktop_consumable_013,Workshop_blue_paint,80
5060,Worktop_consumable_013/Bottle_neck_001,Worktop_consumable_013,Workshop_blue_paint,64
5061,Worktop_consumable_013/Bottle_cap_002,Worktop_consumable_013,Tyre_rubber,64
5062,Worktop_consumable_013/Bottle_label_003,Worktop_consumable_013,Printed_labels,44
5063,Worktop_consumable_013/Label_print_line_004,Worktop_consumable_013,Deep_charcoal,12
5064,Worktop_consumable_013/Label_print_line_005,Worktop_consumable_013,Deep_charcoal,12
5065,Worktop_consumable_013/Label_print_line_006,Worktop_consumable_013,Deep_charcoal,12
5066,Worktop_consumable_013/Label_print_line_007,Worktop_consumable_013,Deep_charcoal,12
5067,Worktop_consumable_014/Bottle_body_000,Worktop_consumable_014,Coolant_bottle_green,80
5068,Worktop_consumable_014/Bottle_neck_001,Worktop_consumable_014,Coolant_bottle_green,64
5069,Worktop_consumable_014/Bottle_cap_002,Worktop_consumable_014,Tyre_rubber,64
5070,Worktop_consumable_014/Bottle_label_003,Worktop_consumable_014,Printed_labels,44
5071,Worktop_consumable_014/Label_print_line_004,Worktop_consumable_014,Deep_charcoal,12
5072,Worktop_consumable_014/Label_print_line_005,Worktop_consumable_014,Deep_charcoal,12
5073,Worktop_consumable_014/Label_print_line_006,Worktop_consumable_014,Deep_charcoal,12
5074,Worktop_consumable_014/Label_print_line_007,Worktop_consumable_014,Deep_charcoal,12
5075,Worktop_consumable_015/Bottle_body_000,Worktop_consumable_015,Workshop_blue_paint,80
5076,Worktop_consumable_015/Bottle_neck_001,Worktop_consumable_015,Workshop_blue_paint,64
5077,Worktop_consumable_015/Bottle_cap_002,Worktop_consumable_015,Tyre_rubber,64
5078,Worktop_consumable_015/Bottle_label_003,Worktop_consumable_015,Printed_labels,44
5079,Worktop_consumable_015/Label_print_line_004,Worktop_consumable_015,Deep_charcoal,12
5080,Worktop_consumable_015/Label_print_line_005,Worktop_consumable_015,Deep_charcoal,12
5081,Worktop_consumable_015/Label_print_line_006,Worktop_consumable_015,Deep_charcoal,12
5082,Worktop_consumable_015/Label_print_line_007,Worktop_consumable_015,Deep_charcoal,12
5083,Overhead_parts_box_007/Cardboard_box_000,Overhead_parts_box_007,Storage_cartons,44
5084,Overhead_parts_box_007/Packing_tape_001,Overhead_parts_box_007,Printed_labels,44
5085,Overhead_parts_box_007/Shipping_label_002,Overhead_parts_box_007,Printed_labels,44
5086,Overhead_parts_box_007/Label_barcode_003,Overhead_parts_box_007,Deep_charcoal,12
5087,Overhead_parts_box_007/Label_barcode_004,Overhead_parts_box_007,Deep_charcoal,12
5088,Overhead_parts_box_007/Label_barcode_005,Overhead_parts_box_007,Deep_charcoal,12
5089,Overhead_parts_box_007/Label_barcode_006,Overhead_parts_box_007,Deep_charcoal,12
5090,Overhead_parts_box_007/Label_barcode_007,Overhead_parts_box_007,Deep_charcoal,12
5091,Overhead_parts_box_007/Label_barcode_008,Overhead_parts_box_007,Deep_charcoal,12
5092,Overhead_parts_box_007/Label_barcode_009,Overhead_parts_box_007,Deep_charcoal,12
5093,Overhead_parts_box_007/Label_barcode_010,Overhead_parts_box_007,Deep_charcoal,12
5094,Overhead_parts_box_007/Label_barcode_011,Overhead_parts_box_007,Deep_charcoal,12
5095,Overhead_parts_box_007/Label_barcode_012,Overhead_parts_box_007,Deep_charcoal,12
5096,Overhead_parts_box_007/Label_barcode_013,Overhead_parts_box_007,Deep_charcoal,12
5097,Overhead_parts_box_007/Cardboard_edge_014,Overhead_parts_box_007,Workbench_wood,44
5098,Overhead_parts_box_007/Cardboard_edge_015,Overhead_parts_box_007,Workbench_wood,44
5099,Overhead_parts_box_008/Cardboard_box_000,Overhead_parts_box_008,Storage_cartons,44
5100,Overhead_parts_box_008/Packing_tape_001,Overhead_parts_box_008,Printed_labels,44
5101,Overhead_parts_box_008/Shipping_label_002,Overhead_parts_box_008,Printed_labels,44
5102,Overhead_parts_box_008/Label_barcode_003,Overhead_parts_box_008,Deep_charcoal,12
5103,Overhead_parts_box_008/Label_barcode_004,Overhead_parts_box_008,Deep_charcoal,12
5104,Overhead_parts_box_008/Label_barcode_005,Overhead_parts_box_008,Deep_charcoal,12
5105,Overhead_parts_box_008/Label_barcode_006,Overhead_parts_box_008,Deep_charcoal,12
5106,Overhead_parts_box_008/Label_barcode_007,Overhead_parts_box_008,Deep_charcoal,12
5107,Overhead_parts_box_008/Label_barcode_008,Overhead_parts_box_008,Deep_charcoal,12
5108,Overhead_parts_box_008/Label_barcode_009,Overhead_parts_box_008,Deep_charcoal,12
5109,Overhead_parts_box_008/Label_barcode_010,Overhead_parts_box_008,Deep_charcoal,12
5110,Overhead_parts_box_008/Label_barcode_011,Overhead_parts_box_008,Deep_charcoal,12
5111,Overhead_parts_box_008/Label_barcode_012,Overhead_parts_box_008,Deep_charcoal,12
5112,Overhead_parts_box_008/Label_barcode_013,Overhead_parts_box_008,Deep_charcoal,12
5113,Overhead_parts_box_008/Cardboard_edge_014,Overhead_parts_box_008,Workbench_wood,44
5114,Overhead_parts_box_008/Cardboard_edge_015,Overhead_parts_box_008,Workbench_wood,44
5115,Overhead_parts_box_009/Cardboard_box_000,Overhead_parts_box_009,Storage_cartons,44
5116,Overhead_parts_box_009/Packing_tape_001,Overhead_parts_box_009,Printed_labels,44
5117,Overhead_parts_box_009/Shipping_label_002,Overhead_parts_box_009,Printed_labels,44
5118,Overhead_parts_box_009/Label_barcode_003,Overhead_parts_box_009,Deep_charcoal,12
5119,Overhead_parts_box_009/Label_barcode_004,Overhead_parts_box_009,Deep_charcoal,12
5120,Overhead_parts_box_009/Label_barcode_005,Overhead_parts_box_009,Deep_charcoal,12
5121,Overhead_parts_box_009/Label_barcode_006,Overhead_parts_box_009,Deep_charcoal,12
5122,Overhead_parts_box_009/Label_barcode_007,Overhead_parts_box_009,Deep_charcoal,12
5123,Overhead_parts_box_009/Label_barcode_008,Overhead_parts_box_009,Deep_charcoal,12
5124,Overhead_parts_box_009/Label_barcode_009,Overhead_parts_box_009,Deep_charcoal,12
5125,Overhead_parts_box_009/Label_barcode_010,Overhead_parts_box_009,Deep_charcoal,12
5126,Overhead_parts_box_009/Label_barcode_011,Overhead_parts_box_009,Deep_charcoal,12
5127,Overhead_parts_box_009/Label_barcode_012,Overhead_parts_box_009,Deep_charcoal,12
5128,Overhead_parts_box_009/Label_barcode_013,Overhead_parts_box_009,Deep_charcoal,12
5129,Overhead_parts_box_009/Cardboard_edge_014,Overhead_parts_box_009,Workbench_wood,44
5130,Overhead_parts_box_009/Cardboard_edge_015,Overhead_parts_box_009,Workbench_wood,44
5131,Overhead_parts_box_010/Cardboard_box_000,Overhead_parts_box_010,Storage_cartons,44
5132,Overhead_parts_box_010/Packing_tape_001,Overhead_parts_box_010,Printed_labels,44
5133,Overhead_parts_box_010/Shipping_label_002,Overhead_parts_box_010,Printed_labels,44
5134,Overhead_parts_box_010/Label_barcode_003,Overhead_parts_box_010,Deep_charcoal,12
5135,Overhead_parts_box_010/Label_barcode_004,Overhead_parts_box_010,Deep_charcoal,12
5136,Overhead_parts_box_010/Label_barcode_005,Overhead_parts_box_010,Deep_charcoal,12
5137,Overhead_parts_box_010/Label_barcode_006,Overhead_parts_box_010,Deep_charcoal,12
5138,Overhead_parts_box_010/Label_barcode_007,Overhead_parts_box_010,Deep_charcoal,12
5139,Overhead_parts_box_010/Label_barcode_008,Overhead_parts_box_010,Deep_charcoal,12
5140,Overhead_parts_box_010/Label_barcode_009,Overhead_parts_box_010,Deep_charcoal,12
5141,Overhead_parts_box_010/Label_barcode_010,Overhead_parts_box_010,Deep_charcoal,12
5142,Overhead_parts_box_010/Label_barcode_011,Overhead_parts_box_010,Deep_charcoal,12
5143,Overhead_parts_box_010/Label_barcode_012,Overhead_parts_box_010,Deep_charcoal,12
5144,Overhead_parts_box_010/Label_barcode_013,Overhead_parts_box_010,Deep_charcoal,12
5145,Overhead_parts_box_010/Cardboard_edge_014,Overhead_parts_box_010,Workbench_wood,44
5146,Overhead_parts_box_010/Cardboard_edge_015,Overhead_parts_box_010,Workbench_wood,44
5147,Overhead_parts_box_011/Cardboard_box_000,Overhead_parts_box_011,Storage_cartons,44
5148,Overhead_parts_box_011/Packing_tape_001,Overhead_parts_box_011,Printed_labels,44
5149,Overhead_parts_box_011/Shipping_label_002,Overhead_parts_box_011,Printed_labels,44
5150,Overhead_parts_box_011/Label_barcode_003,Overhead_parts_box_011,Deep_charcoal,12
5151,Overhead_parts_box_011/Label_barcode_004,Overhead_parts_box_011,Deep_charcoal,12
5152,Overhead_parts_box_011/Label_barcode_005,Overhead_parts_box_011,Deep_charcoal,12
5153,Overhead_parts_box_011/Label_barcode_006,Overhead_parts_box_011,Deep_charcoal,12
5154,Overhead_parts_box_011/Label_barcode_007,Overhead_parts_box_011,Deep_charcoal,12
5155,Overhead_parts_box_011/Label_barcode_008,Overhead_parts_box_011,Deep_charcoal,12
5156,Overhead_parts_box_011/Label_barcode_009,Overhead_parts_box_011,Deep_charcoal,12
5157,Overhead_parts_box_011/Label_barcode_010,Overhead_parts_box_011,Deep_charcoal,12
5158,Overhead_parts_box_011/Label_barcode_011,Overhead_parts_box_011,Deep_charcoal,12
5159,Overhead_parts_box_011/Label_barcode_012,Overhead_parts_box_011,Deep_charcoal,12
5160,Overhead_parts_box_011/Label_barcode_013,Overhead_parts_box_011,Deep_charcoal,12
5161,Overhead_parts_box_011/Cardboard_edge_014,Overhead_parts_box_011,Workbench_wood,44
5162,Overhead_parts_box_011/Cardboard_edge_015,Overhead_parts_box_011,Workbench_wood,44
5163,Overhead_parts_box_012/Cardboard_box_000,Overhead_parts_box_012,Storage_cartons,44
5164,Overhead_parts_box_012/Packing_tape_001,Overhead_parts_box_012,Printed_labels,44
5165,Overhead_parts_box_012/Shipping_label_002,Overhead_parts_box_012,Printed_labels,44
5166,Overhead_parts_box_012/Label_barcode_003,Overhead_parts_box_012,Deep_charcoal,12
5167,Overhead_parts_box_012/Label_barcode_004,Overhead_parts_box_012,Deep_charcoal,12
5168,Overhead_parts_box_012/Label_barcode_005,Overhead_parts_box_012,Deep_charcoal,12
5169,Overhead_parts_box_012/Label_barcode_006,Overhead_parts_box_012,Deep_charcoal,12
5170,Overhead_parts_box_012/Label_barcode_007,Overhead_parts_box_012,Deep_charcoal,12
5171,Overhead_parts_box_012/Label_barcode_008,Overhead_parts_box_012,Deep_charcoal,12
5172,Overhead_parts_box_012/Label_barcode_009,Overhead_parts_box_012,Deep_charcoal,12
5173,Overhead_parts_box_012/Label_barcode_010,Overhead_parts_box_012,Deep_charcoal,12
5174,Overhead_parts_box_012/Label_barcode_011,Overhead_parts_box_012,Deep_charcoal,12
5175,Overhead_parts_box_012/Label_barcode_012,Overhead_parts_box_012,Deep_charcoal,12
5176,Overhead_parts_box_012/Label_barcode_013,Overhead_parts_box_012,Deep_charcoal,12
5177,Overhead_parts_box_012/Cardboard_edge_014,Overhead_parts_box_012,Workbench_wood,44
5178,Overhead_parts_box_012/Cardboard_edge_015,Overhead_parts_box_012,Workbench_wood,44
5179,Rolling_tool_trolley_001/Trolley_tray_000,Rolling_tool_trolley_001,Worn_crimson_paint,44
5180,Rolling_tool_trolley_001/Tray_side_lip_001,Rolling_tool_trolley_001,Worn_crimson_paint,44
5181,Rolling_tool_trolley_001/Tray_side_lip_002,Rolling_tool_trolley_001,Worn_crimson_paint,44
5182,Rolling_tool_trolley_001/Tray_front_lip_003,Rolling_tool_trolley_001,Worn_crimson_paint,44
5183,Rolling_tool_trolley_001/Tray_front_lip_004,Rolling_tool_trolley_001,Worn_crimson_paint,44
5184,Rolling_tool_trolley_001/Trolley_tray_005,Rolling_tool_trolley_001,Worn_crimson_paint,44
5185,Rolling_tool_trolley_001/Tray_side_lip_006,Rolling_tool_trolley_001,Worn_crimson_paint,44
5186,Rolling_tool_trolley_001/Tray_side_lip_007,Rolling_tool_trolley_001,Worn_crimson_paint,44
5187,Rolling_tool_trolley_001/Tray_front_lip_008,Rolling_tool_trolley_001,Worn_crimson_paint,44
5188,Rolling_tool_trolley_001/Tray_front_lip_009,Rolling_tool_trolley_001,Worn_crimson_paint,44
5189,Rolling_tool_trolley_001/Trolley_tray_010,Rolling_tool_trolley_001,Worn_crimson_paint,44
5190,Rolling_tool_trolley_001/Tray_side_lip_011,Rolling_tool_trolley_001,Worn_crimson_paint,44
5191,Rolling_tool_trolley_001/Tray_side_lip_012,Rolling_tool_trolley_001,Worn_crimson_paint,44
5192,Rolling_tool_trolley_001/Tray_front_lip_013,Rolling_tool_trolley_001,Worn_crimson_paint,44
5193,Rolling_tool_trolley_001/Tray_front_lip_014,Rolling_tool_trolley_001,Worn_crimson_paint,44
5194,Rolling_tool_trolley_001/Trolley_upright_015,Rolling_tool_trolley_001,Aged_black_steel,44
5195,Rolling_tool_trolley_001/Swivel_castor_016,Rolling_tool_trolley_001,Tyre_rubber,80
5196,Rolling_tool_trolley_001/Caster_fork_017,Rolling_tool_trolley_001,Aged_black_steel,44
5197,Rolling_tool_trolley_001/Hex_fastener_018,Rolling_tool_trolley_001,Brushed_alloy,24
5198,Rolling_tool_trolley_001/Trolley_upright_019,Rolling_tool_trolley_001,Aged_black_steel,44
5199,Rolling_tool_trolley_001/Swivel_castor_020,Rolling_tool_trolley_001,Tyre_rubber,80
5200,Rolling_tool_trolley_001/Caster_fork_021,Rolling_tool_trolley_001,Aged_black_steel,44
5201,Rolling_tool_trolley_001/Hex_fastener_022,Rolling_tool_trolley_001,Brushed_alloy,24
5202,Rolling_tool_trolley_001/Trolley_upright_023,Rolling_tool_trolley_001,Aged_black_steel,44
5203,Rolling_tool_trolley_001/Swivel_castor_024,Rolling_tool_trolley_001,Tyre_rubber,80
5204,Rolling_tool_trolley_001/Caster_fork_025,Rolling_tool_trolley_001,Aged_black_steel,44
5205,Rolling_tool_trolley_001/Hex_fastener_026,Rolling_tool_trolley_001,Brushed_alloy,24
5206,Rolling_tool_trolley_001/Trolley_upright_027,Rolling_tool_trolley_001,Aged_black_steel,44
5207,Rolling_tool_trolley_001/Swivel_castor_028,Rolling_tool_trolley_001,Tyre_rubber,80
5208,Rolling_tool_trolley_001/Caster_fork_029,Rolling_tool_trolley_001,Aged_black_steel,44
5209,Rolling_tool_trolley_001/Hex_fastener_030,Rolling_tool_trolley_001,Brushed_alloy,24
5210,Rolling_tool_trolley_001/Push_handle_031,Rolling_tool_trolley_001,Brushed_alloy,64
5211,Rolling_tool_trolley_001/Drawer_under_tray_032,Rolling_tool_trolley_001,Aged_black_steel,44
5212,Rolling_tool_trolley_001/Trolley_drawer_pull_033,Rolling_tool_trolley_001,Brushed_alloy,44
5213,Rolling_tool_trolley_001/Trolley_socket_001/Socket_body_000_034,Rolling_tool_trolley_001,Brushed_alloy,64
5214,Rolling_tool_trolley_001/Trolley_socket_001/Socket_lip_001_035,Rolling_tool_trolley_001,Brushed_alloy,192
5215,Rolling_tool_trolley_001/Trolley_socket_001/Socket_opening_002_036,Rolling_tool_trolley_001,Deep_charcoal,24
5216,Rolling_tool_trolley_001/Trolley_socket_001/Socket_knurl_003_037,Rolling_tool_trolley_001,Aged_black_steel,128
5217,Rolling_tool_trolley_001/Trolley_socket_002/Socket_body_000_038,Rolling_tool_trolley_001,Brushed_alloy,64
5218,Rolling_tool_trolley_001/Trolley_socket_002/Socket_lip_001_039,Rolling_tool_trolley_001,Brushed_alloy,192
5219,Rolling_tool_trolley_001/Trolley_socket_002/Socket_opening_002_040,Rolling_tool_trolley_001,Deep_charcoal,24
5220,Rolling_tool_trolley_001/Trolley_socket_002/Socket_knurl_003_041,Rolling_tool_trolley_001,Aged_black_steel,128
5221,Rolling_tool_trolley_001/Trolley_socket_003/Socket_body_000_042,Rolling_tool_trolley_001,Brushed_alloy,64
5222,Rolling_tool_trolley_001/Trolley_socket_003/Socket_lip_001_043,Rolling_tool_trolley_001,Brushed_alloy,192
5223,Rolling_tool_trolley_001/Trolley_socket_003/Socket_opening_002_044,Rolling_tool_trolley_001,Deep_charcoal,24
5224,Rolling_tool_trolley_001/Trolley_socket_003/Socket_knurl_003_045,Rolling_tool_trolley_001,Aged_black_steel,128
5225,Rolling_tool_trolley_001/Trolley_socket_004/Socket_body_000_046,Rolling_tool_trolley_001,Brushed_alloy,64
5226,Rolling_tool_trolley_001/Trolley_socket_004/Socket_lip_001_047,Rolling_tool_trolley_001,Brushed_alloy,192
5227,Rolling_tool_trolley_001/Trolley_socket_004/Socket_opening_002_048,Rolling_tool_trolley_001,Deep_charcoal,24
5228,Rolling_tool_trolley_001/Trolley_socket_004/Socket_knurl_003_049,Rolling_tool_trolley_001,Aged_black_steel,128
5229,Rolling_tool_trolley_001/Trolley_socket_005/Socket_body_000_050,Rolling_tool_trolley_001,Brushed_alloy,64
5230,Rolling_tool_trolley_001/Trolley_socket_005/Socket_lip_001_051,Rolling_tool_trolley_001,Brushed_alloy,192
5231,Rolling_tool_trolley_001/Trolley_socket_005/Socket_opening_002_052,Rolling_tool_trolley_001,Deep_charcoal,24
5232,Rolling_tool_trolley_001/Trolley_socket_005/Socket_knurl_003_053,Rolling_tool_trolley_001,Aged_black_steel,128
5233,Rolling_tool_trolley_001/Trolley_socket_006/Socket_body_000_054,Rolling_tool_trolley_001,Brushed_alloy,64
5234,Rolling_tool_trolley_001/Trolley_socket_006/Socket_lip_001_055,Rolling_tool_trolley_001,Brushed_alloy,192
5235,Rolling_tool_trolley_001/Trolley_socket_006/Socket_opening_002_056,Rolling_tool_trolley_001,Deep_charcoal,24
5236,Rolling_tool_trolley_001/Trolley_socket_006/Socket_knurl_003_057,Rolling_tool_trolley_001,Aged_black_steel,128
5237,Rolling_tool_trolley_001/Trolley_socket_007/Socket_body_000_058,Rolling_tool_trolley_001,Brushed_alloy,64
5238,Rolling_tool_trolley_001/Trolley_socket_007/Socket_lip_001_059,Rolling_tool_trolley_001,Brushed_alloy,192
5239,Rolling_tool_trolley_001/Trolley_socket_007/Socket_opening_002_060,Rolling_tool_trolley_001,Deep_charcoal,24
5240,Rolling_tool_trolley_001/Trolley_socket_007/Socket_knurl_003_061,Rolling_tool_trolley_001,Aged_black_steel,128
5241,Rolling_tool_trolley_001/Trolley_socket_008/Socket_body_000_062,Rolling_tool_trolley_001,Brushed_alloy,64
5242,Rolling_tool_trolley_001/Trolley_socket_008/Socket_lip_001_063,Rolling_tool_trolley_001,Brushed_alloy,192
5243,Rolling_tool_trolley_001/Trolley_socket_008/Socket_opening_002_064,Rolling_tool_trolley_001,Deep_charcoal,24
5244,Rolling_tool_trolley_001/Trolley_socket_008/Socket_knurl_003_065,Rolling_tool_trolley_001,Aged_black_steel,128
5245,Rolling_tool_trolley_001/Trolley_ratchet_001/Ratchet_handle_000_066,Rolling_tool_trolley_001,Brushed_alloy,64
5246,Rolling_tool_trolley_001/Trolley_ratchet_001/Ratchet_head_001_067,Rolling_tool_trolley_001,Brushed_alloy,96
5247,Rolling_tool_trolley_001/Trolley_ratchet_001/Square_drive_002_068,Rolling_tool_trolley_001,Aged_black_steel,44
5248,Rolling_tool_trolley_001/Trolley_ratchet_001/Selector_lever_003_069,Rolling_tool_trolley_001,Aged_black_steel,44
5249,Rolling_tool_trolley_001/Trolley_aerosol_001/Aerosol_can_000_070,Rolling_tool_trolley_001,Worn_crimson_paint,80
5250,Rolling_tool_trolley_001/Trolley_aerosol_001/Can_bottom_rim_001_071,Rolling_tool_trolley_001,Brushed_alloy,240
5251,Rolling_tool_trolley_001/Trolley_aerosol_001/Can_shoulder_002_072,Rolling_tool_trolley_001,Brushed_alloy,80
5252,Rolling_tool_trolley_001/Trolley_aerosol_001/Spray_cap_003_073,Rolling_tool_trolley_001,Deep_charcoal,64
5253,Rolling_tool_trolley_001/Trolley_aerosol_001/Spray_nozzle_004_074,Rolling_tool_trolley_001,Printed_labels,44
5254,Rolling_tool_trolley_001/Trolley_aerosol_001/Can_label_005_075,Rolling_tool_trolley_001,Printed_labels,44
5255,Rolling_tool_trolley_001/Trolley_aerosol_002/Aerosol_can_000_076,Rolling_tool_trolley_001,Worn_crimson_paint,80
5256,Rolling_tool_trolley_001/Trolley_aerosol_002/Can_bottom_rim_001_077,Rolling_tool_trolley_001,Brushed_alloy,240
5257,Rolling_tool_trolley_001/Trolley_aerosol_002/Can_shoulder_002_078,Rolling_tool_trolley_001,Brushed_alloy,80
5258,Rolling_tool_trolley_001/Trolley_aerosol_002/Spray_cap_003_079,Rolling_tool_trolley_001,Deep_charcoal,64
5259,Rolling_tool_trolley_001/Trolley_aerosol_002/Spray_nozzle_004_080,Rolling_tool_trolley_001,Printed_labels,44
5260,Rolling_tool_trolley_001/Trolley_aerosol_002/Can_label_005_081,Rolling_tool_trolley_001,Printed_labels,44
5261,Rolling_tool_trolley_001/Trolley_aerosol_003/Aerosol_can_000_082,Rolling_tool_trolley_001,Worn_crimson_paint,80
5262,Rolling_tool_trolley_001/Trolley_aerosol_003/Can_bottom_rim_001_083,Rolling_tool_trolley_001,Brushed_alloy,240
5263,Rolling_tool_trolley_001/Trolley_aerosol_003/Can_shoulder_002_084,Rolling_tool_trolley_001,Brushed_alloy,80
5264,Rolling_tool_trolley_001/Trolley_aerosol_003/Spray_cap_003_085,Rolling_tool_trolley_001,Deep_charcoal,64
5265,Rolling_tool_trolley_001/Trolley_aerosol_003/Spray_nozzle_004_086,Rolling_tool_trolley_001,Printed_labels,44
5266,Rolling_tool_trolley_001/Trolley_aerosol_003/Can_label_005_087,Rolling_tool_trolley_001,Printed_labels,44
5267,Rolling_tool_trolley_002/Trolley_tray_000,Rolling_tool_trolley_002,Worn_crimson_paint,44
5268,Rolling_tool_trolley_002/Tray_side_lip_001,Rolling_tool_trolley_002,Worn_crimson_paint,44
5269,Rolling_tool_trolley_002/Tray_side_lip_002,Rolling_tool_trolley_002,Worn_crimson_paint,44
5270,Rolling_tool_trolley_002/Tray_front_lip_003,Rolling_tool_trolley_002,Worn_crimson_paint,44
5271,Rolling_tool_trolley_002/Tray_front_lip_004,Rolling_tool_trolley_002,Worn_crimson_paint,44
5272,Rolling_tool_trolley_002/Trolley_tray_005,Rolling_tool_trolley_002,Worn_crimson_paint,44
5273,Rolling_tool_trolley_002/Tray_side_lip_006,Rolling_tool_trolley_002,Worn_crimson_paint,44
5274,Rolling_tool_trolley_002/Tray_side_lip_007,Rolling_tool_trolley_002,Worn_crimson_paint,44
5275,Rolling_tool_trolley_002/Tray_front_lip_008,Rolling_tool_trolley_002,Worn_crimson_paint,44
5276,Rolling_tool_trolley_002/Tray_front_lip_009,Rolling_tool_trolley_002,Worn_crimson_paint,44
5277,Rolling_tool_trolley_002/Trolley_tray_010,Rolling_tool_trolley_002,Worn_crimson_paint,44
5278,Rolling_tool_trolley_002/Tray_side_lip_011,Rolling_tool_trolley_002,Worn_crimson_paint,44
5279,Rolling_tool_trolley_002/Tray_side_lip_012,Rolling_tool_trolley_002,Worn_crimson_paint,44
5280,Rolling_tool_trolley_002/Tray_front_lip_013,Rolling_tool_trolley_002,Worn_crimson_paint,44
5281,Rolling_tool_trolley_002/Tray_front_lip_014,Rolling_tool_trolley_002,Worn_crimson_paint,44
5282,Rolling_tool_trolley_002/Trolley_upright_015,Rolling_tool_trolley_002,Aged_black_steel,44
5283,Rolling_tool_trolley_002/Swivel_castor_016,Rolling_tool_trolley_002,Tyre_rubber,80
5284,Rolling_tool_trolley_002/Caster_fork_017,Rolling_tool_trolley_002,Aged_black_steel,44
5285,Rolling_tool_trolley_002/Hex_fastener_018,Rolling_tool_trolley_002,Brushed_alloy,24
5286,Rolling_tool_trolley_002/Trolley_upright_019,Rolling_tool_trolley_002,Aged_black_steel,44
5287,Rolling_tool_trolley_002/Swivel_castor_020,Rolling_tool_trolley_002,Tyre_rubber,80
5288,Rolling_tool_trolley_002/Caster_fork_021,Rolling_tool_trolley_002,Aged_black_steel,44
5289,Rolling_tool_trolley_002/Hex_fastener_022,Rolling_tool_trolley_002,Brushed_alloy,24
5290,Rolling_tool_trolley_002/Trolley_upright_023,Rolling_tool_trolley_002,Aged_black_steel,44
5291,Rolling_tool_trolley_002/Swivel_castor_024,Rolling_tool_trolley_002,Tyre_rubber,80
5292,Rolling_tool_trolley_002/Caster_fork_025,Rolling_tool_trolley_002,Aged_black_steel,44
5293,Rolling_tool_trolley_002/Hex_fastener_026,Rolling_tool_trolley_002,Brushed_alloy,24
5294,Rolling_tool_trolley_002/Trolley_upright_027,Rolling_tool_trolley_002,Aged_black_steel,44
5295,Rolling_tool_trolley_002/Swivel_castor_028,Rolling_tool_trolley_002,Tyre_rubber,80
5296,Rolling_tool_trolley_002/Caster_fork_029,Rolling_tool_trolley_002,Aged_black_steel,44
5297,Rolling_tool_trolley_002/Hex_fastener_030,Rolling_tool_trolley_002,Brushed_alloy,24
5298,Rolling_tool_trolley_002/Push_handle_031,Rolling_tool_trolley_002,Brushed_alloy,64
5299,Rolling_tool_trolley_002/Drawer_under_tray_032,Rolling_tool_trolley_002,Aged_black_steel,44
5300,Rolling_tool_trolley_002/Trolley_drawer_pull_033,Rolling_tool_trolley_002,Brushed_alloy,44
5301,Rolling_tool_trolley_002/Trolley_socket_009/Socket_body_000_034,Rolling_tool_trolley_002,Brushed_alloy,64
5302,Rolling_tool_trolley_002/Trolley_socket_009/Socket_lip_001_035,Rolling_tool_trolley_002,Brushed_alloy,192
5303,Rolling_tool_trolley_002/Trolley_socket_009/Socket_opening_002_036,Rolling_tool_trolley_002,Deep_charcoal,24
5304,Rolling_tool_trolley_002/Trolley_socket_009/Socket_knurl_003_037,Rolling_tool_trolley_002,Aged_black_steel,128
5305,Rolling_tool_trolley_002/Trolley_socket_010/Socket_body_000_038,Rolling_tool_trolley_002,Brushed_alloy,64
5306,Rolling_tool_trolley_002/Trolley_socket_010/Socket_lip_001_039,Rolling_tool_trolley_002,Brushed_alloy,192
5307,Rolling_tool_trolley_002/Trolley_socket_010/Socket_opening_002_040,Rolling_tool_trolley_002,Deep_charcoal,24
5308,Rolling_tool_trolley_002/Trolley_socket_010/Socket_knurl_003_041,Rolling_tool_trolley_002,Aged_black_steel,128
5309,Rolling_tool_trolley_002/Trolley_socket_011/Socket_body_000_042,Rolling_tool_trolley_002,Brushed_alloy,64
5310,Rolling_tool_trolley_002/Trolley_socket_011/Socket_lip_001_043,Rolling_tool_trolley_002,Brushed_alloy,192
5311,Rolling_tool_trolley_002/Trolley_socket_011/Socket_opening_002_044,Rolling_tool_trolley_002,Deep_charcoal,24
5312,Rolling_tool_trolley_002/Trolley_socket_011/Socket_knurl_003_045,Rolling_tool_trolley_002,Aged_black_steel,128
5313,Rolling_tool_trolley_002/Trolley_socket_012/Socket_body_000_046,Rolling_tool_trolley_002,Brushed_alloy,64
5314,Rolling_tool_trolley_002/Trolley_socket_012/Socket_lip_001_047,Rolling_tool_trolley_002,Brushed_alloy,192
5315,Rolling_tool_trolley_002/Trolley_socket_012/Socket_opening_002_048,Rolling_tool_trolley_002,Deep_charcoal,24
5316,Rolling_tool_trolley_002/Trolley_socket_012/Socket_knurl_003_049,Rolling_tool_trolley_002,Aged_black_steel,128
5317,Rolling_tool_trolley_002/Trolley_socket_013/Socket_body_000_050,Rolling_tool_trolley_002,Brushed_alloy,64
5318,Rolling_tool_trolley_002/Trolley_socket_013/Socket_lip_001_051,Rolling_tool_trolley_002,Brushed_alloy,192
5319,Rolling_tool_trolley_002/Trolley_socket_013/Socket_opening_002_052,Rolling_tool_trolley_002,Deep_charcoal,24
5320,Rolling_tool_trolley_002/Trolley_socket_013/Socket_knurl_003_053,Rolling_tool_trolley_002,Aged_black_steel,128
5321,Rolling_tool_trolley_002/Trolley_socket_014/Socket_body_000_054,Rolling_tool_trolley_002,Brushed_alloy,64
5322,Rolling_tool_trolley_002/Trolley_socket_014/Socket_lip_001_055,Rolling_tool_trolley_002,Brushed_alloy,192
5323,Rolling_tool_trolley_002/Trolley_socket_014/Socket_opening_002_056,Rolling_tool_trolley_002,Deep_charcoal,24
5324,Rolling_tool_trolley_002/Trolley_socket_014/Socket_knurl_003_057,Rolling_tool_trolley_002,Aged_black_steel,128
5325,Rolling_tool_trolley_002/Trolley_socket_015/Socket_body_000_058,Rolling_tool_trolley_002,Brushed_alloy,64
5326,Rolling_tool_trolley_002/Trolley_socket_015/Socket_lip_001_059,Rolling_tool_trolley_002,Brushed_alloy,192
5327,Rolling_tool_trolley_002/Trolley_socket_015/Socket_opening_002_060,Rolling_tool_trolley_002,Deep_charcoal,24
5328,Rolling_tool_trolley_002/Trolley_socket_015/Socket_knurl_003_061,Rolling_tool_trolley_002,Aged_black_steel,128
5329,Rolling_tool_trolley_002/Trolley_socket_016/Socket_body_000_062,Rolling_tool_trolley_002,Brushed_alloy,64
5330,Rolling_tool_trolley_002/Trolley_socket_016/Socket_lip_001_063,Rolling_tool_trolley_002,Brushed_alloy,192
5331,Rolling_tool_trolley_002/Trolley_socket_016/Socket_opening_002_064,Rolling_tool_trolley_002,Deep_charcoal,24
5332,Rolling_tool_trolley_002/Trolley_socket_016/Socket_knurl_003_065,Rolling_tool_trolley_002,Aged_black_steel,128
5333,Rolling_tool_trolley_002/Trolley_ratchet_002/Ratchet_handle_000_066,Rolling_tool_trolley_002,Brushed_alloy,64
5334,Rolling_tool_trolley_002/Trolley_ratchet_002/Ratchet_head_001_067,Rolling_tool_trolley_002,Brushed_alloy,96
5335,Rolling_tool_trolley_002/Trolley_ratchet_002/Square_drive_002_068,Rolling_tool_trolley_002,Aged_black_steel,44
5336,Rolling_tool_trolley_002/Trolley_ratchet_002/Selector_lever_003_069,Rolling_tool_trolley_002,Aged_black_steel,44
5337,Rolling_tool_trolley_002/Trolley_aerosol_004/Aerosol_can_000_070,Rolling_tool_trolley_002,Worn_crimson_paint,80
5338,Rolling_tool_trolley_002/Trolley_aerosol_004/Can_bottom_rim_001_071,Rolling_tool_trolley_002,Brushed_alloy,240
5339,Rolling_tool_trolley_002/Trolley_aerosol_004/Can_shoulder_002_072,Rolling_tool_trolley_002,Brushed_alloy,80
5340,Rolling_tool_trolley_002/Trolley_aerosol_004/Spray_cap_003_073,Rolling_tool_trolley_002,Deep_charcoal,64
5341,Rolling_tool_trolley_002/Trolley_aerosol_004/Spray_nozzle_004_074,Rolling_tool_trolley_002,Printed_labels,44
5342,Rolling_tool_trolley_002/Trolley_aerosol_004/Can_label_005_075,Rolling_tool_trolley_002,Printed_labels,44
5343,Rolling_tool_trolley_002/Trolley_aerosol_005/Aerosol_can_000_076,Rolling_tool_trolley_002,Worn_crimson_paint,80
5344,Rolling_tool_trolley_002/Trolley_aerosol_005/Can_bottom_rim_001_077,Rolling_tool_trolley_002,Brushed_alloy,240
5345,Rolling_tool_trolley_002/Trolley_aerosol_005/Can_shoulder_002_078,Rolling_tool_trolley_002,Brushed_alloy,80
5346,Rolling_tool_trolley_002/Trolley_aerosol_005/Spray_cap_003_079,Rolling_tool_trolley_002,Deep_charcoal,64
5347,Rolling_tool_trolley_002/Trolley_aerosol_005/Spray_nozzle_004_080,Rolling_tool_trolley_002,Printed_labels,44
5348,Rolling_tool_trolley_002/Trolley_aerosol_005/Can_label_005_081,Rolling_tool_trolley_002,Printed_labels,44
5349,Rolling_tool_trolley_002/Trolley_aerosol_006/Aerosol_can_000_082,Rolling_tool_trolley_002,Worn_crimson_paint,80
5350,Rolling_tool_trolley_002/Trolley_aerosol_006/Can_bottom_rim_001_083,Rolling_tool_trolley_002,Brushed_alloy,240
5351,Rolling_tool_trolley_002/Trolley_aerosol_006/Can_shoulder_002_084,Rolling_tool_trolley_002,Brushed_alloy,80
5352,Rolling_tool_trolley_002/Trolley_aerosol_006/Spray_cap_003_085,Rolling_tool_trolley_002,Deep_charcoal,64
5353,Rolling_tool_trolley_002/Trolley_aerosol_006/Spray_nozzle_004_086,Rolling_tool_trolley_002,Printed_labels,44
5354,Rolling_tool_trolley_002/Trolley_aerosol_006/Can_label_005_087,Rolling_tool_trolley_002,Printed_labels,44
5355,Red_floor_jack_001/Jack_side_frame_000,Red_floor_jack_001,Worn_crimson_paint,44
5356,Red_floor_jack_001/Jack_side_frame_001,Red_floor_jack_001,Worn_crimson_paint,44
5357,Red_floor_jack_001/Jack_axle_002,Red_floor_jack_001,Brushed_alloy,64
5358,Red_floor_jack_001/Jack_wheel_003,Red_floor_jack_001,Tyre_rubber,80
5359,Red_floor_jack_001/Jack_wheel_004,Red_floor_jack_001,Tyre_rubber,80
5360,Red_floor_jack_001/Jack_axle_005,Red_floor_jack_001,Brushed_alloy,64
5361,Red_floor_jack_001/Jack_wheel_006,Red_floor_jack_001,Tyre_rubber,80
5362,Red_floor_jack_001/Jack_wheel_007,Red_floor_jack_001,Tyre_rubber,80
5363,Red_floor_jack_001/Jack_cross_plate_008,Red_floor_jack_001,Aged_black_steel,44
5364,Red_floor_jack_001/Jack_lifting_arm_009,Red_floor_jack_001,Worn_crimson_paint,44
5365,Red_floor_jack_001/Hex_fastener_010,Red_floor_jack_001,Brushed_alloy,24
5366,Red_floor_jack_001/Jack_lifting_arm_011,Red_floor_jack_001,Worn_crimson_paint,44
5367,Red_floor_jack_001/Hex_fastener_012,Red_floor_jack_001,Brushed_alloy,24
5368,Red_floor_jack_001/Jack_saddle_013,Red_floor_jack_001,Aged_black_steel,96
5369,Red_floor_jack_001/Jack_rubber_pad_014,Red_floor_jack_001,Tyre_rubber,96
5370,Red_floor_jack_001/Jack_hydraulic_ram_015,Red_floor_jack_001,Aged_black_steel,80
5371,Red_floor_jack_001/Long_jack_handle_016,Red_floor_jack_001,Brushed_alloy,64
5372,Red_floor_jack_001/Jack_handle_grip_017,Red_floor_jack_001,Tyre_rubber,64
5373,Red_floor_jack_001/Pump_pivot_018,Red_floor_jack_001,Brushed_alloy,64
5374,Air_compressor_001/Compressor_tank_000,Air_compressor_001,Workshop_blue_paint,128
5375,Air_compressor_001/Tank_end_dome_001,Air_compressor_001,Workshop_blue_paint,128
5376,Air_compressor_001/Tank_end_dome_002,Air_compressor_001,Workshop_blue_paint,128
5377,Air_compressor_001/Compressor_wheel_003,Air_compressor_001,Tyre_rubber,96
5378,Air_compressor_001/Tank_foot_004,Air_compressor_001,Aged_black_steel,44
5379,Air_compressor_001/Compressor_wheel_005,Air_compressor_001,Tyre_rubber,96
5380,Air_compressor_001/Tank_foot_006,Air_compressor_001,Aged_black_steel,44
5381,Air_compressor_001/Compressor_motor_007,Air_compressor_001,Aged_black_steel,44
5382,Air_compressor_001/Cooling_fin_008,Air_compressor_001,Brushed_alloy,44
5383,Air_compressor_001/Cooling_fin_009,Air_compressor_001,Brushed_alloy,44
5384,Air_compressor_001/Cooling_fin_010,Air_compressor_001,Brushed_alloy,44
5385,Air_compressor_001/Cooling_fin_011,Air_compressor_001,Brushed_alloy,44
5386,Air_compressor_001/Cooling_fin_012,Air_compressor_001,Brushed_alloy,44
5387,Air_compressor_001/Cooling_fin_013,Air_compressor_001,Brushed_alloy,44
5388,Air_compressor_001/Cooling_fin_014,Air_compressor_001,Brushed_alloy,44
5389,Air_compressor_001/Cooling_fin_015,Air_compressor_001,Brushed_alloy,44
5390,Air_compressor_001/Cooling_fin_016,Air_compressor_001,Brushed_alloy,44
5391,Air_compressor_001/Air_filter_017,Air_compressor_001,Deep_charcoal,80
5392,Air_compressor_001/Air_manifold_018,Air_compressor_001,Valve_brass,64
5393,Air_compressor_001/Pressure_gauge_019,Air_compressor_001,Brushed_alloy,96
5394,Air_compressor_001/Gauge_face_020,Air_compressor_001,Printed_labels,96
5395,Air_compressor_001/Gauge_needle_021,Air_compressor_001,Worn_crimson_paint,44
5396,Air_compressor_001/Gauge_tick_022,Air_compressor_001,Deep_charcoal,12
5397,Air_compressor_001/Gauge_tick_023,Air_compressor_001,Deep_charcoal,12
5398,Air_compressor_001/Gauge_tick_024,Air_compressor_001,Deep_charcoal,12
5399,Air_compressor_001/Gauge_tick_025,Air_compressor_001,Deep_charcoal,12
5400,Air_compressor_001/Gauge_tick_026,Air_compressor_001,Deep_charcoal,12
5401,Air_compressor_001/Gauge_tick_027,Air_compressor_001,Deep_charcoal,12
5402,Air_compressor_001/Gauge_tick_028,Air_compressor_001,Deep_charcoal,12
5403,Air_compressor_001/Flexible_hose_029,Air_compressor_001,Hand_tool_orange,48
5404,Air_compressor_001/Flexible_hose_030,Air_compressor_001,Hand_tool_orange,48
5405,Air_compressor_001/Flexible_hose_031,Air_compressor_001,Hand_tool_orange,48
5406,Welder_with_gas_trolley_001/Welding_cart_base_000,Welder_with_gas_trolley_001,Aged_black_steel,44
5407,Welder_with_gas_trolley_001/Welding_cart_wheel_001,Welder_with_gas_trolley_001,Tyre_rubber,80
5408,Welder_with_gas_trolley_001/Welding_cart_wheel_002,Welder_with_gas_trolley_001,Tyre_rubber,80
5409,Welder_with_gas_trolley_001/Welding_cart_wheel_003,Welder_with_gas_trolley_001,Tyre_rubber,80
5410,Welder_with_gas_trolley_001/Welding_cart_wheel_004,Welder_with_gas_trolley_001,Tyre_rubber,80
5411,Welder_with_gas_trolley_001/Cart_frame_leg_005,Welder_with_gas_trolley_001,Aged_black_steel,44
5412,Welder_with_gas_trolley_001/Cart_frame_leg_006,Welder_with_gas_trolley_001,Aged_black_steel,44
5413,Welder_with_gas_trolley_001/Welder_case_007,Welder_with_gas_trolley_001,Worn_crimson_paint,44
5414,Welder_with_gas_trolley_001/Welder_front_panel_008,Welder_with_gas_trolley_001,Deep_charcoal,44
5415,Welder_with_gas_trolley_001/Welder_control_knob_009,Welder_with_gas_trolley_001,Tyre_rubber,64
5416,Welder_with_gas_trolley_001/Welder_control_knob_010,Welder_with_gas_trolley_001,Tyre_rubber,64
5417,Welder_with_gas_trolley_001/Cable_connector_011,Welder_with_gas_trolley_001,Valve_brass,64
5418,Welder_with_gas_trolley_001/Cable_connector_012,Welder_with_gas_trolley_001,Valve_brass,64
5419,Welder_with_gas_trolley_001/Welder_air_vent_013,Welder_with_gas_trolley_001,Deep_charcoal,12
5420,Welder_with_gas_trolley_001/Welder_air_vent_014,Welder_with_gas_trolley_001,Deep_charcoal,12
5421,Welder_with_gas_trolley_001/Welder_air_vent_015,Welder_with_gas_trolley_001,Deep_charcoal,12
5422,Welder_with_gas_trolley_001/Welder_air_vent_016,Welder_with_gas_trolley_001,Deep_charcoal,12
5423,Welder_with_gas_trolley_001/Welder_air_vent_017,Welder_with_gas_trolley_001,Deep_charcoal,12
5424,Welder_with_gas_trolley_001/Welder_air_vent_018,Welder_with_gas_trolley_001,Deep_charcoal,12
5425,Welder_with_gas_trolley_001/Welder_air_vent_019,Welder_with_gas_trolley_001,Deep_charcoal,12
5426,Welder_with_gas_trolley_001/Welder_air_vent_020,Welder_with_gas_trolley_001,Deep_charcoal,12
5427,Welder_with_gas_trolley_001/Welder_air_vent_021,Welder_with_gas_trolley_001,Deep_charcoal,12
5428,Welder_with_gas_trolley_001/Welder_air_vent_022,Welder_with_gas_trolley_001,Deep_charcoal,12
5429,Welder_with_gas_trolley_001/Welder_air_vent_023,Welder_with_gas_trolley_001,Deep_charcoal,12
5430,Welder_with_gas_trolley_001/Welder_air_vent_024,Welder_with_gas_trolley_001,Deep_charcoal,12
5431,Welder_with_gas_trolley_001/Welder_air_vent_025,Welder_with_gas_trolley_001,Deep_charcoal,12
5432,Welder_with_gas_trolley_001/Welder_air_vent_026,Welder_with_gas_trolley_001,Deep_charcoal,12
5433,Welder_with_gas_trolley_001/Shielding_gas_bottle_027,Welder_with_gas_trolley_001,Coolant_bottle_green,96
5434,Welder_with_gas_trolley_001/Gas_bottle_shoulder_028,Welder_with_gas_trolley_001,Coolant_bottle_green,96
5435,Welder_with_gas_trolley_001/Gas_valve_029,Welder_with_gas_trolley_001,Valve_brass,64
5436,Welder_with_gas_trolley_001/Gas_valve_handwheel_030,Welder_with_gas_trolley_001,Worn_crimson_paint,240
5437,Welder_with_gas_trolley_001/Bottle_restraint_031,Welder_with_gas_trolley_001,Aged_black_steel,288
5438,Welder_with_gas_trolley_001/Bottle_restraint_032,Welder_with_gas_trolley_001,Aged_black_steel,288
5439,Welder_with_gas_trolley_001/Welding_cable_coil_033,Welder_with_gas_trolley_001,Tyre_rubber,384
5440,Welder_with_gas_trolley_001/Welding_cable_coil_034,Welder_with_gas_trolley_001,Tyre_rubber,384
5441,Welder_with_gas_trolley_001/Welding_cable_coil_035,Welder_with_gas_trolley_001,Tyre_rubber,384
5442,Welder_with_gas_trolley_001/Welding_cable_coil_036,Welder_with_gas_trolley_001,Tyre_rubber,384
5443,Welder_with_gas_trolley_001/Welding_cable_coil_037,Welder_with_gas_trolley_001,Tyre_rubber,384
5444,Welder_with_gas_trolley_001/Welding_cable_coil_038,Welder_with_gas_trolley_001,Tyre_rubber,384
5445,Welder_with_gas_trolley_001/Flexible_hose_039,Welder_with_gas_trolley_001,Tyre_rubber,48
5446,Welder_with_gas_trolley_001/Flexible_hose_040,Welder_with_gas_trolley_001,Tyre_rubber,48
5447,Spare_inline_engine_in_corner_001/Engine_stand_foot_000,Spare_inline_engine_in_corner_001,Worn_crimson_paint,44
5448,Spare_inline_engine_in_corner_001/Stand_caster_001,Spare_inline_engine_in_corner_001,Tyre_rubber,80
5449,Spare_inline_engine_in_corner_001/Stand_caster_002,Spare_inline_engine_in_corner_001,Tyre_rubber,80
5450,Spare_inline_engine_in_corner_001/Engine_stand_foot_003,Spare_inline_engine_in_corner_001,Worn_crimson_paint,44
5451,Spare_inline_engine_in_corner_001/Stand_caster_004,Spare_inline_engine_in_corner_001,Tyre_rubber,80
5452,Spare_inline_engine_in_corner_001/Stand_caster_005,Spare_inline_engine_in_corner_001,Tyre_rubber,80
5453,Spare_inline_engine_in_corner_001/Stand_spine_006,Spare_inline_engine_in_corner_001,Worn_crimson_paint,44
5454,Spare_inline_engine_in_corner_001/Stand_vertical_post_007,Spare_inline_engine_in_corner_001,Worn_crimson_paint,44
5455,Spare_inline_engine_in_corner_001/Rotating_mount_head_008,Spare_inline_engine_in_corner_001,Aged_black_steel,96
5456,Spare_inline_engine_in_corner_001/Engine_block_009,Spare_inline_engine_in_corner_001,Aged_black_steel,44
5457,Spare_inline_engine_in_corner_001/Cylinder_head_010,Spare_inline_engine_in_corner_001,Brushed_alloy,44
5458,Spare_inline_engine_in_corner_001/Valve_cover_011,Spare_inline_engine_in_corner_001,Worn_crimson_paint,44
5459,Spare_inline_engine_in_corner_001/Hex_fastener_012,Spare_inline_engine_in_corner_001,Brushed_alloy,24
5460,Spare_inline_engine_in_corner_001/Hex_fastener_013,Spare_inline_engine_in_corner_001,Brushed_alloy,24
5461,Spare_inline_engine_in_corner_001/Hex_fastener_014,Spare_inline_engine_in_corner_001,Brushed_alloy,24
5462,Spare_inline_engine_in_corner_001/Hex_fastener_015,Spare_inline_engine_in_corner_001,Brushed_alloy,24
5463,Spare_inline_engine_in_corner_001/Hex_fastener_016,Spare_inline_engine_in_corner_001,Brushed_alloy,24
5464,Spare_inline_engine_in_corner_001/Hex_fastener_017,Spare_inline_engine_in_corner_001,Brushed_alloy,24
5465,Spare_inline_engine_in_corner_001/Hex_fastener_018,Spare_inline_engine_in_corner_001,Brushed_alloy,24
5466,Spare_inline_engine_in_corner_001/Hex_fastener_019,Spare_inline_engine_in_corner_001,Brushed_alloy,24
5467,Spare_inline_engine_in_corner_001/Hex_fastener_020,Spare_inline_engine_in_corner_001,Brushed_alloy,24
5468,Spare_inline_engine_in_corner_001/Hex_fastener_021,Spare_inline_engine_in_corner_001,Brushed_alloy,24
5469,Spare_inline_engine_in_corner_001/Manifold_runner_022,Spare_inline_engine_in_corner_001,Brushed_alloy,48
5470,Spare_inline_engine_in_corner_001/Manifold_runner_023,Spare_inline_engine_in_corner_001,Brushed_alloy,48
5471,Spare_inline_engine_in_corner_001/Manifold_runner_024,Spare_inline_engine_in_corner_001,Brushed_alloy,48
5472,Spare_inline_engine_in_corner_001/Spark_plug_025,Spare_inline_engine_in_corner_001,Printed_labels,48
5473,Spare_inline_engine_in_corner_001/Manifold_runner_026,Spare_inline_engine_in_corner_001,Brushed_alloy,48
5474,Spare_inline_engine_in_corner_001/Manifold_runner_027,Spare_inline_engine_in_corner_001,Brushed_alloy,48
5475,Spare_inline_engine_in_corner_001/Manifold_runner_028,Spare_inline_engine_in_corner_001,Brushed_alloy,48
5476,Spare_inline_engine_in_corner_001/Spark_plug_029,Spare_inline_engine_in_corner_001,Printed_labels,48
5477,Spare_inline_engine_in_corner_001/Manifold_runner_030,Spare_inline_engine_in_corner_001,Brushed_alloy,48
5478,Spare_inline_engine_in_corner_001/Manifold_runner_031,Spare_inline_engine_in_corner_001,Brushed_alloy,48
5479,Spare_inline_engine_in_corner_001/Manifold_runner_032,Spare_inline_engine_in_corner_001,Brushed_alloy,48
5480,Spare_inline_engine_in_corner_001/Spark_plug_033,Spare_inline_engine_in_corner_001,Printed_labels,48
5481,Spare_inline_engine_in_corner_001/Manifold_runner_034,Spare_inline_engine_in_corner_001,Brushed_alloy,48
5482,Spare_inline_engine_in_corner_001/Manifold_runner_035,Spare_inline_engine_in_corner_001,Brushed_alloy,48
5483,Spare_inline_engine_in_corner_001/Manifold_runner_036,Spare_inline_engine_in_corner_001,Brushed_alloy,48
5484,Spare_inline_engine_in_corner_001/Spark_plug_037,Spare_inline_engine_in_corner_001,Printed_labels,48
5485,Spare_inline_engine_in_corner_001/Front_pulley_038,Spare_inline_engine_in_corner_001,Aged_black_steel,96
5486,Spare_inline_engine_in_corner_001/Pulley_belt_groove_039,Spare_inline_engine_in_corner_001,Tyre_rubber,288
5487,Spare_inline_engine_in_corner_001/Hex_fastener_040,Spare_inline_engine_in_corner_001,Brushed_alloy,24
5488,Spare_inline_engine_in_corner_001/Front_pulley_041,Spare_inline_engine_in_corner_001,Aged_black_steel,96
5489,Spare_inline_engine_in_corner_001/Pulley_belt_groove_042,Spare_inline_engine_in_corner_001,Tyre_rubber,288
5490,Spare_inline_engine_in_corner_001/Hex_fastener_043,Spare_inline_engine_in_corner_001,Brushed_alloy,24
5491,Spare_inline_engine_in_corner_001/Front_pulley_044,Spare_inline_engine_in_corner_001,Aged_black_steel,96
5492,Spare_inline_engine_in_corner_001/Pulley_belt_groove_045,Spare_inline_engine_in_corner_001,Tyre_rubber,288
5493,Spare_inline_engine_in_corner_001/Hex_fastener_046,Spare_inline_engine_in_corner_001,Brushed_alloy,24
5494,Spare_inline_engine_in_corner_001/Hex_fastener_047,Spare_inline_engine_in_corner_001,Brushed_alloy,24
5495,Spare_inline_engine_in_corner_001/Hex_fastener_048,Spare_inline_engine_in_corner_001,Brushed_alloy,24
5496,Spare_inline_engine_in_corner_001/Hex_fastener_049,Spare_inline_engine_in_corner_001,Brushed_alloy,24
5497,Spare_inline_engine_in_corner_001/Hex_fastener_050,Spare_inline_engine_in_corner_001,Brushed_alloy,24
5498,Spare_inline_engine_in_corner_001/Hex_fastener_051,Spare_inline_engine_in_corner_001,Brushed_alloy,24
5499,Spare_inline_engine_in_corner_001/Hex_fastener_052,Spare_inline_engine_in_corner_001,Brushed_alloy,24
5500,Spare_inline_engine_in_corner_001/Hex_fastener_053,Spare_inline_engine_in_corner_001,Brushed_alloy,24
5501,Spare_inline_engine_in_corner_001/Hex_fastener_054,Spare_inline_engine_in_corner_001,Brushed_alloy,24
5502,Spare_inline_engine_in_corner_001/Oil_sump_055,Spare_inline_engine_in_corner_001,Aged_black_steel,44
5503,Spare_inline_engine_in_corner_001/Oil_filter_056,Spare_inline_engine_in_corner_001,Worn_crimson_paint,80
5504,Spare_inline_engine_in_corner_001/Block_casting_rib_057,Spare_inline_engine_in_corner_001,Aged_black_steel,44
5505,Spare_inline_engine_in_corner_001/Block_casting_rib_058,Spare_inline_engine_in_corner_001,Aged_black_steel,44
5506,Spare_inline_engine_in_corner_001/Block_casting_rib_059,Spare_inline_engine_in_corner_001,Aged_black_steel,44
5507,Spare_inline_engine_in_corner_001/Block_casting_rib_060,Spare_inline_engine_in_corner_001,Aged_black_steel,44
5508,Spare_inline_engine_in_corner_001/Block_casting_rib_061,Spare_inline_engine_in_corner_001,Aged_black_steel,44
5509,Spare_inline_engine_in_corner_001/Block_casting_rib_062,Spare_inline_engine_in_corner_001,Aged_black_steel,44
5510,Spare_inline_engine_in_corner_001/Block_casting_rib_063,Spare_inline_engine_in_corner_001,Aged_black_steel,44
5511,Spare_inline_engine_in_corner_001/Block_casting_rib_064,Spare_inline_engine_in_corner_001,Aged_black_steel,44
5512,Spare_inline_engine_in_corner_001/Exhaust_port_065,Spare_inline_engine_in_corner_001,Deep_charcoal,64
5513,Spare_inline_engine_in_corner_001/Four_into_one_header_066,Spare_inline_engine_in_corner_001,Brushed_alloy,48
5514,Spare_inline_engine_in_corner_001/Four_into_one_header_067,Spare_inline_engine_in_corner_001,Brushed_alloy,48
5515,Spare_inline_engine_in_corner_001/Four_into_one_header_068,Spare_inline_engine_in_corner_001,Brushed_alloy,48
5516,Spare_inline_engine_in_corner_001/Exhaust_port_069,Spare_inline_engine_in_corner_001,Deep_charcoal,64
5517,Spare_inline_engine_in_corner_001/Four_into_one_header_070,Spare_inline_engine_in_corner_001,Brushed_alloy,48
5518,Spare_inline_engine_in_corner_001/Four_into_one_header_071,Spare_inline_engine_in_corner_001,Brushed_alloy,48
5519,Spare_inline_engine_in_corner_001/Four_into_one_header_072,Spare_inline_engine_in_corner_001,Brushed_alloy,48
5520,Spare_inline_engine_in_corner_001/Exhaust_port_073,Spare_inline_engine_in_corner_001,Deep_charcoal,64
5521,Spare_inline_engine_in_corner_001/Four_into_one_header_074,Spare_inline_engine_in_corner_001,Brushed_alloy,48
5522,Spare_inline_engine_in_corner_001/Four_into_one_header_075,Spare_inline_engine_in_corner_001,Brushed_alloy,48
5523,Spare_inline_engine_in_corner_001/Four_into_one_header_076,Spare_inline_engine_in_corner_001,Brushed_alloy,48
5524,Spare_inline_engine_in_corner_001/Exhaust_port_077,Spare_inline_engine_in_corner_001,Deep_charcoal,64
5525,Spare_inline_engine_in_corner_001/Four_into_one_header_078,Spare_inline_engine_in_corner_001,Brushed_alloy,48
5526,Spare_inline_engine_in_corner_001/Four_into_one_header_079,Spare_inline_engine_in_corner_001,Brushed_alloy,48
5527,Spare_inline_engine_in_corner_001/Four_into_one_header_080,Spare_inline_engine_in_corner_001,Brushed_alloy,48
5528,Spare_inline_engine_in_corner_001/Crankshaft_front_hub_081,Spare_inline_engine_in_corner_001,Brushed_alloy,96
5529,Spare_inline_engine_in_corner_001/Alternator_housing_082,Spare_inline_engine_in_corner_001,Brushed_alloy,96
5530,Spare_inline_engine_in_corner_001/Alternator_casting_fin_083,Spare_inline_engine_in_corner_001,Aged_black_steel,240
5531,Spare_inline_engine_in_corner_001/Alternator_casting_fin_084,Spare_inline_engine_in_corner_001,Aged_black_steel,240
5532,Spare_inline_engine_in_corner_001/Alternator_casting_fin_085,Spare_inline_engine_in_corner_001,Aged_black_steel,240
5533,Spare_inline_engine_in_corner_001/Alternator_casting_fin_086,Spare_inline_engine_in_corner_001,Aged_black_steel,240
5534,Spare_inline_engine_in_corner_001/Alternator_casting_fin_087,Spare_inline_engine_in_corner_001,Aged_black_steel,240
5535,Spare_inline_engine_in_corner_001/Alternator_casting_fin_088,Spare_inline_engine_in_corner_001,Aged_black_steel,240
5536,Spare_inline_engine_in_corner_001/Intake_plenum_089,Spare_inline_engine_in_corner_001,Brushed_alloy,44
5537,Spare_inline_engine_in_corner_001/Throttle_body_090,Spare_inline_engine_in_corner_001,Brushed_alloy,96
5538,Spare_inline_engine_in_corner_001/Open_throttle_bore_091,Spare_inline_engine_in_corner_001,Deep_charcoal,96
5539,Spare_inline_engine_in_corner_001/Oil_filler_cap_092,Spare_inline_engine_in_corner_001,Deep_charcoal,64
5540,Spare_inline_engine_in_corner_001/Oil_dipstick_093,Spare_inline_engine_in_corner_001,Brushed_alloy,64
5541,Spare_inline_engine_in_corner_001/Dipstick_pull_loop_094,Spare_inline_engine_in_corner_001,Safety_yellow_paint,192
5542,Spare_inline_engine_in_corner_001/Engine_coolant_hose_095,Spare_inline_engine_in_corner_001,Tyre_rubber,48
5543,Spare_inline_engine_in_corner_001/Engine_coolant_hose_096,Spare_inline_engine_in_corner_001,Tyre_rubber,48
5544,Spare_inline_engine_in_corner_001/Ignition_wire_097,Spare_inline_engine_in_corner_001,Tyre_rubber,48
5545,Spare_inline_engine_in_corner_001/Ignition_wire_098,Spare_inline_engine_in_corner_001,Tyre_rubber,48
5546,Spare_inline_engine_in_corner_001/Ignition_wire_099,Spare_inline_engine_in_corner_001,Tyre_rubber,48
5547,Spare_inline_engine_in_corner_001/Ignition_wire_100,Spare_inline_engine_in_corner_001,Tyre_rubber,48
5548,Spare_inline_engine_in_corner_001/Ignition_wire_101,Spare_inline_engine_in_corner_001,Tyre_rubber,48
5549,Spare_inline_engine_in_corner_001/Ignition_wire_102,Spare_inline_engine_in_corner_001,Tyre_rubber,48
5550,Spare_inline_engine_in_corner_001/Ignition_wire_103,Spare_inline_engine_in_corner_001,Tyre_rubber,48
5551,Spare_inline_engine_in_corner_001/Ignition_wire_104,Spare_inline_engine_in_corner_001,Tyre_rubber,48
5552,Radial_car_tyre_stack_001/Stacked_car_tyre_001/Tyre_carcass_235_40_R18_000_000,Radial_car_tyre_stack_001,Tyre_rubber,3072
5553,Radial_car_tyre_stack_001/Stacked_car_tyre_001/Tread_block_001_001,Radial_car_tyre_stack_001,Tyre_rubber,28
5554,Radial_car_tyre_stack_001/Stacked_car_tyre_001/Tread_block_002_002,Radial_car_tyre_stack_001,Tyre_rubber,28
5555,Radial_car_tyre_stack_001/Stacked_car_tyre_001/Tread_block_003_003,Radial_car_tyre_stack_001,Tyre_rubber,28
5556,Radial_car_tyre_stack_001/Stacked_car_tyre_001/Tread_block_004_004,Radial_car_tyre_stack_001,Tyre_rubber,28
5557,Radial_car_tyre_stack_001/Stacked_car_tyre_001/Tread_block_005_005,Radial_car_tyre_stack_001,Tyre_rubber,28
5558,Radial_car_tyre_stack_001/Stacked_car_tyre_001/Tread_block_006_006,Radial_car_tyre_stack_001,Tyre_rubber,28
5559,Radial_car_tyre_stack_001/Stacked_car_tyre_001/Tread_block_007_007,Radial_car_tyre_stack_001,Tyre_rubber,28
5560,Radial_car_tyre_stack_001/Stacked_car_tyre_001/Tread_block_008_008,Radial_car_tyre_stack_001,Tyre_rubber,28
5561,Radial_car_tyre_stack_001/Stacked_car_tyre_001/Tread_block_009_009,Radial_car_tyre_stack_001,Tyre_rubber,28
5562,Radial_car_tyre_stack_001/Stacked_car_tyre_001/Tread_block_010_010,Radial_car_tyre_stack_001,Tyre_rubber,28
5563,Radial_car_tyre_stack_001/Stacked_car_tyre_001/Tread_block_011_011,Radial_car_tyre_stack_001,Tyre_rubber,28
5564,Radial_car_tyre_stack_001/Stacked_car_tyre_001/Tread_block_012_012,Radial_car_tyre_stack_001,Tyre_rubber,28
5565,Radial_car_tyre_stack_001/Stacked_car_tyre_001/Tread_block_013_013,Radial_car_tyre_stack_001,Tyre_rubber,28
5566,Radial_car_tyre_stack_001/Stacked_car_tyre_001/Tread_block_014_014,Radial_car_tyre_stack_001,Tyre_rubber,28
5567,Radial_car_tyre_stack_001/Stacked_car_tyre_001/Tread_block_015_015,Radial_car_tyre_stack_001,Tyre_rubber,28
5568,Radial_car_tyre_stack_001/Stacked_car_tyre_001/Tread_block_016_016,Radial_car_tyre_stack_001,Tyre_rubber,28
5569,Radial_car_tyre_stack_001/Stacked_car_tyre_001/Tread_block_017_017,Radial_car_tyre_stack_001,Tyre_rubber,28
5570,Radial_car_tyre_stack_001/Stacked_car_tyre_001/Tread_block_018_018,Radial_car_tyre_stack_001,Tyre_rubber,28
5571,Radial_car_tyre_stack_001/Stacked_car_tyre_001/Tread_block_019_019,Radial_car_tyre_stack_001,Tyre_rubber,28
5572,Radial_car_tyre_stack_001/Stacked_car_tyre_001/Tread_block_020_020,Radial_car_tyre_stack_001,Tyre_rubber,28
5573,Radial_car_tyre_stack_001/Stacked_car_tyre_001/Tread_block_021_021,Radial_car_tyre_stack_001,Tyre_rubber,28
5574,Radial_car_tyre_stack_001/Stacked_car_tyre_001/Tread_block_022_022,Radial_car_tyre_stack_001,Tyre_rubber,28
5575,Radial_car_tyre_stack_001/Stacked_car_tyre_001/Tread_block_023_023,Radial_car_tyre_stack_001,Tyre_rubber,28
5576,Radial_car_tyre_stack_001/Stacked_car_tyre_001/Tread_block_024_024,Radial_car_tyre_stack_001,Tyre_rubber,28
5577,Radial_car_tyre_stack_001/Stacked_car_tyre_001/Tread_block_025_025,Radial_car_tyre_stack_001,Tyre_rubber,28
5578,Radial_car_tyre_stack_001/Stacked_car_tyre_001/Tread_block_026_026,Radial_car_tyre_stack_001,Tyre_rubber,28
5579,Radial_car_tyre_stack_001/Stacked_car_tyre_001/Tread_block_027_027,Radial_car_tyre_stack_001,Tyre_rubber,28
5580,Radial_car_tyre_stack_001/Stacked_car_tyre_001/Tread_block_028_028,Radial_car_tyre_stack_001,Tyre_rubber,28
5581,Radial_car_tyre_stack_001/Stacked_car_tyre_001/Tread_block_029_029,Radial_car_tyre_stack_001,Tyre_rubber,28
5582,Radial_car_tyre_stack_001/Stacked_car_tyre_001/Tread_block_030_030,Radial_car_tyre_stack_001,Tyre_rubber,28
5583,Radial_car_tyre_stack_001/Stacked_car_tyre_001/Tread_block_031_031,Radial_car_tyre_stack_001,Tyre_rubber,28
5584,Radial_car_tyre_stack_001/Stacked_car_tyre_001/Tread_block_032_032,Radial_car_tyre_stack_001,Tyre_rubber,28
5585,Radial_car_tyre_stack_001/Stacked_car_tyre_001/Tread_block_033_033,Radial_car_tyre_stack_001,Tyre_rubber,28
5586,Radial_car_tyre_stack_001/Stacked_car_tyre_001/Tread_block_034_034,Radial_car_tyre_stack_001,Tyre_rubber,28
5587,Radial_car_tyre_stack_001/Stacked_car_tyre_001/Tread_block_035_035,Radial_car_tyre_stack_001,Tyre_rubber,28
5588,Radial_car_tyre_stack_001/Stacked_car_tyre_001/Tread_block_036_036,Radial_car_tyre_stack_001,Tyre_rubber,28
5589,Radial_car_tyre_stack_001/Stacked_car_tyre_001/Tread_block_037_037,Radial_car_tyre_stack_001,Tyre_rubber,28
5590,Radial_car_tyre_stack_001/Stacked_car_tyre_001/Tread_block_038_038,Radial_car_tyre_stack_001,Tyre_rubber,28
5591,Radial_car_tyre_stack_001/Stacked_car_tyre_001/Tread_block_039_039,Radial_car_tyre_stack_001,Tyre_rubber,28
5592,Radial_car_tyre_stack_001/Stacked_car_tyre_001/Tread_block_040_040,Radial_car_tyre_stack_001,Tyre_rubber,28
5593,Radial_car_tyre_stack_001/Stacked_car_tyre_001/Tread_block_041_041,Radial_car_tyre_stack_001,Tyre_rubber,28
5594,Radial_car_tyre_stack_001/Stacked_car_tyre_001/Tread_block_042_042,Radial_car_tyre_stack_001,Tyre_rubber,28
5595,Radial_car_tyre_stack_001/Stacked_car_tyre_001/Tread_block_043_043,Radial_car_tyre_stack_001,Tyre_rubber,28
5596,Radial_car_tyre_stack_001/Stacked_car_tyre_001/Tread_block_044_044,Radial_car_tyre_stack_001,Tyre_rubber,28
5597,Radial_car_tyre_stack_001/Stacked_car_tyre_001/Tread_block_045_045,Radial_car_tyre_stack_001,Tyre_rubber,28
5598,Radial_car_tyre_stack_001/Stacked_car_tyre_001/Tread_block_046_046,Radial_car_tyre_stack_001,Tyre_rubber,28
5599,Radial_car_tyre_stack_001/Stacked_car_tyre_001/Tread_block_047_047,Radial_car_tyre_stack_001,Tyre_rubber,28
5600,Radial_car_tyre_stack_001/Stacked_car_tyre_001/Tread_block_048_048,Radial_car_tyre_stack_001,Tyre_rubber,28
5601,Radial_car_tyre_stack_001/Stacked_car_tyre_001/Tread_block_049_049,Radial_car_tyre_stack_001,Tyre_rubber,28
5602,Radial_car_tyre_stack_001/Stacked_car_tyre_001/Tread_block_050_050,Radial_car_tyre_stack_001,Tyre_rubber,28
5603,Radial_car_tyre_stack_001/Stacked_car_tyre_001/Tread_block_051_051,Radial_car_tyre_stack_001,Tyre_rubber,28
5604,Radial_car_tyre_stack_001/Stacked_car_tyre_001/Tread_block_052_052,Radial_car_tyre_stack_001,Tyre_rubber,28
5605,Radial_car_tyre_stack_001/Stacked_car_tyre_001/Tread_block_053_053,Radial_car_tyre_stack_001,Tyre_rubber,28
5606,Radial_car_tyre_stack_001/Stacked_car_tyre_001/Tread_block_054_054,Radial_car_tyre_stack_001,Tyre_rubber,28
5607,Radial_car_tyre_stack_001/Stacked_car_tyre_001/Tread_block_055_055,Radial_car_tyre_stack_001,Tyre_rubber,28
5608,Radial_car_tyre_stack_001/Stacked_car_tyre_001/Tread_block_056_056,Radial_car_tyre_stack_001,Tyre_rubber,28
5609,Radial_car_tyre_stack_001/Stacked_car_tyre_001/Tread_block_057_057,Radial_car_tyre_stack_001,Tyre_rubber,28
5610,Radial_car_tyre_stack_001/Stacked_car_tyre_001/Tread_block_058_058,Radial_car_tyre_stack_001,Tyre_rubber,28
5611,Radial_car_tyre_stack_001/Stacked_car_tyre_001/Tread_block_059_059,Radial_car_tyre_stack_001,Tyre_rubber,28
5612,Radial_car_tyre_stack_001/Stacked_car_tyre_001/Tread_block_060_060,Radial_car_tyre_stack_001,Tyre_rubber,28
5613,Radial_car_tyre_stack_001/Stacked_car_tyre_001/Tread_block_061_061,Radial_car_tyre_stack_001,Tyre_rubber,28
5614,Radial_car_tyre_stack_001/Stacked_car_tyre_001/Tread_block_062_062,Radial_car_tyre_stack_001,Tyre_rubber,28
5615,Radial_car_tyre_stack_001/Stacked_car_tyre_001/Tread_block_063_063,Radial_car_tyre_stack_001,Tyre_rubber,28
5616,Radial_car_tyre_stack_001/Stacked_car_tyre_001/Tread_block_064_064,Radial_car_tyre_stack_001,Tyre_rubber,28
5617,Radial_car_tyre_stack_001/Stacked_car_tyre_001/Tread_block_065_065,Radial_car_tyre_stack_001,Tyre_rubber,28
5618,Radial_car_tyre_stack_001/Stacked_car_tyre_001/Tread_block_066_066,Radial_car_tyre_stack_001,Tyre_rubber,28
5619,Radial_car_tyre_stack_001/Stacked_car_tyre_001/Tread_block_067_067,Radial_car_tyre_stack_001,Tyre_rubber,28
5620,Radial_car_tyre_stack_001/Stacked_car_tyre_001/Tread_block_068_068,Radial_car_tyre_stack_001,Tyre_rubber,28
5621,Radial_car_tyre_stack_001/Stacked_car_tyre_001/Tread_block_069_069,Radial_car_tyre_stack_001,Tyre_rubber,28
5622,Radial_car_tyre_stack_001/Stacked_car_tyre_001/Tread_block_070_070,Radial_car_tyre_stack_001,Tyre_rubber,28
5623,Radial_car_tyre_stack_001/Stacked_car_tyre_001/Tread_block_071_071,Radial_car_tyre_stack_001,Tyre_rubber,28
5624,Radial_car_tyre_stack_001/Stacked_car_tyre_001/Tread_block_072_072,Radial_car_tyre_stack_001,Tyre_rubber,28
5625,Radial_car_tyre_stack_001/Stacked_car_tyre_001/Tread_block_073_073,Radial_car_tyre_stack_001,Tyre_rubber,28
5626,Radial_car_tyre_stack_001/Stacked_car_tyre_001/Tread_block_074_074,Radial_car_tyre_stack_001,Tyre_rubber,28
5627,Radial_car_tyre_stack_001/Stacked_car_tyre_001/Tread_block_075_075,Radial_car_tyre_stack_001,Tyre_rubber,28
5628,Radial_car_tyre_stack_001/Stacked_car_tyre_001/Tread_block_076_076,Radial_car_tyre_stack_001,Tyre_rubber,28
5629,Radial_car_tyre_stack_001/Stacked_car_tyre_001/Tread_block_077_077,Radial_car_tyre_stack_001,Tyre_rubber,28
5630,Radial_car_tyre_stack_001/Stacked_car_tyre_001/Tread_block_078_078,Radial_car_tyre_stack_001,Tyre_rubber,28
5631,Radial_car_tyre_stack_001/Stacked_car_tyre_001/Tread_block_079_079,Radial_car_tyre_stack_001,Tyre_rubber,28
5632,Radial_car_tyre_stack_001/Stacked_car_tyre_001/Tread_block_080_080,Radial_car_tyre_stack_001,Tyre_rubber,28
5633,Radial_car_tyre_stack_001/Stacked_car_tyre_001/Tread_block_081_081,Radial_car_tyre_stack_001,Tyre_rubber,28
5634,Radial_car_tyre_stack_001/Stacked_car_tyre_001/Tread_block_082_082,Radial_car_tyre_stack_001,Tyre_rubber,28
5635,Radial_car_tyre_stack_001/Stacked_car_tyre_001/Tread_block_083_083,Radial_car_tyre_stack_001,Tyre_rubber,28
5636,Radial_car_tyre_stack_001/Stacked_car_tyre_001/Tread_block_084_084,Radial_car_tyre_stack_001,Tyre_rubber,28
5637,Radial_car_tyre_stack_001/Stacked_car_tyre_001/Tread_block_085_085,Radial_car_tyre_stack_001,Tyre_rubber,28
5638,Radial_car_tyre_stack_001/Stacked_car_tyre_001/Tread_block_086_086,Radial_car_tyre_stack_001,Tyre_rubber,28
5639,Radial_car_tyre_stack_001/Stacked_car_tyre_001/Tread_block_087_087,Radial_car_tyre_stack_001,Tyre_rubber,28
5640,Radial_car_tyre_stack_001/Stacked_car_tyre_001/Tread_block_088_088,Radial_car_tyre_stack_001,Tyre_rubber,28
5641,Radial_car_tyre_stack_001/Stacked_car_tyre_001/Tread_block_089_089,Radial_car_tyre_stack_001,Tyre_rubber,28
5642,Radial_car_tyre_stack_001/Stacked_car_tyre_001/Tread_block_090_090,Radial_car_tyre_stack_001,Tyre_rubber,28
5643,Radial_car_tyre_stack_001/Stacked_car_tyre_001/Tread_block_091_091,Radial_car_tyre_stack_001,Tyre_rubber,28
5644,Radial_car_tyre_stack_001/Stacked_car_tyre_001/Tread_block_092_092,Radial_car_tyre_stack_001,Tyre_rubber,28
5645,Radial_car_tyre_stack_001/Stacked_car_tyre_001/Tread_block_093_093,Radial_car_tyre_stack_001,Tyre_rubber,28
5646,Radial_car_tyre_stack_001/Stacked_car_tyre_001/Tread_block_094_094,Radial_car_tyre_stack_001,Tyre_rubber,28
5647,Radial_car_tyre_stack_001/Stacked_car_tyre_001/Tread_block_095_095,Radial_car_tyre_stack_001,Tyre_rubber,28
5648,Radial_car_tyre_stack_001/Stacked_car_tyre_001/Tread_block_096_096,Radial_car_tyre_stack_001,Tyre_rubber,28
5649,Radial_car_tyre_stack_001/Stacked_car_tyre_001/Tread_block_097_097,Radial_car_tyre_stack_001,Tyre_rubber,28
5650,Radial_car_tyre_stack_001/Stacked_car_tyre_001/Tread_block_098_098,Radial_car_tyre_stack_001,Tyre_rubber,28
5651,Radial_car_tyre_stack_001/Stacked_car_tyre_001/Tread_block_099_099,Radial_car_tyre_stack_001,Tyre_rubber,28
5652,Radial_car_tyre_stack_001/Stacked_car_tyre_001/Tread_block_100_100,Radial_car_tyre_stack_001,Tyre_rubber,28
5653,Radial_car_tyre_stack_001/Stacked_car_tyre_001/Tread_block_101_101,Radial_car_tyre_stack_001,Tyre_rubber,28
5654,Radial_car_tyre_stack_001/Stacked_car_tyre_001/Tread_block_102_102,Radial_car_tyre_stack_001,Tyre_rubber,28
5655,Radial_car_tyre_stack_001/Stacked_car_tyre_001/Tread_block_103_103,Radial_car_tyre_stack_001,Tyre_rubber,28
5656,Radial_car_tyre_stack_001/Stacked_car_tyre_001/Tread_block_104_104,Radial_car_tyre_stack_001,Tyre_rubber,28
5657,Radial_car_tyre_stack_001/Stacked_car_tyre_001/Tread_block_105_105,Radial_car_tyre_stack_001,Tyre_rubber,28
5658,Radial_car_tyre_stack_001/Stacked_car_tyre_001/Tread_block_106_106,Radial_car_tyre_stack_001,Tyre_rubber,28
5659,Radial_car_tyre_stack_001/Stacked_car_tyre_001/Tread_block_107_107,Radial_car_tyre_stack_001,Tyre_rubber,28
5660,Radial_car_tyre_stack_001/Stacked_car_tyre_001/Tread_block_108_108,Radial_car_tyre_stack_001,Tyre_rubber,28
5661,Radial_car_tyre_stack_001/Stacked_car_tyre_001/Tread_block_109_109,Radial_car_tyre_stack_001,Tyre_rubber,28
5662,Radial_car_tyre_stack_001/Stacked_car_tyre_001/Tread_block_110_110,Radial_car_tyre_stack_001,Tyre_rubber,28
5663,Radial_car_tyre_stack_001/Stacked_car_tyre_001/Tread_block_111_111,Radial_car_tyre_stack_001,Tyre_rubber,28
5664,Radial_car_tyre_stack_001/Stacked_car_tyre_001/Tread_block_112_112,Radial_car_tyre_stack_001,Tyre_rubber,28
5665,Radial_car_tyre_stack_001/Stacked_car_tyre_001/Tread_block_113_113,Radial_car_tyre_stack_001,Tyre_rubber,28
5666,Radial_car_tyre_stack_001/Stacked_car_tyre_001/Tread_block_114_114,Radial_car_tyre_stack_001,Tyre_rubber,28
5667,Radial_car_tyre_stack_001/Stacked_car_tyre_001/Tread_block_115_115,Radial_car_tyre_stack_001,Tyre_rubber,28
5668,Radial_car_tyre_stack_001/Stacked_car_tyre_001/Tread_block_116_116,Radial_car_tyre_stack_001,Tyre_rubber,28
5669,Radial_car_tyre_stack_001/Stacked_car_tyre_001/Tread_block_117_117,Radial_car_tyre_stack_001,Tyre_rubber,28
5670,Radial_car_tyre_stack_001/Stacked_car_tyre_001/Tread_block_118_118,Radial_car_tyre_stack_001,Tyre_rubber,28
5671,Radial_car_tyre_stack_001/Stacked_car_tyre_001/Tread_block_119_119,Radial_car_tyre_stack_001,Tyre_rubber,28
5672,Radial_car_tyre_stack_001/Stacked_car_tyre_001/Tread_block_120_120,Radial_car_tyre_stack_001,Tyre_rubber,28
5673,Radial_car_tyre_stack_001/Stacked_car_tyre_001/Tread_block_121_121,Radial_car_tyre_stack_001,Tyre_rubber,28
5674,Radial_car_tyre_stack_001/Stacked_car_tyre_001/Tread_block_122_122,Radial_car_tyre_stack_001,Tyre_rubber,28
5675,Radial_car_tyre_stack_001/Stacked_car_tyre_001/Tread_block_123_123,Radial_car_tyre_stack_001,Tyre_rubber,28
5676,Radial_car_tyre_stack_001/Stacked_car_tyre_001/Tread_block_124_124,Radial_car_tyre_stack_001,Tyre_rubber,28
5677,Radial_car_tyre_stack_001/Stacked_car_tyre_001/Tread_block_125_125,Radial_car_tyre_stack_001,Tyre_rubber,28
5678,Radial_car_tyre_stack_001/Stacked_car_tyre_001/Tread_block_126_126,Radial_car_tyre_stack_001,Tyre_rubber,28
5679,Radial_car_tyre_stack_001/Stacked_car_tyre_001/Tread_block_127_127,Radial_car_tyre_stack_001,Tyre_rubber,28
5680,Radial_car_tyre_stack_001/Stacked_car_tyre_001/Tread_block_128_128,Radial_car_tyre_stack_001,Tyre_rubber,28
5681,Radial_car_tyre_stack_001/Stacked_car_tyre_001/Tread_block_129_129,Radial_car_tyre_stack_001,Tyre_rubber,28
5682,Radial_car_tyre_stack_001/Stacked_car_tyre_001/Tread_block_130_130,Radial_car_tyre_stack_001,Tyre_rubber,28
5683,Radial_car_tyre_stack_001/Stacked_car_tyre_001/Tread_block_131_131,Radial_car_tyre_stack_001,Tyre_rubber,28
5684,Radial_car_tyre_stack_001/Stacked_car_tyre_001/Tread_block_132_132,Radial_car_tyre_stack_001,Tyre_rubber,28
5685,Radial_car_tyre_stack_001/Stacked_car_tyre_001/Tread_block_133_133,Radial_car_tyre_stack_001,Tyre_rubber,28
5686,Radial_car_tyre_stack_001/Stacked_car_tyre_001/Tread_block_134_134,Radial_car_tyre_stack_001,Tyre_rubber,28
5687,Radial_car_tyre_stack_001/Stacked_car_tyre_001/Tread_block_135_135,Radial_car_tyre_stack_001,Tyre_rubber,28
5688,Radial_car_tyre_stack_001/Stacked_car_tyre_001/Tread_block_136_136,Radial_car_tyre_stack_001,Tyre_rubber,28
5689,Radial_car_tyre_stack_001/Stacked_car_tyre_001/Tread_block_137_137,Radial_car_tyre_stack_001,Tyre_rubber,28
5690,Radial_car_tyre_stack_001/Stacked_car_tyre_001/Tread_block_138_138,Radial_car_tyre_stack_001,Tyre_rubber,28
5691,Radial_car_tyre_stack_001/Stacked_car_tyre_001/Tread_block_139_139,Radial_car_tyre_stack_001,Tyre_rubber,28
5692,Radial_car_tyre_stack_001/Stacked_car_tyre_001/Tread_block_140_140,Radial_car_tyre_stack_001,Tyre_rubber,28
5693,Radial_car_tyre_stack_001/Stacked_car_tyre_001/Tread_block_141_141,Radial_car_tyre_stack_001,Tyre_rubber,28
5694,Radial_car_tyre_stack_001/Stacked_car_tyre_001/Tread_block_142_142,Radial_car_tyre_stack_001,Tyre_rubber,28
5695,Radial_car_tyre_stack_001/Stacked_car_tyre_001/Tread_block_143_143,Radial_car_tyre_stack_001,Tyre_rubber,28
5696,Radial_car_tyre_stack_001/Stacked_car_tyre_001/Tread_block_144_144,Radial_car_tyre_stack_001,Tyre_rubber,28
5697,Radial_car_tyre_stack_001/Stacked_car_tyre_001/Tread_block_145_145,Radial_car_tyre_stack_001,Tyre_rubber,28
5698,Radial_car_tyre_stack_001/Stacked_car_tyre_001/Tread_block_146_146,Radial_car_tyre_stack_001,Tyre_rubber,28
5699,Radial_car_tyre_stack_001/Stacked_car_tyre_001/Tread_block_147_147,Radial_car_tyre_stack_001,Tyre_rubber,28
5700,Radial_car_tyre_stack_001/Stacked_car_tyre_001/Tread_block_148_148,Radial_car_tyre_stack_001,Tyre_rubber,28
5701,Radial_car_tyre_stack_001/Stacked_car_tyre_001/Tread_block_149_149,Radial_car_tyre_stack_001,Tyre_rubber,28
5702,Radial_car_tyre_stack_001/Stacked_car_tyre_001/Tread_block_150_150,Radial_car_tyre_stack_001,Tyre_rubber,28
5703,Radial_car_tyre_stack_001/Stacked_car_tyre_001/Tread_block_151_151,Radial_car_tyre_stack_001,Tyre_rubber,28
5704,Radial_car_tyre_stack_001/Stacked_car_tyre_001/Tread_block_152_152,Radial_car_tyre_stack_001,Tyre_rubber,28
5705,Radial_car_tyre_stack_001/Stacked_car_tyre_001/Tread_block_153_153,Radial_car_tyre_stack_001,Tyre_rubber,28
5706,Radial_car_tyre_stack_001/Stacked_car_tyre_001/Tread_block_154_154,Radial_car_tyre_stack_001,Tyre_rubber,28
5707,Radial_car_tyre_stack_001/Stacked_car_tyre_001/Tread_block_155_155,Radial_car_tyre_stack_001,Tyre_rubber,28
5708,Radial_car_tyre_stack_001/Stacked_car_tyre_001/Tread_block_156_156,Radial_car_tyre_stack_001,Tyre_rubber,28
5709,Radial_car_tyre_stack_001/Stacked_car_tyre_001/Tread_block_157_157,Radial_car_tyre_stack_001,Tyre_rubber,28
5710,Radial_car_tyre_stack_001/Stacked_car_tyre_001/Tread_block_158_158,Radial_car_tyre_stack_001,Tyre_rubber,28
5711,Radial_car_tyre_stack_001/Stacked_car_tyre_001/Tread_block_159_159,Radial_car_tyre_stack_001,Tyre_rubber,28
5712,Radial_car_tyre_stack_001/Stacked_car_tyre_001/Tread_block_160_160,Radial_car_tyre_stack_001,Tyre_rubber,28
5713,Radial_car_tyre_stack_001/Stacked_car_tyre_001/Tread_block_161_161,Radial_car_tyre_stack_001,Tyre_rubber,28
5714,Radial_car_tyre_stack_001/Stacked_car_tyre_001/Tread_block_162_162,Radial_car_tyre_stack_001,Tyre_rubber,28
5715,Radial_car_tyre_stack_001/Stacked_car_tyre_001/Tread_block_163_163,Radial_car_tyre_stack_001,Tyre_rubber,28
5716,Radial_car_tyre_stack_001/Stacked_car_tyre_001/Tread_block_164_164,Radial_car_tyre_stack_001,Tyre_rubber,28
5717,Radial_car_tyre_stack_001/Stacked_car_tyre_001/Tread_block_165_165,Radial_car_tyre_stack_001,Tyre_rubber,28
5718,Radial_car_tyre_stack_001/Stacked_car_tyre_001/Tread_block_166_166,Radial_car_tyre_stack_001,Tyre_rubber,28
5719,Radial_car_tyre_stack_001/Stacked_car_tyre_001/Tread_block_167_167,Radial_car_tyre_stack_001,Tyre_rubber,28
5720,Radial_car_tyre_stack_001/Stacked_car_tyre_001/Tread_block_168_168,Radial_car_tyre_stack_001,Tyre_rubber,28
5721,Radial_car_tyre_stack_001/Stacked_car_tyre_001/Tread_block_169_169,Radial_car_tyre_stack_001,Tyre_rubber,28
5722,Radial_car_tyre_stack_001/Stacked_car_tyre_001/Tread_block_170_170,Radial_car_tyre_stack_001,Tyre_rubber,28
5723,Radial_car_tyre_stack_001/Stacked_car_tyre_001/Tread_block_171_171,Radial_car_tyre_stack_001,Tyre_rubber,28
5724,Radial_car_tyre_stack_001/Stacked_car_tyre_001/Tread_block_172_172,Radial_car_tyre_stack_001,Tyre_rubber,28
5725,Radial_car_tyre_stack_001/Stacked_car_tyre_001/Tread_block_173_173,Radial_car_tyre_stack_001,Tyre_rubber,28
5726,Radial_car_tyre_stack_001/Stacked_car_tyre_001/Tread_block_174_174,Radial_car_tyre_stack_001,Tyre_rubber,28
5727,Radial_car_tyre_stack_001/Stacked_car_tyre_001/Tread_block_175_175,Radial_car_tyre_stack_001,Tyre_rubber,28
5728,Radial_car_tyre_stack_001/Stacked_car_tyre_001/Tread_block_176_176,Radial_car_tyre_stack_001,Tyre_rubber,28
5729,Radial_car_tyre_stack_001/Stacked_car_tyre_001/Tread_block_177_177,Radial_car_tyre_stack_001,Tyre_rubber,28
5730,Radial_car_tyre_stack_001/Stacked_car_tyre_001/Tread_block_178_178,Radial_car_tyre_stack_001,Tyre_rubber,28
5731,Radial_car_tyre_stack_001/Stacked_car_tyre_001/Tread_block_179_179,Radial_car_tyre_stack_001,Tyre_rubber,28
5732,Radial_car_tyre_stack_001/Stacked_car_tyre_001/Tread_block_180_180,Radial_car_tyre_stack_001,Tyre_rubber,28
5733,Radial_car_tyre_stack_001/Stacked_car_tyre_001/Tread_block_181_181,Radial_car_tyre_stack_001,Tyre_rubber,28
5734,Radial_car_tyre_stack_001/Stacked_car_tyre_001/Tread_block_182_182,Radial_car_tyre_stack_001,Tyre_rubber,28
5735,Radial_car_tyre_stack_001/Stacked_car_tyre_001/Tread_block_183_183,Radial_car_tyre_stack_001,Tyre_rubber,28
5736,Radial_car_tyre_stack_001/Stacked_car_tyre_001/Tread_block_184_184,Radial_car_tyre_stack_001,Tyre_rubber,28
5737,Radial_car_tyre_stack_001/Stacked_car_tyre_001/Tread_block_185_185,Radial_car_tyre_stack_001,Tyre_rubber,28
5738,Radial_car_tyre_stack_001/Stacked_car_tyre_001/Tread_block_186_186,Radial_car_tyre_stack_001,Tyre_rubber,28
5739,Radial_car_tyre_stack_001/Stacked_car_tyre_001/Tread_block_187_187,Radial_car_tyre_stack_001,Tyre_rubber,28
5740,Radial_car_tyre_stack_001/Stacked_car_tyre_001/Tread_block_188_188,Radial_car_tyre_stack_001,Tyre_rubber,28
5741,Radial_car_tyre_stack_001/Stacked_car_tyre_001/Tread_block_189_189,Radial_car_tyre_stack_001,Tyre_rubber,28
5742,Radial_car_tyre_stack_001/Stacked_car_tyre_001/Tread_block_190_190,Radial_car_tyre_stack_001,Tyre_rubber,28
5743,Radial_car_tyre_stack_001/Stacked_car_tyre_001/Tread_block_191_191,Radial_car_tyre_stack_001,Tyre_rubber,28
5744,Radial_car_tyre_stack_001/Stacked_car_tyre_001/Tread_block_192_192,Radial_car_tyre_stack_001,Tyre_rubber,28
5745,Radial_car_tyre_stack_001/Stacked_car_tyre_001/Tread_block_193_193,Radial_car_tyre_stack_001,Tyre_rubber,28
5746,Radial_car_tyre_stack_001/Stacked_car_tyre_001/Tread_block_194_194,Radial_car_tyre_stack_001,Tyre_rubber,28
5747,Radial_car_tyre_stack_001/Stacked_car_tyre_001/Tread_block_195_195,Radial_car_tyre_stack_001,Tyre_rubber,28
5748,Radial_car_tyre_stack_001/Stacked_car_tyre_001/Tread_block_196_196,Radial_car_tyre_stack_001,Tyre_rubber,28
5749,Radial_car_tyre_stack_001/Stacked_car_tyre_001/Tread_block_197_197,Radial_car_tyre_stack_001,Tyre_rubber,28
5750,Radial_car_tyre_stack_001/Stacked_car_tyre_001/Tread_block_198_198,Radial_car_tyre_stack_001,Tyre_rubber,28
5751,Radial_car_tyre_stack_001/Stacked_car_tyre_001/Tread_block_199_199,Radial_car_tyre_stack_001,Tyre_rubber,28
5752,Radial_car_tyre_stack_001/Stacked_car_tyre_001/Tread_block_200_200,Radial_car_tyre_stack_001,Tyre_rubber,28
5753,Radial_car_tyre_stack_001/Stacked_car_tyre_001/Tread_block_201_201,Radial_car_tyre_stack_001,Tyre_rubber,28
5754,Radial_car_tyre_stack_001/Stacked_car_tyre_001/Tread_block_202_202,Radial_car_tyre_stack_001,Tyre_rubber,28
5755,Radial_car_tyre_stack_001/Stacked_car_tyre_001/Tread_block_203_203,Radial_car_tyre_stack_001,Tyre_rubber,28
5756,Radial_car_tyre_stack_001/Stacked_car_tyre_001/Tread_block_204_204,Radial_car_tyre_stack_001,Tyre_rubber,28
5757,Radial_car_tyre_stack_001/Stacked_car_tyre_001/Tread_block_205_205,Radial_car_tyre_stack_001,Tyre_rubber,28
5758,Radial_car_tyre_stack_001/Stacked_car_tyre_001/Tread_block_206_206,Radial_car_tyre_stack_001,Tyre_rubber,28
5759,Radial_car_tyre_stack_001/Stacked_car_tyre_001/Tread_block_207_207,Radial_car_tyre_stack_001,Tyre_rubber,28
5760,Radial_car_tyre_stack_001/Stacked_car_tyre_001/Tread_block_208_208,Radial_car_tyre_stack_001,Tyre_rubber,28
5761,Radial_car_tyre_stack_001/Stacked_car_tyre_001/Tread_block_209_209,Radial_car_tyre_stack_001,Tyre_rubber,28
5762,Radial_car_tyre_stack_001/Stacked_car_tyre_001/Tread_block_210_210,Radial_car_tyre_stack_001,Tyre_rubber,28
5763,Radial_car_tyre_stack_001/Stacked_car_tyre_001/Tread_block_211_211,Radial_car_tyre_stack_001,Tyre_rubber,28
5764,Radial_car_tyre_stack_001/Stacked_car_tyre_001/Tread_block_212_212,Radial_car_tyre_stack_001,Tyre_rubber,28
5765,Radial_car_tyre_stack_001/Stacked_car_tyre_001/Tread_block_213_213,Radial_car_tyre_stack_001,Tyre_rubber,28
5766,Radial_car_tyre_stack_001/Stacked_car_tyre_001/Tread_block_214_214,Radial_car_tyre_stack_001,Tyre_rubber,28
5767,Radial_car_tyre_stack_001/Stacked_car_tyre_001/Tread_block_215_215,Radial_car_tyre_stack_001,Tyre_rubber,28
5768,Radial_car_tyre_stack_001/Stacked_car_tyre_001/Tread_block_216_216,Radial_car_tyre_stack_001,Tyre_rubber,28
5769,Radial_car_tyre_stack_001/Stacked_car_tyre_001/Tread_block_217_217,Radial_car_tyre_stack_001,Tyre_rubber,28
5770,Radial_car_tyre_stack_001/Stacked_car_tyre_001/Tread_block_218_218,Radial_car_tyre_stack_001,Tyre_rubber,28
5771,Radial_car_tyre_stack_001/Stacked_car_tyre_001/Tread_block_219_219,Radial_car_tyre_stack_001,Tyre_rubber,28
5772,Radial_car_tyre_stack_001/Stacked_car_tyre_001/Tread_block_220_220,Radial_car_tyre_stack_001,Tyre_rubber,28
5773,Radial_car_tyre_stack_001/Stacked_car_tyre_001/Tread_block_221_221,Radial_car_tyre_stack_001,Tyre_rubber,28
5774,Radial_car_tyre_stack_001/Stacked_car_tyre_001/Tread_block_222_222,Radial_car_tyre_stack_001,Tyre_rubber,28
5775,Radial_car_tyre_stack_001/Stacked_car_tyre_001/Tread_block_223_223,Radial_car_tyre_stack_001,Tyre_rubber,28
5776,Radial_car_tyre_stack_001/Stacked_car_tyre_001/Tread_block_224_224,Radial_car_tyre_stack_001,Tyre_rubber,28
5777,Radial_car_tyre_stack_001/Stacked_car_tyre_001/Tread_block_225_225,Radial_car_tyre_stack_001,Tyre_rubber,28
5778,Radial_car_tyre_stack_001/Stacked_car_tyre_001/Tread_block_226_226,Radial_car_tyre_stack_001,Tyre_rubber,28
5779,Radial_car_tyre_stack_001/Stacked_car_tyre_001/Tread_block_227_227,Radial_car_tyre_stack_001,Tyre_rubber,28
5780,Radial_car_tyre_stack_001/Stacked_car_tyre_001/Tread_block_228_228,Radial_car_tyre_stack_001,Tyre_rubber,28
5781,Radial_car_tyre_stack_001/Stacked_car_tyre_001/Tread_block_229_229,Radial_car_tyre_stack_001,Tyre_rubber,28
5782,Radial_car_tyre_stack_001/Stacked_car_tyre_001/Tread_block_230_230,Radial_car_tyre_stack_001,Tyre_rubber,28
5783,Radial_car_tyre_stack_001/Stacked_car_tyre_001/Tread_block_231_231,Radial_car_tyre_stack_001,Tyre_rubber,28
5784,Radial_car_tyre_stack_001/Stacked_car_tyre_001/Tread_block_232_232,Radial_car_tyre_stack_001,Tyre_rubber,28
5785,Radial_car_tyre_stack_001/Stacked_car_tyre_001/Tread_block_233_233,Radial_car_tyre_stack_001,Tyre_rubber,28
5786,Radial_car_tyre_stack_001/Stacked_car_tyre_001/Tread_block_234_234,Radial_car_tyre_stack_001,Tyre_rubber,28
5787,Radial_car_tyre_stack_001/Stacked_car_tyre_001/Tread_block_235_235,Radial_car_tyre_stack_001,Tyre_rubber,28
5788,Radial_car_tyre_stack_001/Stacked_car_tyre_001/Tread_block_236_236,Radial_car_tyre_stack_001,Tyre_rubber,28
5789,Radial_car_tyre_stack_001/Stacked_car_tyre_001/Tread_block_237_237,Radial_car_tyre_stack_001,Tyre_rubber,28
5790,Radial_car_tyre_stack_001/Stacked_car_tyre_001/Tread_block_238_238,Radial_car_tyre_stack_001,Tyre_rubber,28
5791,Radial_car_tyre_stack_001/Stacked_car_tyre_001/Tread_block_239_239,Radial_car_tyre_stack_001,Tyre_rubber,28
5792,Radial_car_tyre_stack_001/Stacked_car_tyre_001/Tread_block_240_240,Radial_car_tyre_stack_001,Tyre_rubber,28
5793,Radial_car_tyre_stack_001/Stacked_car_tyre_001/Tread_block_241_241,Radial_car_tyre_stack_001,Tyre_rubber,28
5794,Radial_car_tyre_stack_001/Stacked_car_tyre_001/Tread_block_242_242,Radial_car_tyre_stack_001,Tyre_rubber,28
5795,Radial_car_tyre_stack_001/Stacked_car_tyre_001/Tread_block_243_243,Radial_car_tyre_stack_001,Tyre_rubber,28
5796,Radial_car_tyre_stack_001/Stacked_car_tyre_001/Tread_block_244_244,Radial_car_tyre_stack_001,Tyre_rubber,28
5797,Radial_car_tyre_stack_001/Stacked_car_tyre_001/Tread_block_245_245,Radial_car_tyre_stack_001,Tyre_rubber,28
5798,Radial_car_tyre_stack_001/Stacked_car_tyre_001/Tread_block_246_246,Radial_car_tyre_stack_001,Tyre_rubber,28
5799,Radial_car_tyre_stack_001/Stacked_car_tyre_001/Tread_block_247_247,Radial_car_tyre_stack_001,Tyre_rubber,28
5800,Radial_car_tyre_stack_001/Stacked_car_tyre_001/Tread_block_248_248,Radial_car_tyre_stack_001,Tyre_rubber,28
5801,Radial_car_tyre_stack_001/Stacked_car_tyre_001/Tread_block_249_249,Radial_car_tyre_stack_001,Tyre_rubber,28
5802,Radial_car_tyre_stack_001/Stacked_car_tyre_001/Tread_block_250_250,Radial_car_tyre_stack_001,Tyre_rubber,28
5803,Radial_car_tyre_stack_001/Stacked_car_tyre_001/Tread_block_251_251,Radial_car_tyre_stack_001,Tyre_rubber,28
5804,Radial_car_tyre_stack_001/Stacked_car_tyre_001/Tread_block_252_252,Radial_car_tyre_stack_001,Tyre_rubber,28
5805,Radial_car_tyre_stack_001/Stacked_car_tyre_001/Tread_block_253_253,Radial_car_tyre_stack_001,Tyre_rubber,28
5806,Radial_car_tyre_stack_001/Stacked_car_tyre_001/Tread_block_254_254,Radial_car_tyre_stack_001,Tyre_rubber,28
5807,Radial_car_tyre_stack_001/Stacked_car_tyre_001/Tread_block_255_255,Radial_car_tyre_stack_001,Tyre_rubber,28
5808,Radial_car_tyre_stack_001/Stacked_car_tyre_001/Tread_block_256_256,Radial_car_tyre_stack_001,Tyre_rubber,28
5809,Radial_car_tyre_stack_001/Stacked_car_tyre_001/Tread_block_257_257,Radial_car_tyre_stack_001,Tyre_rubber,28
5810,Radial_car_tyre_stack_001/Stacked_car_tyre_001/Tread_block_258_258,Radial_car_tyre_stack_001,Tyre_rubber,28
5811,Radial_car_tyre_stack_001/Stacked_car_tyre_001/Tread_block_259_259,Radial_car_tyre_stack_001,Tyre_rubber,28
5812,Radial_car_tyre_stack_001/Stacked_car_tyre_001/Tread_block_260_260,Radial_car_tyre_stack_001,Tyre_rubber,28
5813,Radial_car_tyre_stack_001/Stacked_car_tyre_001/Tread_block_261_261,Radial_car_tyre_stack_001,Tyre_rubber,28
5814,Radial_car_tyre_stack_001/Stacked_car_tyre_001/Tread_block_262_262,Radial_car_tyre_stack_001,Tyre_rubber,28
5815,Radial_car_tyre_stack_001/Stacked_car_tyre_001/Tread_block_263_263,Radial_car_tyre_stack_001,Tyre_rubber,28
5816,Radial_car_tyre_stack_001/Stacked_car_tyre_001/Tread_block_264_264,Radial_car_tyre_stack_001,Tyre_rubber,28
5817,Radial_car_tyre_stack_001/Stacked_car_tyre_001/Tread_block_265_265,Radial_car_tyre_stack_001,Tyre_rubber,28
5818,Radial_car_tyre_stack_001/Stacked_car_tyre_001/Tread_block_266_266,Radial_car_tyre_stack_001,Tyre_rubber,28
5819,Radial_car_tyre_stack_001/Stacked_car_tyre_001/Tread_block_267_267,Radial_car_tyre_stack_001,Tyre_rubber,28
5820,Radial_car_tyre_stack_001/Stacked_car_tyre_001/Tread_block_268_268,Radial_car_tyre_stack_001,Tyre_rubber,28
5821,Radial_car_tyre_stack_001/Stacked_car_tyre_001/Tread_block_269_269,Radial_car_tyre_stack_001,Tyre_rubber,28
5822,Radial_car_tyre_stack_001/Stacked_car_tyre_001/Tread_block_270_270,Radial_car_tyre_stack_001,Tyre_rubber,28
5823,Radial_car_tyre_stack_001/Stacked_car_tyre_001/Tread_block_271_271,Radial_car_tyre_stack_001,Tyre_rubber,28
5824,Radial_car_tyre_stack_001/Stacked_car_tyre_001/Tread_block_272_272,Radial_car_tyre_stack_001,Tyre_rubber,28
5825,Radial_car_tyre_stack_001/Stacked_car_tyre_001/Tread_block_273_273,Radial_car_tyre_stack_001,Tyre_rubber,28
5826,Radial_car_tyre_stack_001/Stacked_car_tyre_001/Tread_block_274_274,Radial_car_tyre_stack_001,Tyre_rubber,28
5827,Radial_car_tyre_stack_001/Stacked_car_tyre_001/Tread_block_275_275,Radial_car_tyre_stack_001,Tyre_rubber,28
5828,Radial_car_tyre_stack_001/Stacked_car_tyre_001/Tread_block_276_276,Radial_car_tyre_stack_001,Tyre_rubber,28
5829,Radial_car_tyre_stack_001/Stacked_car_tyre_001/Tread_block_277_277,Radial_car_tyre_stack_001,Tyre_rubber,28
5830,Radial_car_tyre_stack_001/Stacked_car_tyre_001/Tread_block_278_278,Radial_car_tyre_stack_001,Tyre_rubber,28
5831,Radial_car_tyre_stack_001/Stacked_car_tyre_001/Tread_block_279_279,Radial_car_tyre_stack_001,Tyre_rubber,28
5832,Radial_car_tyre_stack_001/Stacked_car_tyre_001/Tread_block_280_280,Radial_car_tyre_stack_001,Tyre_rubber,28
5833,Radial_car_tyre_stack_001/Stacked_car_tyre_001/Tread_block_281_281,Radial_car_tyre_stack_001,Tyre_rubber,28
5834,Radial_car_tyre_stack_001/Stacked_car_tyre_001/Tread_block_282_282,Radial_car_tyre_stack_001,Tyre_rubber,28
5835,Radial_car_tyre_stack_001/Stacked_car_tyre_001/Tread_block_283_283,Radial_car_tyre_stack_001,Tyre_rubber,28
5836,Radial_car_tyre_stack_001/Stacked_car_tyre_001/Tread_block_284_284,Radial_car_tyre_stack_001,Tyre_rubber,28
5837,Radial_car_tyre_stack_001/Stacked_car_tyre_001/Tread_block_285_285,Radial_car_tyre_stack_001,Tyre_rubber,28
5838,Radial_car_tyre_stack_001/Stacked_car_tyre_001/Tread_block_286_286,Radial_car_tyre_stack_001,Tyre_rubber,28
5839,Radial_car_tyre_stack_001/Stacked_car_tyre_001/Tread_block_287_287,Radial_car_tyre_stack_001,Tyre_rubber,28
5840,Radial_car_tyre_stack_001/Stacked_car_tyre_001/Tread_block_288_288,Radial_car_tyre_stack_001,Tyre_rubber,28
5841,Radial_car_tyre_stack_001/Stacked_car_tyre_001/Tread_block_289_289,Radial_car_tyre_stack_001,Tyre_rubber,28
5842,Radial_car_tyre_stack_001/Stacked_car_tyre_001/Tread_block_290_290,Radial_car_tyre_stack_001,Tyre_rubber,28
5843,Radial_car_tyre_stack_001/Stacked_car_tyre_001/Tread_block_291_291,Radial_car_tyre_stack_001,Tyre_rubber,28
5844,Radial_car_tyre_stack_001/Stacked_car_tyre_001/Tread_block_292_292,Radial_car_tyre_stack_001,Tyre_rubber,28
5845,Radial_car_tyre_stack_001/Stacked_car_tyre_001/Tread_block_293_293,Radial_car_tyre_stack_001,Tyre_rubber,28
5846,Radial_car_tyre_stack_001/Stacked_car_tyre_001/Tread_block_294_294,Radial_car_tyre_stack_001,Tyre_rubber,28
5847,Radial_car_tyre_stack_001/Stacked_car_tyre_001/Tread_block_295_295,Radial_car_tyre_stack_001,Tyre_rubber,28
5848,Radial_car_tyre_stack_001/Stacked_car_tyre_001/Tread_block_296_296,Radial_car_tyre_stack_001,Tyre_rubber,28
5849,Radial_car_tyre_stack_001/Stacked_car_tyre_001/Tread_block_297_297,Radial_car_tyre_stack_001,Tyre_rubber,28
5850,Radial_car_tyre_stack_001/Stacked_car_tyre_001/Tread_block_298_298,Radial_car_tyre_stack_001,Tyre_rubber,28
5851,Radial_car_tyre_stack_001/Stacked_car_tyre_001/Tread_block_299_299,Radial_car_tyre_stack_001,Tyre_rubber,28
5852,Radial_car_tyre_stack_001/Stacked_car_tyre_001/Tread_block_300_300,Radial_car_tyre_stack_001,Tyre_rubber,28
5853,Radial_car_tyre_stack_001/Stacked_car_tyre_001/Tread_block_301_301,Radial_car_tyre_stack_001,Tyre_rubber,28
5854,Radial_car_tyre_stack_001/Stacked_car_tyre_001/Tread_block_302_302,Radial_car_tyre_stack_001,Tyre_rubber,28
5855,Radial_car_tyre_stack_001/Stacked_car_tyre_001/Tread_block_303_303,Radial_car_tyre_stack_001,Tyre_rubber,28
5856,Radial_car_tyre_stack_001/Stacked_car_tyre_001/Tread_block_304_304,Radial_car_tyre_stack_001,Tyre_rubber,28
5857,Radial_car_tyre_stack_001/Stacked_car_tyre_001/Tread_block_305_305,Radial_car_tyre_stack_001,Tyre_rubber,28
5858,Radial_car_tyre_stack_001/Stacked_car_tyre_001/Tread_block_306_306,Radial_car_tyre_stack_001,Tyre_rubber,28
5859,Radial_car_tyre_stack_001/Stacked_car_tyre_001/Tread_block_307_307,Radial_car_tyre_stack_001,Tyre_rubber,28
5860,Radial_car_tyre_stack_001/Stacked_car_tyre_001/Tread_block_308_308,Radial_car_tyre_stack_001,Tyre_rubber,28
5861,Radial_car_tyre_stack_001/Stacked_car_tyre_001/Tread_block_309_309,Radial_car_tyre_stack_001,Tyre_rubber,28
5862,Radial_car_tyre_stack_001/Stacked_car_tyre_001/Tread_block_310_310,Radial_car_tyre_stack_001,Tyre_rubber,28
5863,Radial_car_tyre_stack_001/Stacked_car_tyre_001/Tread_block_311_311,Radial_car_tyre_stack_001,Tyre_rubber,28
5864,Radial_car_tyre_stack_001/Stacked_car_tyre_001/Tread_block_312_312,Radial_car_tyre_stack_001,Tyre_rubber,28
5865,Radial_car_tyre_stack_001/Stacked_car_tyre_001/Tread_block_313_313,Radial_car_tyre_stack_001,Tyre_rubber,28
5866,Radial_car_tyre_stack_001/Stacked_car_tyre_001/Tread_block_314_314,Radial_car_tyre_stack_001,Tyre_rubber,28
5867,Radial_car_tyre_stack_001/Stacked_car_tyre_001/Tread_block_315_315,Radial_car_tyre_stack_001,Tyre_rubber,28
5868,Radial_car_tyre_stack_001/Stacked_car_tyre_001/Tread_block_316_316,Radial_car_tyre_stack_001,Tyre_rubber,28
5869,Radial_car_tyre_stack_001/Stacked_car_tyre_001/Tread_block_317_317,Radial_car_tyre_stack_001,Tyre_rubber,28
5870,Radial_car_tyre_stack_001/Stacked_car_tyre_001/Tread_block_318_318,Radial_car_tyre_stack_001,Tyre_rubber,28
5871,Radial_car_tyre_stack_001/Stacked_car_tyre_001/Tread_block_319_319,Radial_car_tyre_stack_001,Tyre_rubber,28
5872,Radial_car_tyre_stack_001/Stacked_car_tyre_001/Tread_block_320_320,Radial_car_tyre_stack_001,Tyre_rubber,28
5873,Radial_car_tyre_stack_001/Stacked_car_tyre_001/Bead_lip_321_321,Radial_car_tyre_stack_001,Tyre_rubber,768
5874,Radial_car_tyre_stack_001/Stacked_car_tyre_001/Moulded_sidewall_line_322_322,Radial_car_tyre_stack_001,Tyre_rubber,512
5875,Radial_car_tyre_stack_001/Stacked_car_tyre_001/Inner_sidewall_line_323_323,Radial_car_tyre_stack_001,Tyre_rubber,512
5876,Radial_car_tyre_stack_001/Stacked_car_tyre_001/Bead_lip_324_324,Radial_car_tyre_stack_001,Tyre_rubber,768
5877,Radial_car_tyre_stack_001/Stacked_car_tyre_001/Moulded_sidewall_line_325_325,Radial_car_tyre_stack_001,Tyre_rubber,512
5878,Radial_car_tyre_stack_001/Stacked_car_tyre_001/Inner_sidewall_line_326_326,Radial_car_tyre_stack_001,Tyre_rubber,512
5879,Radial_car_tyre_stack_001/Stacked_car_tyre_001/Embossed_tyre_specification_327_327,Radial_car_tyre_stack_001,Moulded_tyresize_235_40_R18,128
5880,Radial_car_tyre_stack_001/Stacked_car_tyre_001/Embossed_tyre_specification_reverse_328_328,Radial_car_tyre_stack_001,Moulded_tyresize_235_40_R18,128
5881,Radial_car_tyre_stack_001/Stacked_car_tyre_002/Tyre_carcass_235_40_R18_000_329,Radial_car_tyre_stack_001,Tyre_rubber,3072
5882,Radial_car_tyre_stack_001/Stacked_car_tyre_002/Tread_block_001_330,Radial_car_tyre_stack_001,Tyre_rubber,28
5883,Radial_car_tyre_stack_001/Stacked_car_tyre_002/Tread_block_002_331,Radial_car_tyre_stack_001,Tyre_rubber,28
5884,Radial_car_tyre_stack_001/Stacked_car_tyre_002/Tread_block_003_332,Radial_car_tyre_stack_001,Tyre_rubber,28
5885,Radial_car_tyre_stack_001/Stacked_car_tyre_002/Tread_block_004_333,Radial_car_tyre_stack_001,Tyre_rubber,28
5886,Radial_car_tyre_stack_001/Stacked_car_tyre_002/Tread_block_005_334,Radial_car_tyre_stack_001,Tyre_rubber,28
5887,Radial_car_tyre_stack_001/Stacked_car_tyre_002/Tread_block_006_335,Radial_car_tyre_stack_001,Tyre_rubber,28
5888,Radial_car_tyre_stack_001/Stacked_car_tyre_002/Tread_block_007_336,Radial_car_tyre_stack_001,Tyre_rubber,28
5889,Radial_car_tyre_stack_001/Stacked_car_tyre_002/Tread_block_008_337,Radial_car_tyre_stack_001,Tyre_rubber,28
5890,Radial_car_tyre_stack_001/Stacked_car_tyre_002/Tread_block_009_338,Radial_car_tyre_stack_001,Tyre_rubber,28
5891,Radial_car_tyre_stack_001/Stacked_car_tyre_002/Tread_block_010_339,Radial_car_tyre_stack_001,Tyre_rubber,28
5892,Radial_car_tyre_stack_001/Stacked_car_tyre_002/Tread_block_011_340,Radial_car_tyre_stack_001,Tyre_rubber,28
5893,Radial_car_tyre_stack_001/Stacked_car_tyre_002/Tread_block_012_341,Radial_car_tyre_stack_001,Tyre_rubber,28
5894,Radial_car_tyre_stack_001/Stacked_car_tyre_002/Tread_block_013_342,Radial_car_tyre_stack_001,Tyre_rubber,28
5895,Radial_car_tyre_stack_001/Stacked_car_tyre_002/Tread_block_014_343,Radial_car_tyre_stack_001,Tyre_rubber,28
5896,Radial_car_tyre_stack_001/Stacked_car_tyre_002/Tread_block_015_344,Radial_car_tyre_stack_001,Tyre_rubber,28
5897,Radial_car_tyre_stack_001/Stacked_car_tyre_002/Tread_block_016_345,Radial_car_tyre_stack_001,Tyre_rubber,28
5898,Radial_car_tyre_stack_001/Stacked_car_tyre_002/Tread_block_017_346,Radial_car_tyre_stack_001,Tyre_rubber,28
5899,Radial_car_tyre_stack_001/Stacked_car_tyre_002/Tread_block_018_347,Radial_car_tyre_stack_001,Tyre_rubber,28
5900,Radial_car_tyre_stack_001/Stacked_car_tyre_002/Tread_block_019_348,Radial_car_tyre_stack_001,Tyre_rubber,28
5901,Radial_car_tyre_stack_001/Stacked_car_tyre_002/Tread_block_020_349,Radial_car_tyre_stack_001,Tyre_rubber,28
5902,Radial_car_tyre_stack_001/Stacked_car_tyre_002/Tread_block_021_350,Radial_car_tyre_stack_001,Tyre_rubber,28
5903,Radial_car_tyre_stack_001/Stacked_car_tyre_002/Tread_block_022_351,Radial_car_tyre_stack_001,Tyre_rubber,28
5904,Radial_car_tyre_stack_001/Stacked_car_tyre_002/Tread_block_023_352,Radial_car_tyre_stack_001,Tyre_rubber,28
5905,Radial_car_tyre_stack_001/Stacked_car_tyre_002/Tread_block_024_353,Radial_car_tyre_stack_001,Tyre_rubber,28
5906,Radial_car_tyre_stack_001/Stacked_car_tyre_002/Tread_block_025_354,Radial_car_tyre_stack_001,Tyre_rubber,28
5907,Radial_car_tyre_stack_001/Stacked_car_tyre_002/Tread_block_026_355,Radial_car_tyre_stack_001,Tyre_rubber,28
5908,Radial_car_tyre_stack_001/Stacked_car_tyre_002/Tread_block_027_356,Radial_car_tyre_stack_001,Tyre_rubber,28
5909,Radial_car_tyre_stack_001/Stacked_car_tyre_002/Tread_block_028_357,Radial_car_tyre_stack_001,Tyre_rubber,28
5910,Radial_car_tyre_stack_001/Stacked_car_tyre_002/Tread_block_029_358,Radial_car_tyre_stack_001,Tyre_rubber,28
5911,Radial_car_tyre_stack_001/Stacked_car_tyre_002/Tread_block_030_359,Radial_car_tyre_stack_001,Tyre_rubber,28
5912,Radial_car_tyre_stack_001/Stacked_car_tyre_002/Tread_block_031_360,Radial_car_tyre_stack_001,Tyre_rubber,28
5913,Radial_car_tyre_stack_001/Stacked_car_tyre_002/Tread_block_032_361,Radial_car_tyre_stack_001,Tyre_rubber,28
5914,Radial_car_tyre_stack_001/Stacked_car_tyre_002/Tread_block_033_362,Radial_car_tyre_stack_001,Tyre_rubber,28
5915,Radial_car_tyre_stack_001/Stacked_car_tyre_002/Tread_block_034_363,Radial_car_tyre_stack_001,Tyre_rubber,28
5916,Radial_car_tyre_stack_001/Stacked_car_tyre_002/Tread_block_035_364,Radial_car_tyre_stack_001,Tyre_rubber,28
5917,Radial_car_tyre_stack_001/Stacked_car_tyre_002/Tread_block_036_365,Radial_car_tyre_stack_001,Tyre_rubber,28
5918,Radial_car_tyre_stack_001/Stacked_car_tyre_002/Tread_block_037_366,Radial_car_tyre_stack_001,Tyre_rubber,28
5919,Radial_car_tyre_stack_001/Stacked_car_tyre_002/Tread_block_038_367,Radial_car_tyre_stack_001,Tyre_rubber,28
5920,Radial_car_tyre_stack_001/Stacked_car_tyre_002/Tread_block_039_368,Radial_car_tyre_stack_001,Tyre_rubber,28
5921,Radial_car_tyre_stack_001/Stacked_car_tyre_002/Tread_block_040_369,Radial_car_tyre_stack_001,Tyre_rubber,28
5922,Radial_car_tyre_stack_001/Stacked_car_tyre_002/Tread_block_041_370,Radial_car_tyre_stack_001,Tyre_rubber,28
5923,Radial_car_tyre_stack_001/Stacked_car_tyre_002/Tread_block_042_371,Radial_car_tyre_stack_001,Tyre_rubber,28
5924,Radial_car_tyre_stack_001/Stacked_car_tyre_002/Tread_block_043_372,Radial_car_tyre_stack_001,Tyre_rubber,28
5925,Radial_car_tyre_stack_001/Stacked_car_tyre_002/Tread_block_044_373,Radial_car_tyre_stack_001,Tyre_rubber,28
5926,Radial_car_tyre_stack_001/Stacked_car_tyre_002/Tread_block_045_374,Radial_car_tyre_stack_001,Tyre_rubber,28
5927,Radial_car_tyre_stack_001/Stacked_car_tyre_002/Tread_block_046_375,Radial_car_tyre_stack_001,Tyre_rubber,28
5928,Radial_car_tyre_stack_001/Stacked_car_tyre_002/Tread_block_047_376,Radial_car_tyre_stack_001,Tyre_rubber,28
5929,Radial_car_tyre_stack_001/Stacked_car_tyre_002/Tread_block_048_377,Radial_car_tyre_stack_001,Tyre_rubber,28
5930,Radial_car_tyre_stack_001/Stacked_car_tyre_002/Tread_block_049_378,Radial_car_tyre_stack_001,Tyre_rubber,28
5931,Radial_car_tyre_stack_001/Stacked_car_tyre_002/Tread_block_050_379,Radial_car_tyre_stack_001,Tyre_rubber,28
5932,Radial_car_tyre_stack_001/Stacked_car_tyre_002/Tread_block_051_380,Radial_car_tyre_stack_001,Tyre_rubber,28
5933,Radial_car_tyre_stack_001/Stacked_car_tyre_002/Tread_block_052_381,Radial_car_tyre_stack_001,Tyre_rubber,28
5934,Radial_car_tyre_stack_001/Stacked_car_tyre_002/Tread_block_053_382,Radial_car_tyre_stack_001,Tyre_rubber,28
5935,Radial_car_tyre_stack_001/Stacked_car_tyre_002/Tread_block_054_383,Radial_car_tyre_stack_001,Tyre_rubber,28
5936,Radial_car_tyre_stack_001/Stacked_car_tyre_002/Tread_block_055_384,Radial_car_tyre_stack_001,Tyre_rubber,28
5937,Radial_car_tyre_stack_001/Stacked_car_tyre_002/Tread_block_056_385,Radial_car_tyre_stack_001,Tyre_rubber,28
5938,Radial_car_tyre_stack_001/Stacked_car_tyre_002/Tread_block_057_386,Radial_car_tyre_stack_001,Tyre_rubber,28
5939,Radial_car_tyre_stack_001/Stacked_car_tyre_002/Tread_block_058_387,Radial_car_tyre_stack_001,Tyre_rubber,28
5940,Radial_car_tyre_stack_001/Stacked_car_tyre_002/Tread_block_059_388,Radial_car_tyre_stack_001,Tyre_rubber,28
5941,Radial_car_tyre_stack_001/Stacked_car_tyre_002/Tread_block_060_389,Radial_car_tyre_stack_001,Tyre_rubber,28
5942,Radial_car_tyre_stack_001/Stacked_car_tyre_002/Tread_block_061_390,Radial_car_tyre_stack_001,Tyre_rubber,28
5943,Radial_car_tyre_stack_001/Stacked_car_tyre_002/Tread_block_062_391,Radial_car_tyre_stack_001,Tyre_rubber,28
5944,Radial_car_tyre_stack_001/Stacked_car_tyre_002/Tread_block_063_392,Radial_car_tyre_stack_001,Tyre_rubber,28
5945,Radial_car_tyre_stack_001/Stacked_car_tyre_002/Tread_block_064_393,Radial_car_tyre_stack_001,Tyre_rubber,28
5946,Radial_car_tyre_stack_001/Stacked_car_tyre_002/Tread_block_065_394,Radial_car_tyre_stack_001,Tyre_rubber,28
5947,Radial_car_tyre_stack_001/Stacked_car_tyre_002/Tread_block_066_395,Radial_car_tyre_stack_001,Tyre_rubber,28
5948,Radial_car_tyre_stack_001/Stacked_car_tyre_002/Tread_block_067_396,Radial_car_tyre_stack_001,Tyre_rubber,28
5949,Radial_car_tyre_stack_001/Stacked_car_tyre_002/Tread_block_068_397,Radial_car_tyre_stack_001,Tyre_rubber,28
5950,Radial_car_tyre_stack_001/Stacked_car_tyre_002/Tread_block_069_398,Radial_car_tyre_stack_001,Tyre_rubber,28
5951,Radial_car_tyre_stack_001/Stacked_car_tyre_002/Tread_block_070_399,Radial_car_tyre_stack_001,Tyre_rubber,28
5952,Radial_car_tyre_stack_001/Stacked_car_tyre_002/Tread_block_071_400,Radial_car_tyre_stack_001,Tyre_rubber,28
5953,Radial_car_tyre_stack_001/Stacked_car_tyre_002/Tread_block_072_401,Radial_car_tyre_stack_001,Tyre_rubber,28
5954,Radial_car_tyre_stack_001/Stacked_car_tyre_002/Tread_block_073_402,Radial_car_tyre_stack_001,Tyre_rubber,28
5955,Radial_car_tyre_stack_001/Stacked_car_tyre_002/Tread_block_074_403,Radial_car_tyre_stack_001,Tyre_rubber,28
5956,Radial_car_tyre_stack_001/Stacked_car_tyre_002/Tread_block_075_404,Radial_car_tyre_stack_001,Tyre_rubber,28
5957,Radial_car_tyre_stack_001/Stacked_car_tyre_002/Tread_block_076_405,Radial_car_tyre_stack_001,Tyre_rubber,28
5958,Radial_car_tyre_stack_001/Stacked_car_tyre_002/Tread_block_077_406,Radial_car_tyre_stack_001,Tyre_rubber,28
5959,Radial_car_tyre_stack_001/Stacked_car_tyre_002/Tread_block_078_407,Radial_car_tyre_stack_001,Tyre_rubber,28
5960,Radial_car_tyre_stack_001/Stacked_car_tyre_002/Tread_block_079_408,Radial_car_tyre_stack_001,Tyre_rubber,28
5961,Radial_car_tyre_stack_001/Stacked_car_tyre_002/Tread_block_080_409,Radial_car_tyre_stack_001,Tyre_rubber,28
5962,Radial_car_tyre_stack_001/Stacked_car_tyre_002/Tread_block_081_410,Radial_car_tyre_stack_001,Tyre_rubber,28
5963,Radial_car_tyre_stack_001/Stacked_car_tyre_002/Tread_block_082_411,Radial_car_tyre_stack_001,Tyre_rubber,28
5964,Radial_car_tyre_stack_001/Stacked_car_tyre_002/Tread_block_083_412,Radial_car_tyre_stack_001,Tyre_rubber,28
5965,Radial_car_tyre_stack_001/Stacked_car_tyre_002/Tread_block_084_413,Radial_car_tyre_stack_001,Tyre_rubber,28
5966,Radial_car_tyre_stack_001/Stacked_car_tyre_002/Tread_block_085_414,Radial_car_tyre_stack_001,Tyre_rubber,28
5967,Radial_car_tyre_stack_001/Stacked_car_tyre_002/Tread_block_086_415,Radial_car_tyre_stack_001,Tyre_rubber,28
5968,Radial_car_tyre_stack_001/Stacked_car_tyre_002/Tread_block_087_416,Radial_car_tyre_stack_001,Tyre_rubber,28
5969,Radial_car_tyre_stack_001/Stacked_car_tyre_002/Tread_block_088_417,Radial_car_tyre_stack_001,Tyre_rubber,28
5970,Radial_car_tyre_stack_001/Stacked_car_tyre_002/Tread_block_089_418,Radial_car_tyre_stack_001,Tyre_rubber,28
5971,Radial_car_tyre_stack_001/Stacked_car_tyre_002/Tread_block_090_419,Radial_car_tyre_stack_001,Tyre_rubber,28
5972,Radial_car_tyre_stack_001/Stacked_car_tyre_002/Tread_block_091_420,Radial_car_tyre_stack_001,Tyre_rubber,28
5973,Radial_car_tyre_stack_001/Stacked_car_tyre_002/Tread_block_092_421,Radial_car_tyre_stack_001,Tyre_rubber,28
5974,Radial_car_tyre_stack_001/Stacked_car_tyre_002/Tread_block_093_422,Radial_car_tyre_stack_001,Tyre_rubber,28
5975,Radial_car_tyre_stack_001/Stacked_car_tyre_002/Tread_block_094_423,Radial_car_tyre_stack_001,Tyre_rubber,28
5976,Radial_car_tyre_stack_001/Stacked_car_tyre_002/Tread_block_095_424,Radial_car_tyre_stack_001,Tyre_rubber,28
5977,Radial_car_tyre_stack_001/Stacked_car_tyre_002/Tread_block_096_425,Radial_car_tyre_stack_001,Tyre_rubber,28
5978,Radial_car_tyre_stack_001/Stacked_car_tyre_002/Tread_block_097_426,Radial_car_tyre_stack_001,Tyre_rubber,28
5979,Radial_car_tyre_stack_001/Stacked_car_tyre_002/Tread_block_098_427,Radial_car_tyre_stack_001,Tyre_rubber,28
5980,Radial_car_tyre_stack_001/Stacked_car_tyre_002/Tread_block_099_428,Radial_car_tyre_stack_001,Tyre_rubber,28
5981,Radial_car_tyre_stack_001/Stacked_car_tyre_002/Tread_block_100_429,Radial_car_tyre_stack_001,Tyre_rubber,28
5982,Radial_car_tyre_stack_001/Stacked_car_tyre_002/Tread_block_101_430,Radial_car_tyre_stack_001,Tyre_rubber,28
5983,Radial_car_tyre_stack_001/Stacked_car_tyre_002/Tread_block_102_431,Radial_car_tyre_stack_001,Tyre_rubber,28
5984,Radial_car_tyre_stack_001/Stacked_car_tyre_002/Tread_block_103_432,Radial_car_tyre_stack_001,Tyre_rubber,28
5985,Radial_car_tyre_stack_001/Stacked_car_tyre_002/Tread_block_104_433,Radial_car_tyre_stack_001,Tyre_rubber,28
5986,Radial_car_tyre_stack_001/Stacked_car_tyre_002/Tread_block_105_434,Radial_car_tyre_stack_001,Tyre_rubber,28
5987,Radial_car_tyre_stack_001/Stacked_car_tyre_002/Tread_block_106_435,Radial_car_tyre_stack_001,Tyre_rubber,28
5988,Radial_car_tyre_stack_001/Stacked_car_tyre_002/Tread_block_107_436,Radial_car_tyre_stack_001,Tyre_rubber,28
5989,Radial_car_tyre_stack_001/Stacked_car_tyre_002/Tread_block_108_437,Radial_car_tyre_stack_001,Tyre_rubber,28
5990,Radial_car_tyre_stack_001/Stacked_car_tyre_002/Tread_block_109_438,Radial_car_tyre_stack_001,Tyre_rubber,28
5991,Radial_car_tyre_stack_001/Stacked_car_tyre_002/Tread_block_110_439,Radial_car_tyre_stack_001,Tyre_rubber,28
5992,Radial_car_tyre_stack_001/Stacked_car_tyre_002/Tread_block_111_440,Radial_car_tyre_stack_001,Tyre_rubber,28
5993,Radial_car_tyre_stack_001/Stacked_car_tyre_002/Tread_block_112_441,Radial_car_tyre_stack_001,Tyre_rubber,28
5994,Radial_car_tyre_stack_001/Stacked_car_tyre_002/Tread_block_113_442,Radial_car_tyre_stack_001,Tyre_rubber,28
5995,Radial_car_tyre_stack_001/Stacked_car_tyre_002/Tread_block_114_443,Radial_car_tyre_stack_001,Tyre_rubber,28
5996,Radial_car_tyre_stack_001/Stacked_car_tyre_002/Tread_block_115_444,Radial_car_tyre_stack_001,Tyre_rubber,28
5997,Radial_car_tyre_stack_001/Stacked_car_tyre_002/Tread_block_116_445,Radial_car_tyre_stack_001,Tyre_rubber,28
5998,Radial_car_tyre_stack_001/Stacked_car_tyre_002/Tread_block_117_446,Radial_car_tyre_stack_001,Tyre_rubber,28
5999,Radial_car_tyre_stack_001/Stacked_car_tyre_002/Tread_block_118_447,Radial_car_tyre_stack_001,Tyre_rubber,28
6000,Radial_car_tyre_stack_001/Stacked_car_tyre_002/Tread_block_119_448,Radial_car_tyre_stack_001,Tyre_rubber,28
6001,Radial_car_tyre_stack_001/Stacked_car_tyre_002/Tread_block_120_449,Radial_car_tyre_stack_001,Tyre_rubber,28
6002,Radial_car_tyre_stack_001/Stacked_car_tyre_002/Tread_block_121_450,Radial_car_tyre_stack_001,Tyre_rubber,28
6003,Radial_car_tyre_stack_001/Stacked_car_tyre_002/Tread_block_122_451,Radial_car_tyre_stack_001,Tyre_rubber,28
6004,Radial_car_tyre_stack_001/Stacked_car_tyre_002/Tread_block_123_452,Radial_car_tyre_stack_001,Tyre_rubber,28
6005,Radial_car_tyre_stack_001/Stacked_car_tyre_002/Tread_block_124_453,Radial_car_tyre_stack_001,Tyre_rubber,28
6006,Radial_car_tyre_stack_001/Stacked_car_tyre_002/Tread_block_125_454,Radial_car_tyre_stack_001,Tyre_rubber,28
6007,Radial_car_tyre_stack_001/Stacked_car_tyre_002/Tread_block_126_455,Radial_car_tyre_stack_001,Tyre_rubber,28
6008,Radial_car_tyre_stack_001/Stacked_car_tyre_002/Tread_block_127_456,Radial_car_tyre_stack_001,Tyre_rubber,28
6009,Radial_car_tyre_stack_001/Stacked_car_tyre_002/Tread_block_128_457,Radial_car_tyre_stack_001,Tyre_rubber,28
6010,Radial_car_tyre_stack_001/Stacked_car_tyre_002/Tread_block_129_458,Radial_car_tyre_stack_001,Tyre_rubber,28
6011,Radial_car_tyre_stack_001/Stacked_car_tyre_002/Tread_block_130_459,Radial_car_tyre_stack_001,Tyre_rubber,28
6012,Radial_car_tyre_stack_001/Stacked_car_tyre_002/Tread_block_131_460,Radial_car_tyre_stack_001,Tyre_rubber,28
6013,Radial_car_tyre_stack_001/Stacked_car_tyre_002/Tread_block_132_461,Radial_car_tyre_stack_001,Tyre_rubber,28
6014,Radial_car_tyre_stack_001/Stacked_car_tyre_002/Tread_block_133_462,Radial_car_tyre_stack_001,Tyre_rubber,28
6015,Radial_car_tyre_stack_001/Stacked_car_tyre_002/Tread_block_134_463,Radial_car_tyre_stack_001,Tyre_rubber,28
6016,Radial_car_tyre_stack_001/Stacked_car_tyre_002/Tread_block_135_464,Radial_car_tyre_stack_001,Tyre_rubber,28
6017,Radial_car_tyre_stack_001/Stacked_car_tyre_002/Tread_block_136_465,Radial_car_tyre_stack_001,Tyre_rubber,28
6018,Radial_car_tyre_stack_001/Stacked_car_tyre_002/Tread_block_137_466,Radial_car_tyre_stack_001,Tyre_rubber,28
6019,Radial_car_tyre_stack_001/Stacked_car_tyre_002/Tread_block_138_467,Radial_car_tyre_stack_001,Tyre_rubber,28
6020,Radial_car_tyre_stack_001/Stacked_car_tyre_002/Tread_block_139_468,Radial_car_tyre_stack_001,Tyre_rubber,28
6021,Radial_car_tyre_stack_001/Stacked_car_tyre_002/Tread_block_140_469,Radial_car_tyre_stack_001,Tyre_rubber,28
6022,Radial_car_tyre_stack_001/Stacked_car_tyre_002/Tread_block_141_470,Radial_car_tyre_stack_001,Tyre_rubber,28
6023,Radial_car_tyre_stack_001/Stacked_car_tyre_002/Tread_block_142_471,Radial_car_tyre_stack_001,Tyre_rubber,28
6024,Radial_car_tyre_stack_001/Stacked_car_tyre_002/Tread_block_143_472,Radial_car_tyre_stack_001,Tyre_rubber,28
6025,Radial_car_tyre_stack_001/Stacked_car_tyre_002/Tread_block_144_473,Radial_car_tyre_stack_001,Tyre_rubber,28
6026,Radial_car_tyre_stack_001/Stacked_car_tyre_002/Tread_block_145_474,Radial_car_tyre_stack_001,Tyre_rubber,28
6027,Radial_car_tyre_stack_001/Stacked_car_tyre_002/Tread_block_146_475,Radial_car_tyre_stack_001,Tyre_rubber,28
6028,Radial_car_tyre_stack_001/Stacked_car_tyre_002/Tread_block_147_476,Radial_car_tyre_stack_001,Tyre_rubber,28
6029,Radial_car_tyre_stack_001/Stacked_car_tyre_002/Tread_block_148_477,Radial_car_tyre_stack_001,Tyre_rubber,28
6030,Radial_car_tyre_stack_001/Stacked_car_tyre_002/Tread_block_149_478,Radial_car_tyre_stack_001,Tyre_rubber,28
6031,Radial_car_tyre_stack_001/Stacked_car_tyre_002/Tread_block_150_479,Radial_car_tyre_stack_001,Tyre_rubber,28
6032,Radial_car_tyre_stack_001/Stacked_car_tyre_002/Tread_block_151_480,Radial_car_tyre_stack_001,Tyre_rubber,28
6033,Radial_car_tyre_stack_001/Stacked_car_tyre_002/Tread_block_152_481,Radial_car_tyre_stack_001,Tyre_rubber,28
6034,Radial_car_tyre_stack_001/Stacked_car_tyre_002/Tread_block_153_482,Radial_car_tyre_stack_001,Tyre_rubber,28
6035,Radial_car_tyre_stack_001/Stacked_car_tyre_002/Tread_block_154_483,Radial_car_tyre_stack_001,Tyre_rubber,28
6036,Radial_car_tyre_stack_001/Stacked_car_tyre_002/Tread_block_155_484,Radial_car_tyre_stack_001,Tyre_rubber,28
6037,Radial_car_tyre_stack_001/Stacked_car_tyre_002/Tread_block_156_485,Radial_car_tyre_stack_001,Tyre_rubber,28
6038,Radial_car_tyre_stack_001/Stacked_car_tyre_002/Tread_block_157_486,Radial_car_tyre_stack_001,Tyre_rubber,28
6039,Radial_car_tyre_stack_001/Stacked_car_tyre_002/Tread_block_158_487,Radial_car_tyre_stack_001,Tyre_rubber,28
6040,Radial_car_tyre_stack_001/Stacked_car_tyre_002/Tread_block_159_488,Radial_car_tyre_stack_001,Tyre_rubber,28
6041,Radial_car_tyre_stack_001/Stacked_car_tyre_002/Tread_block_160_489,Radial_car_tyre_stack_001,Tyre_rubber,28
6042,Radial_car_tyre_stack_001/Stacked_car_tyre_002/Tread_block_161_490,Radial_car_tyre_stack_001,Tyre_rubber,28
6043,Radial_car_tyre_stack_001/Stacked_car_tyre_002/Tread_block_162_491,Radial_car_tyre_stack_001,Tyre_rubber,28
6044,Radial_car_tyre_stack_001/Stacked_car_tyre_002/Tread_block_163_492,Radial_car_tyre_stack_001,Tyre_rubber,28
6045,Radial_car_tyre_stack_001/Stacked_car_tyre_002/Tread_block_164_493,Radial_car_tyre_stack_001,Tyre_rubber,28
6046,Radial_car_tyre_stack_001/Stacked_car_tyre_002/Tread_block_165_494,Radial_car_tyre_stack_001,Tyre_rubber,28
6047,Radial_car_tyre_stack_001/Stacked_car_tyre_002/Tread_block_166_495,Radial_car_tyre_stack_001,Tyre_rubber,28
6048,Radial_car_tyre_stack_001/Stacked_car_tyre_002/Tread_block_167_496,Radial_car_tyre_stack_001,Tyre_rubber,28
6049,Radial_car_tyre_stack_001/Stacked_car_tyre_002/Tread_block_168_497,Radial_car_tyre_stack_001,Tyre_rubber,28
6050,Radial_car_tyre_stack_001/Stacked_car_tyre_002/Tread_block_169_498,Radial_car_tyre_stack_001,Tyre_rubber,28
6051,Radial_car_tyre_stack_001/Stacked_car_tyre_002/Tread_block_170_499,Radial_car_tyre_stack_001,Tyre_rubber,28
6052,Radial_car_tyre_stack_001/Stacked_car_tyre_002/Tread_block_171_500,Radial_car_tyre_stack_001,Tyre_rubber,28
6053,Radial_car_tyre_stack_001/Stacked_car_tyre_002/Tread_block_172_501,Radial_car_tyre_stack_001,Tyre_rubber,28
6054,Radial_car_tyre_stack_001/Stacked_car_tyre_002/Tread_block_173_502,Radial_car_tyre_stack_001,Tyre_rubber,28
6055,Radial_car_tyre_stack_001/Stacked_car_tyre_002/Tread_block_174_503,Radial_car_tyre_stack_001,Tyre_rubber,28
6056,Radial_car_tyre_stack_001/Stacked_car_tyre_002/Tread_block_175_504,Radial_car_tyre_stack_001,Tyre_rubber,28
6057,Radial_car_tyre_stack_001/Stacked_car_tyre_002/Tread_block_176_505,Radial_car_tyre_stack_001,Tyre_rubber,28
6058,Radial_car_tyre_stack_001/Stacked_car_tyre_002/Tread_block_177_506,Radial_car_tyre_stack_001,Tyre_rubber,28
6059,Radial_car_tyre_stack_001/Stacked_car_tyre_002/Tread_block_178_507,Radial_car_tyre_stack_001,Tyre_rubber,28
6060,Radial_car_tyre_stack_001/Stacked_car_tyre_002/Tread_block_179_508,Radial_car_tyre_stack_001,Tyre_rubber,28
6061,Radial_car_tyre_stack_001/Stacked_car_tyre_002/Tread_block_180_509,Radial_car_tyre_stack_001,Tyre_rubber,28
6062,Radial_car_tyre_stack_001/Stacked_car_tyre_002/Tread_block_181_510,Radial_car_tyre_stack_001,Tyre_rubber,28
6063,Radial_car_tyre_stack_001/Stacked_car_tyre_002/Tread_block_182_511,Radial_car_tyre_stack_001,Tyre_rubber,28
6064,Radial_car_tyre_stack_001/Stacked_car_tyre_002/Tread_block_183_512,Radial_car_tyre_stack_001,Tyre_rubber,28
6065,Radial_car_tyre_stack_001/Stacked_car_tyre_002/Tread_block_184_513,Radial_car_tyre_stack_001,Tyre_rubber,28
6066,Radial_car_tyre_stack_001/Stacked_car_tyre_002/Tread_block_185_514,Radial_car_tyre_stack_001,Tyre_rubber,28
6067,Radial_car_tyre_stack_001/Stacked_car_tyre_002/Tread_block_186_515,Radial_car_tyre_stack_001,Tyre_rubber,28
6068,Radial_car_tyre_stack_001/Stacked_car_tyre_002/Tread_block_187_516,Radial_car_tyre_stack_001,Tyre_rubber,28
6069,Radial_car_tyre_stack_001/Stacked_car_tyre_002/Tread_block_188_517,Radial_car_tyre_stack_001,Tyre_rubber,28
6070,Radial_car_tyre_stack_001/Stacked_car_tyre_002/Tread_block_189_518,Radial_car_tyre_stack_001,Tyre_rubber,28
6071,Radial_car_tyre_stack_001/Stacked_car_tyre_002/Tread_block_190_519,Radial_car_tyre_stack_001,Tyre_rubber,28
6072,Radial_car_tyre_stack_001/Stacked_car_tyre_002/Tread_block_191_520,Radial_car_tyre_stack_001,Tyre_rubber,28
6073,Radial_car_tyre_stack_001/Stacked_car_tyre_002/Tread_block_192_521,Radial_car_tyre_stack_001,Tyre_rubber,28
6074,Radial_car_tyre_stack_001/Stacked_car_tyre_002/Tread_block_193_522,Radial_car_tyre_stack_001,Tyre_rubber,28
6075,Radial_car_tyre_stack_001/Stacked_car_tyre_002/Tread_block_194_523,Radial_car_tyre_stack_001,Tyre_rubber,28
6076,Radial_car_tyre_stack_001/Stacked_car_tyre_002/Tread_block_195_524,Radial_car_tyre_stack_001,Tyre_rubber,28
6077,Radial_car_tyre_stack_001/Stacked_car_tyre_002/Tread_block_196_525,Radial_car_tyre_stack_001,Tyre_rubber,28
6078,Radial_car_tyre_stack_001/Stacked_car_tyre_002/Tread_block_197_526,Radial_car_tyre_stack_001,Tyre_rubber,28
6079,Radial_car_tyre_stack_001/Stacked_car_tyre_002/Tread_block_198_527,Radial_car_tyre_stack_001,Tyre_rubber,28
6080,Radial_car_tyre_stack_001/Stacked_car_tyre_002/Tread_block_199_528,Radial_car_tyre_stack_001,Tyre_rubber,28
6081,Radial_car_tyre_stack_001/Stacked_car_tyre_002/Tread_block_200_529,Radial_car_tyre_stack_001,Tyre_rubber,28
6082,Radial_car_tyre_stack_001/Stacked_car_tyre_002/Tread_block_201_530,Radial_car_tyre_stack_001,Tyre_rubber,28
6083,Radial_car_tyre_stack_001/Stacked_car_tyre_002/Tread_block_202_531,Radial_car_tyre_stack_001,Tyre_rubber,28
6084,Radial_car_tyre_stack_001/Stacked_car_tyre_002/Tread_block_203_532,Radial_car_tyre_stack_001,Tyre_rubber,28
6085,Radial_car_tyre_stack_001/Stacked_car_tyre_002/Tread_block_204_533,Radial_car_tyre_stack_001,Tyre_rubber,28
6086,Radial_car_tyre_stack_001/Stacked_car_tyre_002/Tread_block_205_534,Radial_car_tyre_stack_001,Tyre_rubber,28
6087,Radial_car_tyre_stack_001/Stacked_car_tyre_002/Tread_block_206_535,Radial_car_tyre_stack_001,Tyre_rubber,28
6088,Radial_car_tyre_stack_001/Stacked_car_tyre_002/Tread_block_207_536,Radial_car_tyre_stack_001,Tyre_rubber,28
6089,Radial_car_tyre_stack_001/Stacked_car_tyre_002/Tread_block_208_537,Radial_car_tyre_stack_001,Tyre_rubber,28
6090,Radial_car_tyre_stack_001/Stacked_car_tyre_002/Tread_block_209_538,Radial_car_tyre_stack_001,Tyre_rubber,28
6091,Radial_car_tyre_stack_001/Stacked_car_tyre_002/Tread_block_210_539,Radial_car_tyre_stack_001,Tyre_rubber,28
6092,Radial_car_tyre_stack_001/Stacked_car_tyre_002/Tread_block_211_540,Radial_car_tyre_stack_001,Tyre_rubber,28
6093,Radial_car_tyre_stack_001/Stacked_car_tyre_002/Tread_block_212_541,Radial_car_tyre_stack_001,Tyre_rubber,28
6094,Radial_car_tyre_stack_001/Stacked_car_tyre_002/Tread_block_213_542,Radial_car_tyre_stack_001,Tyre_rubber,28
6095,Radial_car_tyre_stack_001/Stacked_car_tyre_002/Tread_block_214_543,Radial_car_tyre_stack_001,Tyre_rubber,28
6096,Radial_car_tyre_stack_001/Stacked_car_tyre_002/Tread_block_215_544,Radial_car_tyre_stack_001,Tyre_rubber,28
6097,Radial_car_tyre_stack_001/Stacked_car_tyre_002/Tread_block_216_545,Radial_car_tyre_stack_001,Tyre_rubber,28
6098,Radial_car_tyre_stack_001/Stacked_car_tyre_002/Tread_block_217_546,Radial_car_tyre_stack_001,Tyre_rubber,28
6099,Radial_car_tyre_stack_001/Stacked_car_tyre_002/Tread_block_218_547,Radial_car_tyre_stack_001,Tyre_rubber,28
6100,Radial_car_tyre_stack_001/Stacked_car_tyre_002/Tread_block_219_548,Radial_car_tyre_stack_001,Tyre_rubber,28
6101,Radial_car_tyre_stack_001/Stacked_car_tyre_002/Tread_block_220_549,Radial_car_tyre_stack_001,Tyre_rubber,28
6102,Radial_car_tyre_stack_001/Stacked_car_tyre_002/Tread_block_221_550,Radial_car_tyre_stack_001,Tyre_rubber,28
6103,Radial_car_tyre_stack_001/Stacked_car_tyre_002/Tread_block_222_551,Radial_car_tyre_stack_001,Tyre_rubber,28
6104,Radial_car_tyre_stack_001/Stacked_car_tyre_002/Tread_block_223_552,Radial_car_tyre_stack_001,Tyre_rubber,28
6105,Radial_car_tyre_stack_001/Stacked_car_tyre_002/Tread_block_224_553,Radial_car_tyre_stack_001,Tyre_rubber,28
6106,Radial_car_tyre_stack_001/Stacked_car_tyre_002/Tread_block_225_554,Radial_car_tyre_stack_001,Tyre_rubber,28
6107,Radial_car_tyre_stack_001/Stacked_car_tyre_002/Tread_block_226_555,Radial_car_tyre_stack_001,Tyre_rubber,28
6108,Radial_car_tyre_stack_001/Stacked_car_tyre_002/Tread_block_227_556,Radial_car_tyre_stack_001,Tyre_rubber,28
6109,Radial_car_tyre_stack_001/Stacked_car_tyre_002/Tread_block_228_557,Radial_car_tyre_stack_001,Tyre_rubber,28
6110,Radial_car_tyre_stack_001/Stacked_car_tyre_002/Tread_block_229_558,Radial_car_tyre_stack_001,Tyre_rubber,28
6111,Radial_car_tyre_stack_001/Stacked_car_tyre_002/Tread_block_230_559,Radial_car_tyre_stack_001,Tyre_rubber,28
6112,Radial_car_tyre_stack_001/Stacked_car_tyre_002/Tread_block_231_560,Radial_car_tyre_stack_001,Tyre_rubber,28
6113,Radial_car_tyre_stack_001/Stacked_car_tyre_002/Tread_block_232_561,Radial_car_tyre_stack_001,Tyre_rubber,28
6114,Radial_car_tyre_stack_001/Stacked_car_tyre_002/Tread_block_233_562,Radial_car_tyre_stack_001,Tyre_rubber,28
6115,Radial_car_tyre_stack_001/Stacked_car_tyre_002/Tread_block_234_563,Radial_car_tyre_stack_001,Tyre_rubber,28
6116,Radial_car_tyre_stack_001/Stacked_car_tyre_002/Tread_block_235_564,Radial_car_tyre_stack_001,Tyre_rubber,28
6117,Radial_car_tyre_stack_001/Stacked_car_tyre_002/Tread_block_236_565,Radial_car_tyre_stack_001,Tyre_rubber,28
6118,Radial_car_tyre_stack_001/Stacked_car_tyre_002/Tread_block_237_566,Radial_car_tyre_stack_001,Tyre_rubber,28
6119,Radial_car_tyre_stack_001/Stacked_car_tyre_002/Tread_block_238_567,Radial_car_tyre_stack_001,Tyre_rubber,28
6120,Radial_car_tyre_stack_001/Stacked_car_tyre_002/Tread_block_239_568,Radial_car_tyre_stack_001,Tyre_rubber,28
6121,Radial_car_tyre_stack_001/Stacked_car_tyre_002/Tread_block_240_569,Radial_car_tyre_stack_001,Tyre_rubber,28
6122,Radial_car_tyre_stack_001/Stacked_car_tyre_002/Tread_block_241_570,Radial_car_tyre_stack_001,Tyre_rubber,28
6123,Radial_car_tyre_stack_001/Stacked_car_tyre_002/Tread_block_242_571,Radial_car_tyre_stack_001,Tyre_rubber,28
6124,Radial_car_tyre_stack_001/Stacked_car_tyre_002/Tread_block_243_572,Radial_car_tyre_stack_001,Tyre_rubber,28
6125,Radial_car_tyre_stack_001/Stacked_car_tyre_002/Tread_block_244_573,Radial_car_tyre_stack_001,Tyre_rubber,28
6126,Radial_car_tyre_stack_001/Stacked_car_tyre_002/Tread_block_245_574,Radial_car_tyre_stack_001,Tyre_rubber,28
6127,Radial_car_tyre_stack_001/Stacked_car_tyre_002/Tread_block_246_575,Radial_car_tyre_stack_001,Tyre_rubber,28
6128,Radial_car_tyre_stack_001/Stacked_car_tyre_002/Tread_block_247_576,Radial_car_tyre_stack_001,Tyre_rubber,28
6129,Radial_car_tyre_stack_001/Stacked_car_tyre_002/Tread_block_248_577,Radial_car_tyre_stack_001,Tyre_rubber,28
6130,Radial_car_tyre_stack_001/Stacked_car_tyre_002/Tread_block_249_578,Radial_car_tyre_stack_001,Tyre_rubber,28
6131,Radial_car_tyre_stack_001/Stacked_car_tyre_002/Tread_block_250_579,Radial_car_tyre_stack_001,Tyre_rubber,28
6132,Radial_car_tyre_stack_001/Stacked_car_tyre_002/Tread_block_251_580,Radial_car_tyre_stack_001,Tyre_rubber,28
6133,Radial_car_tyre_stack_001/Stacked_car_tyre_002/Tread_block_252_581,Radial_car_tyre_stack_001,Tyre_rubber,28
6134,Radial_car_tyre_stack_001/Stacked_car_tyre_002/Tread_block_253_582,Radial_car_tyre_stack_001,Tyre_rubber,28
6135,Radial_car_tyre_stack_001/Stacked_car_tyre_002/Tread_block_254_583,Radial_car_tyre_stack_001,Tyre_rubber,28
6136,Radial_car_tyre_stack_001/Stacked_car_tyre_002/Tread_block_255_584,Radial_car_tyre_stack_001,Tyre_rubber,28
6137,Radial_car_tyre_stack_001/Stacked_car_tyre_002/Tread_block_256_585,Radial_car_tyre_stack_001,Tyre_rubber,28
6138,Radial_car_tyre_stack_001/Stacked_car_tyre_002/Tread_block_257_586,Radial_car_tyre_stack_001,Tyre_rubber,28
6139,Radial_car_tyre_stack_001/Stacked_car_tyre_002/Tread_block_258_587,Radial_car_tyre_stack_001,Tyre_rubber,28
6140,Radial_car_tyre_stack_001/Stacked_car_tyre_002/Tread_block_259_588,Radial_car_tyre_stack_001,Tyre_rubber,28
6141,Radial_car_tyre_stack_001/Stacked_car_tyre_002/Tread_block_260_589,Radial_car_tyre_stack_001,Tyre_rubber,28
6142,Radial_car_tyre_stack_001/Stacked_car_tyre_002/Tread_block_261_590,Radial_car_tyre_stack_001,Tyre_rubber,28
6143,Radial_car_tyre_stack_001/Stacked_car_tyre_002/Tread_block_262_591,Radial_car_tyre_stack_001,Tyre_rubber,28
6144,Radial_car_tyre_stack_001/Stacked_car_tyre_002/Tread_block_263_592,Radial_car_tyre_stack_001,Tyre_rubber,28
6145,Radial_car_tyre_stack_001/Stacked_car_tyre_002/Tread_block_264_593,Radial_car_tyre_stack_001,Tyre_rubber,28
6146,Radial_car_tyre_stack_001/Stacked_car_tyre_002/Tread_block_265_594,Radial_car_tyre_stack_001,Tyre_rubber,28
6147,Radial_car_tyre_stack_001/Stacked_car_tyre_002/Tread_block_266_595,Radial_car_tyre_stack_001,Tyre_rubber,28
6148,Radial_car_tyre_stack_001/Stacked_car_tyre_002/Tread_block_267_596,Radial_car_tyre_stack_001,Tyre_rubber,28
6149,Radial_car_tyre_stack_001/Stacked_car_tyre_002/Tread_block_268_597,Radial_car_tyre_stack_001,Tyre_rubber,28
6150,Radial_car_tyre_stack_001/Stacked_car_tyre_002/Tread_block_269_598,Radial_car_tyre_stack_001,Tyre_rubber,28
6151,Radial_car_tyre_stack_001/Stacked_car_tyre_002/Tread_block_270_599,Radial_car_tyre_stack_001,Tyre_rubber,28
6152,Radial_car_tyre_stack_001/Stacked_car_tyre_002/Tread_block_271_600,Radial_car_tyre_stack_001,Tyre_rubber,28
6153,Radial_car_tyre_stack_001/Stacked_car_tyre_002/Tread_block_272_601,Radial_car_tyre_stack_001,Tyre_rubber,28
6154,Radial_car_tyre_stack_001/Stacked_car_tyre_002/Tread_block_273_602,Radial_car_tyre_stack_001,Tyre_rubber,28
6155,Radial_car_tyre_stack_001/Stacked_car_tyre_002/Tread_block_274_603,Radial_car_tyre_stack_001,Tyre_rubber,28
6156,Radial_car_tyre_stack_001/Stacked_car_tyre_002/Tread_block_275_604,Radial_car_tyre_stack_001,Tyre_rubber,28
6157,Radial_car_tyre_stack_001/Stacked_car_tyre_002/Tread_block_276_605,Radial_car_tyre_stack_001,Tyre_rubber,28
6158,Radial_car_tyre_stack_001/Stacked_car_tyre_002/Tread_block_277_606,Radial_car_tyre_stack_001,Tyre_rubber,28
6159,Radial_car_tyre_stack_001/Stacked_car_tyre_002/Tread_block_278_607,Radial_car_tyre_stack_001,Tyre_rubber,28
6160,Radial_car_tyre_stack_001/Stacked_car_tyre_002/Tread_block_279_608,Radial_car_tyre_stack_001,Tyre_rubber,28
6161,Radial_car_tyre_stack_001/Stacked_car_tyre_002/Tread_block_280_609,Radial_car_tyre_stack_001,Tyre_rubber,28
6162,Radial_car_tyre_stack_001/Stacked_car_tyre_002/Tread_block_281_610,Radial_car_tyre_stack_001,Tyre_rubber,28
6163,Radial_car_tyre_stack_001/Stacked_car_tyre_002/Tread_block_282_611,Radial_car_tyre_stack_001,Tyre_rubber,28
6164,Radial_car_tyre_stack_001/Stacked_car_tyre_002/Tread_block_283_612,Radial_car_tyre_stack_001,Tyre_rubber,28
6165,Radial_car_tyre_stack_001/Stacked_car_tyre_002/Tread_block_284_613,Radial_car_tyre_stack_001,Tyre_rubber,28
6166,Radial_car_tyre_stack_001/Stacked_car_tyre_002/Tread_block_285_614,Radial_car_tyre_stack_001,Tyre_rubber,28
6167,Radial_car_tyre_stack_001/Stacked_car_tyre_002/Tread_block_286_615,Radial_car_tyre_stack_001,Tyre_rubber,28
6168,Radial_car_tyre_stack_001/Stacked_car_tyre_002/Tread_block_287_616,Radial_car_tyre_stack_001,Tyre_rubber,28
6169,Radial_car_tyre_stack_001/Stacked_car_tyre_002/Tread_block_288_617,Radial_car_tyre_stack_001,Tyre_rubber,28
6170,Radial_car_tyre_stack_001/Stacked_car_tyre_002/Tread_block_289_618,Radial_car_tyre_stack_001,Tyre_rubber,28
6171,Radial_car_tyre_stack_001/Stacked_car_tyre_002/Tread_block_290_619,Radial_car_tyre_stack_001,Tyre_rubber,28
6172,Radial_car_tyre_stack_001/Stacked_car_tyre_002/Tread_block_291_620,Radial_car_tyre_stack_001,Tyre_rubber,28
6173,Radial_car_tyre_stack_001/Stacked_car_tyre_002/Tread_block_292_621,Radial_car_tyre_stack_001,Tyre_rubber,28
6174,Radial_car_tyre_stack_001/Stacked_car_tyre_002/Tread_block_293_622,Radial_car_tyre_stack_001,Tyre_rubber,28
6175,Radial_car_tyre_stack_001/Stacked_car_tyre_002/Tread_block_294_623,Radial_car_tyre_stack_001,Tyre_rubber,28
6176,Radial_car_tyre_stack_001/Stacked_car_tyre_002/Tread_block_295_624,Radial_car_tyre_stack_001,Tyre_rubber,28
6177,Radial_car_tyre_stack_001/Stacked_car_tyre_002/Tread_block_296_625,Radial_car_tyre_stack_001,Tyre_rubber,28
6178,Radial_car_tyre_stack_001/Stacked_car_tyre_002/Tread_block_297_626,Radial_car_tyre_stack_001,Tyre_rubber,28
6179,Radial_car_tyre_stack_001/Stacked_car_tyre_002/Tread_block_298_627,Radial_car_tyre_stack_001,Tyre_rubber,28
6180,Radial_car_tyre_stack_001/Stacked_car_tyre_002/Tread_block_299_628,Radial_car_tyre_stack_001,Tyre_rubber,28
6181,Radial_car_tyre_stack_001/Stacked_car_tyre_002/Tread_block_300_629,Radial_car_tyre_stack_001,Tyre_rubber,28
6182,Radial_car_tyre_stack_001/Stacked_car_tyre_002/Tread_block_301_630,Radial_car_tyre_stack_001,Tyre_rubber,28
6183,Radial_car_tyre_stack_001/Stacked_car_tyre_002/Tread_block_302_631,Radial_car_tyre_stack_001,Tyre_rubber,28
6184,Radial_car_tyre_stack_001/Stacked_car_tyre_002/Tread_block_303_632,Radial_car_tyre_stack_001,Tyre_rubber,28
6185,Radial_car_tyre_stack_001/Stacked_car_tyre_002/Tread_block_304_633,Radial_car_tyre_stack_001,Tyre_rubber,28
6186,Radial_car_tyre_stack_001/Stacked_car_tyre_002/Tread_block_305_634,Radial_car_tyre_stack_001,Tyre_rubber,28
6187,Radial_car_tyre_stack_001/Stacked_car_tyre_002/Tread_block_306_635,Radial_car_tyre_stack_001,Tyre_rubber,28
6188,Radial_car_tyre_stack_001/Stacked_car_tyre_002/Tread_block_307_636,Radial_car_tyre_stack_001,Tyre_rubber,28
6189,Radial_car_tyre_stack_001/Stacked_car_tyre_002/Tread_block_308_637,Radial_car_tyre_stack_001,Tyre_rubber,28
6190,Radial_car_tyre_stack_001/Stacked_car_tyre_002/Tread_block_309_638,Radial_car_tyre_stack_001,Tyre_rubber,28
6191,Radial_car_tyre_stack_001/Stacked_car_tyre_002/Tread_block_310_639,Radial_car_tyre_stack_001,Tyre_rubber,28
6192,Radial_car_tyre_stack_001/Stacked_car_tyre_002/Tread_block_311_640,Radial_car_tyre_stack_001,Tyre_rubber,28
6193,Radial_car_tyre_stack_001/Stacked_car_tyre_002/Tread_block_312_641,Radial_car_tyre_stack_001,Tyre_rubber,28
6194,Radial_car_tyre_stack_001/Stacked_car_tyre_002/Tread_block_313_642,Radial_car_tyre_stack_001,Tyre_rubber,28
6195,Radial_car_tyre_stack_001/Stacked_car_tyre_002/Tread_block_314_643,Radial_car_tyre_stack_001,Tyre_rubber,28
6196,Radial_car_tyre_stack_001/Stacked_car_tyre_002/Tread_block_315_644,Radial_car_tyre_stack_001,Tyre_rubber,28
6197,Radial_car_tyre_stack_001/Stacked_car_tyre_002/Tread_block_316_645,Radial_car_tyre_stack_001,Tyre_rubber,28
6198,Radial_car_tyre_stack_001/Stacked_car_tyre_002/Tread_block_317_646,Radial_car_tyre_stack_001,Tyre_rubber,28
6199,Radial_car_tyre_stack_001/Stacked_car_tyre_002/Tread_block_318_647,Radial_car_tyre_stack_001,Tyre_rubber,28
6200,Radial_car_tyre_stack_001/Stacked_car_tyre_002/Tread_block_319_648,Radial_car_tyre_stack_001,Tyre_rubber,28
6201,Radial_car_tyre_stack_001/Stacked_car_tyre_002/Tread_block_320_649,Radial_car_tyre_stack_001,Tyre_rubber,28
6202,Radial_car_tyre_stack_001/Stacked_car_tyre_002/Bead_lip_321_650,Radial_car_tyre_stack_001,Tyre_rubber,768
6203,Radial_car_tyre_stack_001/Stacked_car_tyre_002/Moulded_sidewall_line_322_651,Radial_car_tyre_stack_001,Tyre_rubber,512
6204,Radial_car_tyre_stack_001/Stacked_car_tyre_002/Inner_sidewall_line_323_652,Radial_car_tyre_stack_001,Tyre_rubber,512
6205,Radial_car_tyre_stack_001/Stacked_car_tyre_002/Bead_lip_324_653,Radial_car_tyre_stack_001,Tyre_rubber,768
6206,Radial_car_tyre_stack_001/Stacked_car_tyre_002/Moulded_sidewall_line_325_654,Radial_car_tyre_stack_001,Tyre_rubber,512
6207,Radial_car_tyre_stack_001/Stacked_car_tyre_002/Inner_sidewall_line_326_655,Radial_car_tyre_stack_001,Tyre_rubber,512
6208,Radial_car_tyre_stack_001/Stacked_car_tyre_002/Embossed_tyre_specification_327_656,Radial_car_tyre_stack_001,Moulded_tyresize_235_40_R18,128
6209,Radial_car_tyre_stack_001/Stacked_car_tyre_002/Embossed_tyre_specification_reverse_328_657,Radial_car_tyre_stack_001,Moulded_tyresize_235_40_R18,128
6210,Radial_car_tyre_stack_001/Stacked_car_tyre_003/Tyre_carcass_235_40_R18_000_658,Radial_car_tyre_stack_001,Tyre_rubber,3072
6211,Radial_car_tyre_stack_001/Stacked_car_tyre_003/Tread_block_001_659,Radial_car_tyre_stack_001,Tyre_rubber,28
6212,Radial_car_tyre_stack_001/Stacked_car_tyre_003/Tread_block_002_660,Radial_car_tyre_stack_001,Tyre_rubber,28
6213,Radial_car_tyre_stack_001/Stacked_car_tyre_003/Tread_block_003_661,Radial_car_tyre_stack_001,Tyre_rubber,28
6214,Radial_car_tyre_stack_001/Stacked_car_tyre_003/Tread_block_004_662,Radial_car_tyre_stack_001,Tyre_rubber,28
6215,Radial_car_tyre_stack_001/Stacked_car_tyre_003/Tread_block_005_663,Radial_car_tyre_stack_001,Tyre_rubber,28
6216,Radial_car_tyre_stack_001/Stacked_car_tyre_003/Tread_block_006_664,Radial_car_tyre_stack_001,Tyre_rubber,28
6217,Radial_car_tyre_stack_001/Stacked_car_tyre_003/Tread_block_007_665,Radial_car_tyre_stack_001,Tyre_rubber,28
6218,Radial_car_tyre_stack_001/Stacked_car_tyre_003/Tread_block_008_666,Radial_car_tyre_stack_001,Tyre_rubber,28
6219,Radial_car_tyre_stack_001/Stacked_car_tyre_003/Tread_block_009_667,Radial_car_tyre_stack_001,Tyre_rubber,28
6220,Radial_car_tyre_stack_001/Stacked_car_tyre_003/Tread_block_010_668,Radial_car_tyre_stack_001,Tyre_rubber,28
6221,Radial_car_tyre_stack_001/Stacked_car_tyre_003/Tread_block_011_669,Radial_car_tyre_stack_001,Tyre_rubber,28
6222,Radial_car_tyre_stack_001/Stacked_car_tyre_003/Tread_block_012_670,Radial_car_tyre_stack_001,Tyre_rubber,28
6223,Radial_car_tyre_stack_001/Stacked_car_tyre_003/Tread_block_013_671,Radial_car_tyre_stack_001,Tyre_rubber,28
6224,Radial_car_tyre_stack_001/Stacked_car_tyre_003/Tread_block_014_672,Radial_car_tyre_stack_001,Tyre_rubber,28
6225,Radial_car_tyre_stack_001/Stacked_car_tyre_003/Tread_block_015_673,Radial_car_tyre_stack_001,Tyre_rubber,28
6226,Radial_car_tyre_stack_001/Stacked_car_tyre_003/Tread_block_016_674,Radial_car_tyre_stack_001,Tyre_rubber,28
6227,Radial_car_tyre_stack_001/Stacked_car_tyre_003/Tread_block_017_675,Radial_car_tyre_stack_001,Tyre_rubber,28
6228,Radial_car_tyre_stack_001/Stacked_car_tyre_003/Tread_block_018_676,Radial_car_tyre_stack_001,Tyre_rubber,28
6229,Radial_car_tyre_stack_001/Stacked_car_tyre_003/Tread_block_019_677,Radial_car_tyre_stack_001,Tyre_rubber,28
6230,Radial_car_tyre_stack_001/Stacked_car_tyre_003/Tread_block_020_678,Radial_car_tyre_stack_001,Tyre_rubber,28
6231,Radial_car_tyre_stack_001/Stacked_car_tyre_003/Tread_block_021_679,Radial_car_tyre_stack_001,Tyre_rubber,28
6232,Radial_car_tyre_stack_001/Stacked_car_tyre_003/Tread_block_022_680,Radial_car_tyre_stack_001,Tyre_rubber,28
6233,Radial_car_tyre_stack_001/Stacked_car_tyre_003/Tread_block_023_681,Radial_car_tyre_stack_001,Tyre_rubber,28
6234,Radial_car_tyre_stack_001/Stacked_car_tyre_003/Tread_block_024_682,Radial_car_tyre_stack_001,Tyre_rubber,28
6235,Radial_car_tyre_stack_001/Stacked_car_tyre_003/Tread_block_025_683,Radial_car_tyre_stack_001,Tyre_rubber,28
6236,Radial_car_tyre_stack_001/Stacked_car_tyre_003/Tread_block_026_684,Radial_car_tyre_stack_001,Tyre_rubber,28
6237,Radial_car_tyre_stack_001/Stacked_car_tyre_003/Tread_block_027_685,Radial_car_tyre_stack_001,Tyre_rubber,28
6238,Radial_car_tyre_stack_001/Stacked_car_tyre_003/Tread_block_028_686,Radial_car_tyre_stack_001,Tyre_rubber,28
6239,Radial_car_tyre_stack_001/Stacked_car_tyre_003/Tread_block_029_687,Radial_car_tyre_stack_001,Tyre_rubber,28
6240,Radial_car_tyre_stack_001/Stacked_car_tyre_003/Tread_block_030_688,Radial_car_tyre_stack_001,Tyre_rubber,28
6241,Radial_car_tyre_stack_001/Stacked_car_tyre_003/Tread_block_031_689,Radial_car_tyre_stack_001,Tyre_rubber,28
6242,Radial_car_tyre_stack_001/Stacked_car_tyre_003/Tread_block_032_690,Radial_car_tyre_stack_001,Tyre_rubber,28
6243,Radial_car_tyre_stack_001/Stacked_car_tyre_003/Tread_block_033_691,Radial_car_tyre_stack_001,Tyre_rubber,28
6244,Radial_car_tyre_stack_001/Stacked_car_tyre_003/Tread_block_034_692,Radial_car_tyre_stack_001,Tyre_rubber,28
6245,Radial_car_tyre_stack_001/Stacked_car_tyre_003/Tread_block_035_693,Radial_car_tyre_stack_001,Tyre_rubber,28
6246,Radial_car_tyre_stack_001/Stacked_car_tyre_003/Tread_block_036_694,Radial_car_tyre_stack_001,Tyre_rubber,28
6247,Radial_car_tyre_stack_001/Stacked_car_tyre_003/Tread_block_037_695,Radial_car_tyre_stack_001,Tyre_rubber,28
6248,Radial_car_tyre_stack_001/Stacked_car_tyre_003/Tread_block_038_696,Radial_car_tyre_stack_001,Tyre_rubber,28
6249,Radial_car_tyre_stack_001/Stacked_car_tyre_003/Tread_block_039_697,Radial_car_tyre_stack_001,Tyre_rubber,28
6250,Radial_car_tyre_stack_001/Stacked_car_tyre_003/Tread_block_040_698,Radial_car_tyre_stack_001,Tyre_rubber,28
6251,Radial_car_tyre_stack_001/Stacked_car_tyre_003/Tread_block_041_699,Radial_car_tyre_stack_001,Tyre_rubber,28
6252,Radial_car_tyre_stack_001/Stacked_car_tyre_003/Tread_block_042_700,Radial_car_tyre_stack_001,Tyre_rubber,28
6253,Radial_car_tyre_stack_001/Stacked_car_tyre_003/Tread_block_043_701,Radial_car_tyre_stack_001,Tyre_rubber,28
6254,Radial_car_tyre_stack_001/Stacked_car_tyre_003/Tread_block_044_702,Radial_car_tyre_stack_001,Tyre_rubber,28
6255,Radial_car_tyre_stack_001/Stacked_car_tyre_003/Tread_block_045_703,Radial_car_tyre_stack_001,Tyre_rubber,28
6256,Radial_car_tyre_stack_001/Stacked_car_tyre_003/Tread_block_046_704,Radial_car_tyre_stack_001,Tyre_rubber,28
6257,Radial_car_tyre_stack_001/Stacked_car_tyre_003/Tread_block_047_705,Radial_car_tyre_stack_001,Tyre_rubber,28
6258,Radial_car_tyre_stack_001/Stacked_car_tyre_003/Tread_block_048_706,Radial_car_tyre_stack_001,Tyre_rubber,28
6259,Radial_car_tyre_stack_001/Stacked_car_tyre_003/Tread_block_049_707,Radial_car_tyre_stack_001,Tyre_rubber,28
6260,Radial_car_tyre_stack_001/Stacked_car_tyre_003/Tread_block_050_708,Radial_car_tyre_stack_001,Tyre_rubber,28
6261,Radial_car_tyre_stack_001/Stacked_car_tyre_003/Tread_block_051_709,Radial_car_tyre_stack_001,Tyre_rubber,28
6262,Radial_car_tyre_stack_001/Stacked_car_tyre_003/Tread_block_052_710,Radial_car_tyre_stack_001,Tyre_rubber,28
6263,Radial_car_tyre_stack_001/Stacked_car_tyre_003/Tread_block_053_711,Radial_car_tyre_stack_001,Tyre_rubber,28
6264,Radial_car_tyre_stack_001/Stacked_car_tyre_003/Tread_block_054_712,Radial_car_tyre_stack_001,Tyre_rubber,28
6265,Radial_car_tyre_stack_001/Stacked_car_tyre_003/Tread_block_055_713,Radial_car_tyre_stack_001,Tyre_rubber,28
6266,Radial_car_tyre_stack_001/Stacked_car_tyre_003/Tread_block_056_714,Radial_car_tyre_stack_001,Tyre_rubber,28
6267,Radial_car_tyre_stack_001/Stacked_car_tyre_003/Tread_block_057_715,Radial_car_tyre_stack_001,Tyre_rubber,28
6268,Radial_car_tyre_stack_001/Stacked_car_tyre_003/Tread_block_058_716,Radial_car_tyre_stack_001,Tyre_rubber,28
6269,Radial_car_tyre_stack_001/Stacked_car_tyre_003/Tread_block_059_717,Radial_car_tyre_stack_001,Tyre_rubber,28
6270,Radial_car_tyre_stack_001/Stacked_car_tyre_003/Tread_block_060_718,Radial_car_tyre_stack_001,Tyre_rubber,28
6271,Radial_car_tyre_stack_001/Stacked_car_tyre_003/Tread_block_061_719,Radial_car_tyre_stack_001,Tyre_rubber,28
6272,Radial_car_tyre_stack_001/Stacked_car_tyre_003/Tread_block_062_720,Radial_car_tyre_stack_001,Tyre_rubber,28
6273,Radial_car_tyre_stack_001/Stacked_car_tyre_003/Tread_block_063_721,Radial_car_tyre_stack_001,Tyre_rubber,28
6274,Radial_car_tyre_stack_001/Stacked_car_tyre_003/Tread_block_064_722,Radial_car_tyre_stack_001,Tyre_rubber,28
6275,Radial_car_tyre_stack_001/Stacked_car_tyre_003/Tread_block_065_723,Radial_car_tyre_stack_001,Tyre_rubber,28
6276,Radial_car_tyre_stack_001/Stacked_car_tyre_003/Tread_block_066_724,Radial_car_tyre_stack_001,Tyre_rubber,28
6277,Radial_car_tyre_stack_001/Stacked_car_tyre_003/Tread_block_067_725,Radial_car_tyre_stack_001,Tyre_rubber,28
6278,Radial_car_tyre_stack_001/Stacked_car_tyre_003/Tread_block_068_726,Radial_car_tyre_stack_001,Tyre_rubber,28
6279,Radial_car_tyre_stack_001/Stacked_car_tyre_003/Tread_block_069_727,Radial_car_tyre_stack_001,Tyre_rubber,28
6280,Radial_car_tyre_stack_001/Stacked_car_tyre_003/Tread_block_070_728,Radial_car_tyre_stack_001,Tyre_rubber,28
6281,Radial_car_tyre_stack_001/Stacked_car_tyre_003/Tread_block_071_729,Radial_car_tyre_stack_001,Tyre_rubber,28
6282,Radial_car_tyre_stack_001/Stacked_car_tyre_003/Tread_block_072_730,Radial_car_tyre_stack_001,Tyre_rubber,28
6283,Radial_car_tyre_stack_001/Stacked_car_tyre_003/Tread_block_073_731,Radial_car_tyre_stack_001,Tyre_rubber,28
6284,Radial_car_tyre_stack_001/Stacked_car_tyre_003/Tread_block_074_732,Radial_car_tyre_stack_001,Tyre_rubber,28
6285,Radial_car_tyre_stack_001/Stacked_car_tyre_003/Tread_block_075_733,Radial_car_tyre_stack_001,Tyre_rubber,28
6286,Radial_car_tyre_stack_001/Stacked_car_tyre_003/Tread_block_076_734,Radial_car_tyre_stack_001,Tyre_rubber,28
6287,Radial_car_tyre_stack_001/Stacked_car_tyre_003/Tread_block_077_735,Radial_car_tyre_stack_001,Tyre_rubber,28
6288,Radial_car_tyre_stack_001/Stacked_car_tyre_003/Tread_block_078_736,Radial_car_tyre_stack_001,Tyre_rubber,28
6289,Radial_car_tyre_stack_001/Stacked_car_tyre_003/Tread_block_079_737,Radial_car_tyre_stack_001,Tyre_rubber,28
6290,Radial_car_tyre_stack_001/Stacked_car_tyre_003/Tread_block_080_738,Radial_car_tyre_stack_001,Tyre_rubber,28
6291,Radial_car_tyre_stack_001/Stacked_car_tyre_003/Tread_block_081_739,Radial_car_tyre_stack_001,Tyre_rubber,28
6292,Radial_car_tyre_stack_001/Stacked_car_tyre_003/Tread_block_082_740,Radial_car_tyre_stack_001,Tyre_rubber,28
6293,Radial_car_tyre_stack_001/Stacked_car_tyre_003/Tread_block_083_741,Radial_car_tyre_stack_001,Tyre_rubber,28
6294,Radial_car_tyre_stack_001/Stacked_car_tyre_003/Tread_block_084_742,Radial_car_tyre_stack_001,Tyre_rubber,28
6295,Radial_car_tyre_stack_001/Stacked_car_tyre_003/Tread_block_085_743,Radial_car_tyre_stack_001,Tyre_rubber,28
6296,Radial_car_tyre_stack_001/Stacked_car_tyre_003/Tread_block_086_744,Radial_car_tyre_stack_001,Tyre_rubber,28
6297,Radial_car_tyre_stack_001/Stacked_car_tyre_003/Tread_block_087_745,Radial_car_tyre_stack_001,Tyre_rubber,28
6298,Radial_car_tyre_stack_001/Stacked_car_tyre_003/Tread_block_088_746,Radial_car_tyre_stack_001,Tyre_rubber,28
6299,Radial_car_tyre_stack_001/Stacked_car_tyre_003/Tread_block_089_747,Radial_car_tyre_stack_001,Tyre_rubber,28
6300,Radial_car_tyre_stack_001/Stacked_car_tyre_003/Tread_block_090_748,Radial_car_tyre_stack_001,Tyre_rubber,28
6301,Radial_car_tyre_stack_001/Stacked_car_tyre_003/Tread_block_091_749,Radial_car_tyre_stack_001,Tyre_rubber,28
6302,Radial_car_tyre_stack_001/Stacked_car_tyre_003/Tread_block_092_750,Radial_car_tyre_stack_001,Tyre_rubber,28
6303,Radial_car_tyre_stack_001/Stacked_car_tyre_003/Tread_block_093_751,Radial_car_tyre_stack_001,Tyre_rubber,28
6304,Radial_car_tyre_stack_001/Stacked_car_tyre_003/Tread_block_094_752,Radial_car_tyre_stack_001,Tyre_rubber,28
6305,Radial_car_tyre_stack_001/Stacked_car_tyre_003/Tread_block_095_753,Radial_car_tyre_stack_001,Tyre_rubber,28
6306,Radial_car_tyre_stack_001/Stacked_car_tyre_003/Tread_block_096_754,Radial_car_tyre_stack_001,Tyre_rubber,28
6307,Radial_car_tyre_stack_001/Stacked_car_tyre_003/Tread_block_097_755,Radial_car_tyre_stack_001,Tyre_rubber,28
6308,Radial_car_tyre_stack_001/Stacked_car_tyre_003/Tread_block_098_756,Radial_car_tyre_stack_001,Tyre_rubber,28
6309,Radial_car_tyre_stack_001/Stacked_car_tyre_003/Tread_block_099_757,Radial_car_tyre_stack_001,Tyre_rubber,28
6310,Radial_car_tyre_stack_001/Stacked_car_tyre_003/Tread_block_100_758,Radial_car_tyre_stack_001,Tyre_rubber,28
6311,Radial_car_tyre_stack_001/Stacked_car_tyre_003/Tread_block_101_759,Radial_car_tyre_stack_001,Tyre_rubber,28
6312,Radial_car_tyre_stack_001/Stacked_car_tyre_003/Tread_block_102_760,Radial_car_tyre_stack_001,Tyre_rubber,28
6313,Radial_car_tyre_stack_001/Stacked_car_tyre_003/Tread_block_103_761,Radial_car_tyre_stack_001,Tyre_rubber,28
6314,Radial_car_tyre_stack_001/Stacked_car_tyre_003/Tread_block_104_762,Radial_car_tyre_stack_001,Tyre_rubber,28
6315,Radial_car_tyre_stack_001/Stacked_car_tyre_003/Tread_block_105_763,Radial_car_tyre_stack_001,Tyre_rubber,28
6316,Radial_car_tyre_stack_001/Stacked_car_tyre_003/Tread_block_106_764,Radial_car_tyre_stack_001,Tyre_rubber,28
6317,Radial_car_tyre_stack_001/Stacked_car_tyre_003/Tread_block_107_765,Radial_car_tyre_stack_001,Tyre_rubber,28
6318,Radial_car_tyre_stack_001/Stacked_car_tyre_003/Tread_block_108_766,Radial_car_tyre_stack_001,Tyre_rubber,28
6319,Radial_car_tyre_stack_001/Stacked_car_tyre_003/Tread_block_109_767,Radial_car_tyre_stack_001,Tyre_rubber,28
6320,Radial_car_tyre_stack_001/Stacked_car_tyre_003/Tread_block_110_768,Radial_car_tyre_stack_001,Tyre_rubber,28
6321,Radial_car_tyre_stack_001/Stacked_car_tyre_003/Tread_block_111_769,Radial_car_tyre_stack_001,Tyre_rubber,28
6322,Radial_car_tyre_stack_001/Stacked_car_tyre_003/Tread_block_112_770,Radial_car_tyre_stack_001,Tyre_rubber,28
6323,Radial_car_tyre_stack_001/Stacked_car_tyre_003/Tread_block_113_771,Radial_car_tyre_stack_001,Tyre_rubber,28
6324,Radial_car_tyre_stack_001/Stacked_car_tyre_003/Tread_block_114_772,Radial_car_tyre_stack_001,Tyre_rubber,28
6325,Radial_car_tyre_stack_001/Stacked_car_tyre_003/Tread_block_115_773,Radial_car_tyre_stack_001,Tyre_rubber,28
6326,Radial_car_tyre_stack_001/Stacked_car_tyre_003/Tread_block_116_774,Radial_car_tyre_stack_001,Tyre_rubber,28
6327,Radial_car_tyre_stack_001/Stacked_car_tyre_003/Tread_block_117_775,Radial_car_tyre_stack_001,Tyre_rubber,28
6328,Radial_car_tyre_stack_001/Stacked_car_tyre_003/Tread_block_118_776,Radial_car_tyre_stack_001,Tyre_rubber,28
6329,Radial_car_tyre_stack_001/Stacked_car_tyre_003/Tread_block_119_777,Radial_car_tyre_stack_001,Tyre_rubber,28
6330,Radial_car_tyre_stack_001/Stacked_car_tyre_003/Tread_block_120_778,Radial_car_tyre_stack_001,Tyre_rubber,28
6331,Radial_car_tyre_stack_001/Stacked_car_tyre_003/Tread_block_121_779,Radial_car_tyre_stack_001,Tyre_rubber,28
6332,Radial_car_tyre_stack_001/Stacked_car_tyre_003/Tread_block_122_780,Radial_car_tyre_stack_001,Tyre_rubber,28
6333,Radial_car_tyre_stack_001/Stacked_car_tyre_003/Tread_block_123_781,Radial_car_tyre_stack_001,Tyre_rubber,28
6334,Radial_car_tyre_stack_001/Stacked_car_tyre_003/Tread_block_124_782,Radial_car_tyre_stack_001,Tyre_rubber,28
6335,Radial_car_tyre_stack_001/Stacked_car_tyre_003/Tread_block_125_783,Radial_car_tyre_stack_001,Tyre_rubber,28
6336,Radial_car_tyre_stack_001/Stacked_car_tyre_003/Tread_block_126_784,Radial_car_tyre_stack_001,Tyre_rubber,28
6337,Radial_car_tyre_stack_001/Stacked_car_tyre_003/Tread_block_127_785,Radial_car_tyre_stack_001,Tyre_rubber,28
6338,Radial_car_tyre_stack_001/Stacked_car_tyre_003/Tread_block_128_786,Radial_car_tyre_stack_001,Tyre_rubber,28
6339,Radial_car_tyre_stack_001/Stacked_car_tyre_003/Tread_block_129_787,Radial_car_tyre_stack_001,Tyre_rubber,28
6340,Radial_car_tyre_stack_001/Stacked_car_tyre_003/Tread_block_130_788,Radial_car_tyre_stack_001,Tyre_rubber,28
6341,Radial_car_tyre_stack_001/Stacked_car_tyre_003/Tread_block_131_789,Radial_car_tyre_stack_001,Tyre_rubber,28
6342,Radial_car_tyre_stack_001/Stacked_car_tyre_003/Tread_block_132_790,Radial_car_tyre_stack_001,Tyre_rubber,28
6343,Radial_car_tyre_stack_001/Stacked_car_tyre_003/Tread_block_133_791,Radial_car_tyre_stack_001,Tyre_rubber,28
6344,Radial_car_tyre_stack_001/Stacked_car_tyre_003/Tread_block_134_792,Radial_car_tyre_stack_001,Tyre_rubber,28
6345,Radial_car_tyre_stack_001/Stacked_car_tyre_003/Tread_block_135_793,Radial_car_tyre_stack_001,Tyre_rubber,28
6346,Radial_car_tyre_stack_001/Stacked_car_tyre_003/Tread_block_136_794,Radial_car_tyre_stack_001,Tyre_rubber,28
6347,Radial_car_tyre_stack_001/Stacked_car_tyre_003/Tread_block_137_795,Radial_car_tyre_stack_001,Tyre_rubber,28
6348,Radial_car_tyre_stack_001/Stacked_car_tyre_003/Tread_block_138_796,Radial_car_tyre_stack_001,Tyre_rubber,28
6349,Radial_car_tyre_stack_001/Stacked_car_tyre_003/Tread_block_139_797,Radial_car_tyre_stack_001,Tyre_rubber,28
6350,Radial_car_tyre_stack_001/Stacked_car_tyre_003/Tread_block_140_798,Radial_car_tyre_stack_001,Tyre_rubber,28
6351,Radial_car_tyre_stack_001/Stacked_car_tyre_003/Tread_block_141_799,Radial_car_tyre_stack_001,Tyre_rubber,28
6352,Radial_car_tyre_stack_001/Stacked_car_tyre_003/Tread_block_142_800,Radial_car_tyre_stack_001,Tyre_rubber,28
6353,Radial_car_tyre_stack_001/Stacked_car_tyre_003/Tread_block_143_801,Radial_car_tyre_stack_001,Tyre_rubber,28
6354,Radial_car_tyre_stack_001/Stacked_car_tyre_003/Tread_block_144_802,Radial_car_tyre_stack_001,Tyre_rubber,28
6355,Radial_car_tyre_stack_001/Stacked_car_tyre_003/Tread_block_145_803,Radial_car_tyre_stack_001,Tyre_rubber,28
6356,Radial_car_tyre_stack_001/Stacked_car_tyre_003/Tread_block_146_804,Radial_car_tyre_stack_001,Tyre_rubber,28
6357,Radial_car_tyre_stack_001/Stacked_car_tyre_003/Tread_block_147_805,Radial_car_tyre_stack_001,Tyre_rubber,28
6358,Radial_car_tyre_stack_001/Stacked_car_tyre_003/Tread_block_148_806,Radial_car_tyre_stack_001,Tyre_rubber,28
6359,Radial_car_tyre_stack_001/Stacked_car_tyre_003/Tread_block_149_807,Radial_car_tyre_stack_001,Tyre_rubber,28
6360,Radial_car_tyre_stack_001/Stacked_car_tyre_003/Tread_block_150_808,Radial_car_tyre_stack_001,Tyre_rubber,28
6361,Radial_car_tyre_stack_001/Stacked_car_tyre_003/Tread_block_151_809,Radial_car_tyre_stack_001,Tyre_rubber,28
6362,Radial_car_tyre_stack_001/Stacked_car_tyre_003/Tread_block_152_810,Radial_car_tyre_stack_001,Tyre_rubber,28
6363,Radial_car_tyre_stack_001/Stacked_car_tyre_003/Tread_block_153_811,Radial_car_tyre_stack_001,Tyre_rubber,28
6364,Radial_car_tyre_stack_001/Stacked_car_tyre_003/Tread_block_154_812,Radial_car_tyre_stack_001,Tyre_rubber,28
6365,Radial_car_tyre_stack_001/Stacked_car_tyre_003/Tread_block_155_813,Radial_car_tyre_stack_001,Tyre_rubber,28
6366,Radial_car_tyre_stack_001/Stacked_car_tyre_003/Tread_block_156_814,Radial_car_tyre_stack_001,Tyre_rubber,28
6367,Radial_car_tyre_stack_001/Stacked_car_tyre_003/Tread_block_157_815,Radial_car_tyre_stack_001,Tyre_rubber,28
6368,Radial_car_tyre_stack_001/Stacked_car_tyre_003/Tread_block_158_816,Radial_car_tyre_stack_001,Tyre_rubber,28
6369,Radial_car_tyre_stack_001/Stacked_car_tyre_003/Tread_block_159_817,Radial_car_tyre_stack_001,Tyre_rubber,28
6370,Radial_car_tyre_stack_001/Stacked_car_tyre_003/Tread_block_160_818,Radial_car_tyre_stack_001,Tyre_rubber,28
6371,Radial_car_tyre_stack_001/Stacked_car_tyre_003/Tread_block_161_819,Radial_car_tyre_stack_001,Tyre_rubber,28
6372,Radial_car_tyre_stack_001/Stacked_car_tyre_003/Tread_block_162_820,Radial_car_tyre_stack_001,Tyre_rubber,28
6373,Radial_car_tyre_stack_001/Stacked_car_tyre_003/Tread_block_163_821,Radial_car_tyre_stack_001,Tyre_rubber,28
6374,Radial_car_tyre_stack_001/Stacked_car_tyre_003/Tread_block_164_822,Radial_car_tyre_stack_001,Tyre_rubber,28
6375,Radial_car_tyre_stack_001/Stacked_car_tyre_003/Tread_block_165_823,Radial_car_tyre_stack_001,Tyre_rubber,28
6376,Radial_car_tyre_stack_001/Stacked_car_tyre_003/Tread_block_166_824,Radial_car_tyre_stack_001,Tyre_rubber,28
6377,Radial_car_tyre_stack_001/Stacked_car_tyre_003/Tread_block_167_825,Radial_car_tyre_stack_001,Tyre_rubber,28
6378,Radial_car_tyre_stack_001/Stacked_car_tyre_003/Tread_block_168_826,Radial_car_tyre_stack_001,Tyre_rubber,28
6379,Radial_car_tyre_stack_001/Stacked_car_tyre_003/Tread_block_169_827,Radial_car_tyre_stack_001,Tyre_rubber,28
6380,Radial_car_tyre_stack_001/Stacked_car_tyre_003/Tread_block_170_828,Radial_car_tyre_stack_001,Tyre_rubber,28
6381,Radial_car_tyre_stack_001/Stacked_car_tyre_003/Tread_block_171_829,Radial_car_tyre_stack_001,Tyre_rubber,28
6382,Radial_car_tyre_stack_001/Stacked_car_tyre_003/Tread_block_172_830,Radial_car_tyre_stack_001,Tyre_rubber,28
6383,Radial_car_tyre_stack_001/Stacked_car_tyre_003/Tread_block_173_831,Radial_car_tyre_stack_001,Tyre_rubber,28
6384,Radial_car_tyre_stack_001/Stacked_car_tyre_003/Tread_block_174_832,Radial_car_tyre_stack_001,Tyre_rubber,28
6385,Radial_car_tyre_stack_001/Stacked_car_tyre_003/Tread_block_175_833,Radial_car_tyre_stack_001,Tyre_rubber,28
6386,Radial_car_tyre_stack_001/Stacked_car_tyre_003/Tread_block_176_834,Radial_car_tyre_stack_001,Tyre_rubber,28
6387,Radial_car_tyre_stack_001/Stacked_car_tyre_003/Tread_block_177_835,Radial_car_tyre_stack_001,Tyre_rubber,28
6388,Radial_car_tyre_stack_001/Stacked_car_tyre_003/Tread_block_178_836,Radial_car_tyre_stack_001,Tyre_rubber,28
6389,Radial_car_tyre_stack_001/Stacked_car_tyre_003/Tread_block_179_837,Radial_car_tyre_stack_001,Tyre_rubber,28
6390,Radial_car_tyre_stack_001/Stacked_car_tyre_003/Tread_block_180_838,Radial_car_tyre_stack_001,Tyre_rubber,28
6391,Radial_car_tyre_stack_001/Stacked_car_tyre_003/Tread_block_181_839,Radial_car_tyre_stack_001,Tyre_rubber,28
6392,Radial_car_tyre_stack_001/Stacked_car_tyre_003/Tread_block_182_840,Radial_car_tyre_stack_001,Tyre_rubber,28
6393,Radial_car_tyre_stack_001/Stacked_car_tyre_003/Tread_block_183_841,Radial_car_tyre_stack_001,Tyre_rubber,28
6394,Radial_car_tyre_stack_001/Stacked_car_tyre_003/Tread_block_184_842,Radial_car_tyre_stack_001,Tyre_rubber,28
6395,Radial_car_tyre_stack_001/Stacked_car_tyre_003/Tread_block_185_843,Radial_car_tyre_stack_001,Tyre_rubber,28
6396,Radial_car_tyre_stack_001/Stacked_car_tyre_003/Tread_block_186_844,Radial_car_tyre_stack_001,Tyre_rubber,28
6397,Radial_car_tyre_stack_001/Stacked_car_tyre_003/Tread_block_187_845,Radial_car_tyre_stack_001,Tyre_rubber,28
6398,Radial_car_tyre_stack_001/Stacked_car_tyre_003/Tread_block_188_846,Radial_car_tyre_stack_001,Tyre_rubber,28
6399,Radial_car_tyre_stack_001/Stacked_car_tyre_003/Tread_block_189_847,Radial_car_tyre_stack_001,Tyre_rubber,28
6400,Radial_car_tyre_stack_001/Stacked_car_tyre_003/Tread_block_190_848,Radial_car_tyre_stack_001,Tyre_rubber,28
6401,Radial_car_tyre_stack_001/Stacked_car_tyre_003/Tread_block_191_849,Radial_car_tyre_stack_001,Tyre_rubber,28
6402,Radial_car_tyre_stack_001/Stacked_car_tyre_003/Tread_block_192_850,Radial_car_tyre_stack_001,Tyre_rubber,28
6403,Radial_car_tyre_stack_001/Stacked_car_tyre_003/Tread_block_193_851,Radial_car_tyre_stack_001,Tyre_rubber,28
6404,Radial_car_tyre_stack_001/Stacked_car_tyre_003/Tread_block_194_852,Radial_car_tyre_stack_001,Tyre_rubber,28
6405,Radial_car_tyre_stack_001/Stacked_car_tyre_003/Tread_block_195_853,Radial_car_tyre_stack_001,Tyre_rubber,28
6406,Radial_car_tyre_stack_001/Stacked_car_tyre_003/Tread_block_196_854,Radial_car_tyre_stack_001,Tyre_rubber,28
6407,Radial_car_tyre_stack_001/Stacked_car_tyre_003/Tread_block_197_855,Radial_car_tyre_stack_001,Tyre_rubber,28
6408,Radial_car_tyre_stack_001/Stacked_car_tyre_003/Tread_block_198_856,Radial_car_tyre_stack_001,Tyre_rubber,28
6409,Radial_car_tyre_stack_001/Stacked_car_tyre_003/Tread_block_199_857,Radial_car_tyre_stack_001,Tyre_rubber,28
6410,Radial_car_tyre_stack_001/Stacked_car_tyre_003/Tread_block_200_858,Radial_car_tyre_stack_001,Tyre_rubber,28
6411,Radial_car_tyre_stack_001/Stacked_car_tyre_003/Tread_block_201_859,Radial_car_tyre_stack_001,Tyre_rubber,28
6412,Radial_car_tyre_stack_001/Stacked_car_tyre_003/Tread_block_202_860,Radial_car_tyre_stack_001,Tyre_rubber,28
6413,Radial_car_tyre_stack_001/Stacked_car_tyre_003/Tread_block_203_861,Radial_car_tyre_stack_001,Tyre_rubber,28
6414,Radial_car_tyre_stack_001/Stacked_car_tyre_003/Tread_block_204_862,Radial_car_tyre_stack_001,Tyre_rubber,28
6415,Radial_car_tyre_stack_001/Stacked_car_tyre_003/Tread_block_205_863,Radial_car_tyre_stack_001,Tyre_rubber,28
6416,Radial_car_tyre_stack_001/Stacked_car_tyre_003/Tread_block_206_864,Radial_car_tyre_stack_001,Tyre_rubber,28
6417,Radial_car_tyre_stack_001/Stacked_car_tyre_003/Tread_block_207_865,Radial_car_tyre_stack_001,Tyre_rubber,28
6418,Radial_car_tyre_stack_001/Stacked_car_tyre_003/Tread_block_208_866,Radial_car_tyre_stack_001,Tyre_rubber,28
6419,Radial_car_tyre_stack_001/Stacked_car_tyre_003/Tread_block_209_867,Radial_car_tyre_stack_001,Tyre_rubber,28
6420,Radial_car_tyre_stack_001/Stacked_car_tyre_003/Tread_block_210_868,Radial_car_tyre_stack_001,Tyre_rubber,28
6421,Radial_car_tyre_stack_001/Stacked_car_tyre_003/Tread_block_211_869,Radial_car_tyre_stack_001,Tyre_rubber,28
6422,Radial_car_tyre_stack_001/Stacked_car_tyre_003/Tread_block_212_870,Radial_car_tyre_stack_001,Tyre_rubber,28
6423,Radial_car_tyre_stack_001/Stacked_car_tyre_003/Tread_block_213_871,Radial_car_tyre_stack_001,Tyre_rubber,28
6424,Radial_car_tyre_stack_001/Stacked_car_tyre_003/Tread_block_214_872,Radial_car_tyre_stack_001,Tyre_rubber,28
6425,Radial_car_tyre_stack_001/Stacked_car_tyre_003/Tread_block_215_873,Radial_car_tyre_stack_001,Tyre_rubber,28
6426,Radial_car_tyre_stack_001/Stacked_car_tyre_003/Tread_block_216_874,Radial_car_tyre_stack_001,Tyre_rubber,28
6427,Radial_car_tyre_stack_001/Stacked_car_tyre_003/Tread_block_217_875,Radial_car_tyre_stack_001,Tyre_rubber,28
6428,Radial_car_tyre_stack_001/Stacked_car_tyre_003/Tread_block_218_876,Radial_car_tyre_stack_001,Tyre_rubber,28
6429,Radial_car_tyre_stack_001/Stacked_car_tyre_003/Tread_block_219_877,Radial_car_tyre_stack_001,Tyre_rubber,28
6430,Radial_car_tyre_stack_001/Stacked_car_tyre_003/Tread_block_220_878,Radial_car_tyre_stack_001,Tyre_rubber,28
6431,Radial_car_tyre_stack_001/Stacked_car_tyre_003/Tread_block_221_879,Radial_car_tyre_stack_001,Tyre_rubber,28
6432,Radial_car_tyre_stack_001/Stacked_car_tyre_003/Tread_block_222_880,Radial_car_tyre_stack_001,Tyre_rubber,28
6433,Radial_car_tyre_stack_001/Stacked_car_tyre_003/Tread_block_223_881,Radial_car_tyre_stack_001,Tyre_rubber,28
6434,Radial_car_tyre_stack_001/Stacked_car_tyre_003/Tread_block_224_882,Radial_car_tyre_stack_001,Tyre_rubber,28
6435,Radial_car_tyre_stack_001/Stacked_car_tyre_003/Tread_block_225_883,Radial_car_tyre_stack_001,Tyre_rubber,28
6436,Radial_car_tyre_stack_001/Stacked_car_tyre_003/Tread_block_226_884,Radial_car_tyre_stack_001,Tyre_rubber,28
6437,Radial_car_tyre_stack_001/Stacked_car_tyre_003/Tread_block_227_885,Radial_car_tyre_stack_001,Tyre_rubber,28
6438,Radial_car_tyre_stack_001/Stacked_car_tyre_003/Tread_block_228_886,Radial_car_tyre_stack_001,Tyre_rubber,28
6439,Radial_car_tyre_stack_001/Stacked_car_tyre_003/Tread_block_229_887,Radial_car_tyre_stack_001,Tyre_rubber,28
6440,Radial_car_tyre_stack_001/Stacked_car_tyre_003/Tread_block_230_888,Radial_car_tyre_stack_001,Tyre_rubber,28
6441,Radial_car_tyre_stack_001/Stacked_car_tyre_003/Tread_block_231_889,Radial_car_tyre_stack_001,Tyre_rubber,28
6442,Radial_car_tyre_stack_001/Stacked_car_tyre_003/Tread_block_232_890,Radial_car_tyre_stack_001,Tyre_rubber,28
6443,Radial_car_tyre_stack_001/Stacked_car_tyre_003/Tread_block_233_891,Radial_car_tyre_stack_001,Tyre_rubber,28
6444,Radial_car_tyre_stack_001/Stacked_car_tyre_003/Tread_block_234_892,Radial_car_tyre_stack_001,Tyre_rubber,28
6445,Radial_car_tyre_stack_001/Stacked_car_tyre_003/Tread_block_235_893,Radial_car_tyre_stack_001,Tyre_rubber,28
6446,Radial_car_tyre_stack_001/Stacked_car_tyre_003/Tread_block_236_894,Radial_car_tyre_stack_001,Tyre_rubber,28
6447,Radial_car_tyre_stack_001/Stacked_car_tyre_003/Tread_block_237_895,Radial_car_tyre_stack_001,Tyre_rubber,28
6448,Radial_car_tyre_stack_001/Stacked_car_tyre_003/Tread_block_238_896,Radial_car_tyre_stack_001,Tyre_rubber,28
6449,Radial_car_tyre_stack_001/Stacked_car_tyre_003/Tread_block_239_897,Radial_car_tyre_stack_001,Tyre_rubber,28
6450,Radial_car_tyre_stack_001/Stacked_car_tyre_003/Tread_block_240_898,Radial_car_tyre_stack_001,Tyre_rubber,28
6451,Radial_car_tyre_stack_001/Stacked_car_tyre_003/Tread_block_241_899,Radial_car_tyre_stack_001,Tyre_rubber,28
6452,Radial_car_tyre_stack_001/Stacked_car_tyre_003/Tread_block_242_900,Radial_car_tyre_stack_001,Tyre_rubber,28
6453,Radial_car_tyre_stack_001/Stacked_car_tyre_003/Tread_block_243_901,Radial_car_tyre_stack_001,Tyre_rubber,28
6454,Radial_car_tyre_stack_001/Stacked_car_tyre_003/Tread_block_244_902,Radial_car_tyre_stack_001,Tyre_rubber,28
6455,Radial_car_tyre_stack_001/Stacked_car_tyre_003/Tread_block_245_903,Radial_car_tyre_stack_001,Tyre_rubber,28
6456,Radial_car_tyre_stack_001/Stacked_car_tyre_003/Tread_block_246_904,Radial_car_tyre_stack_001,Tyre_rubber,28
6457,Radial_car_tyre_stack_001/Stacked_car_tyre_003/Tread_block_247_905,Radial_car_tyre_stack_001,Tyre_rubber,28
6458,Radial_car_tyre_stack_001/Stacked_car_tyre_003/Tread_block_248_906,Radial_car_tyre_stack_001,Tyre_rubber,28
6459,Radial_car_tyre_stack_001/Stacked_car_tyre_003/Tread_block_249_907,Radial_car_tyre_stack_001,Tyre_rubber,28
6460,Radial_car_tyre_stack_001/Stacked_car_tyre_003/Tread_block_250_908,Radial_car_tyre_stack_001,Tyre_rubber,28
6461,Radial_car_tyre_stack_001/Stacked_car_tyre_003/Tread_block_251_909,Radial_car_tyre_stack_001,Tyre_rubber,28
6462,Radial_car_tyre_stack_001/Stacked_car_tyre_003/Tread_block_252_910,Radial_car_tyre_stack_001,Tyre_rubber,28
6463,Radial_car_tyre_stack_001/Stacked_car_tyre_003/Tread_block_253_911,Radial_car_tyre_stack_001,Tyre_rubber,28
6464,Radial_car_tyre_stack_001/Stacked_car_tyre_003/Tread_block_254_912,Radial_car_tyre_stack_001,Tyre_rubber,28
6465,Radial_car_tyre_stack_001/Stacked_car_tyre_003/Tread_block_255_913,Radial_car_tyre_stack_001,Tyre_rubber,28
6466,Radial_car_tyre_stack_001/Stacked_car_tyre_003/Tread_block_256_914,Radial_car_tyre_stack_001,Tyre_rubber,28
6467,Radial_car_tyre_stack_001/Stacked_car_tyre_003/Tread_block_257_915,Radial_car_tyre_stack_001,Tyre_rubber,28
6468,Radial_car_tyre_stack_001/Stacked_car_tyre_003/Tread_block_258_916,Radial_car_tyre_stack_001,Tyre_rubber,28
6469,Radial_car_tyre_stack_001/Stacked_car_tyre_003/Tread_block_259_917,Radial_car_tyre_stack_001,Tyre_rubber,28
6470,Radial_car_tyre_stack_001/Stacked_car_tyre_003/Tread_block_260_918,Radial_car_tyre_stack_001,Tyre_rubber,28
6471,Radial_car_tyre_stack_001/Stacked_car_tyre_003/Tread_block_261_919,Radial_car_tyre_stack_001,Tyre_rubber,28
6472,Radial_car_tyre_stack_001/Stacked_car_tyre_003/Tread_block_262_920,Radial_car_tyre_stack_001,Tyre_rubber,28
6473,Radial_car_tyre_stack_001/Stacked_car_tyre_003/Tread_block_263_921,Radial_car_tyre_stack_001,Tyre_rubber,28
6474,Radial_car_tyre_stack_001/Stacked_car_tyre_003/Tread_block_264_922,Radial_car_tyre_stack_001,Tyre_rubber,28
6475,Radial_car_tyre_stack_001/Stacked_car_tyre_003/Tread_block_265_923,Radial_car_tyre_stack_001,Tyre_rubber,28
6476,Radial_car_tyre_stack_001/Stacked_car_tyre_003/Tread_block_266_924,Radial_car_tyre_stack_001,Tyre_rubber,28
6477,Radial_car_tyre_stack_001/Stacked_car_tyre_003/Tread_block_267_925,Radial_car_tyre_stack_001,Tyre_rubber,28
6478,Radial_car_tyre_stack_001/Stacked_car_tyre_003/Tread_block_268_926,Radial_car_tyre_stack_001,Tyre_rubber,28
6479,Radial_car_tyre_stack_001/Stacked_car_tyre_003/Tread_block_269_927,Radial_car_tyre_stack_001,Tyre_rubber,28
6480,Radial_car_tyre_stack_001/Stacked_car_tyre_003/Tread_block_270_928,Radial_car_tyre_stack_001,Tyre_rubber,28
6481,Radial_car_tyre_stack_001/Stacked_car_tyre_003/Tread_block_271_929,Radial_car_tyre_stack_001,Tyre_rubber,28
6482,Radial_car_tyre_stack_001/Stacked_car_tyre_003/Tread_block_272_930,Radial_car_tyre_stack_001,Tyre_rubber,28
6483,Radial_car_tyre_stack_001/Stacked_car_tyre_003/Tread_block_273_931,Radial_car_tyre_stack_001,Tyre_rubber,28
6484,Radial_car_tyre_stack_001/Stacked_car_tyre_003/Tread_block_274_932,Radial_car_tyre_stack_001,Tyre_rubber,28
6485,Radial_car_tyre_stack_001/Stacked_car_tyre_003/Tread_block_275_933,Radial_car_tyre_stack_001,Tyre_rubber,28
6486,Radial_car_tyre_stack_001/Stacked_car_tyre_003/Tread_block_276_934,Radial_car_tyre_stack_001,Tyre_rubber,28
6487,Radial_car_tyre_stack_001/Stacked_car_tyre_003/Tread_block_277_935,Radial_car_tyre_stack_001,Tyre_rubber,28
6488,Radial_car_tyre_stack_001/Stacked_car_tyre_003/Tread_block_278_936,Radial_car_tyre_stack_001,Tyre_rubber,28
6489,Radial_car_tyre_stack_001/Stacked_car_tyre_003/Tread_block_279_937,Radial_car_tyre_stack_001,Tyre_rubber,28
6490,Radial_car_tyre_stack_001/Stacked_car_tyre_003/Tread_block_280_938,Radial_car_tyre_stack_001,Tyre_rubber,28
6491,Radial_car_tyre_stack_001/Stacked_car_tyre_003/Tread_block_281_939,Radial_car_tyre_stack_001,Tyre_rubber,28
6492,Radial_car_tyre_stack_001/Stacked_car_tyre_003/Tread_block_282_940,Radial_car_tyre_stack_001,Tyre_rubber,28
6493,Radial_car_tyre_stack_001/Stacked_car_tyre_003/Tread_block_283_941,Radial_car_tyre_stack_001,Tyre_rubber,28
6494,Radial_car_tyre_stack_001/Stacked_car_tyre_003/Tread_block_284_942,Radial_car_tyre_stack_001,Tyre_rubber,28
6495,Radial_car_tyre_stack_001/Stacked_car_tyre_003/Tread_block_285_943,Radial_car_tyre_stack_001,Tyre_rubber,28
6496,Radial_car_tyre_stack_001/Stacked_car_tyre_003/Tread_block_286_944,Radial_car_tyre_stack_001,Tyre_rubber,28
6497,Radial_car_tyre_stack_001/Stacked_car_tyre_003/Tread_block_287_945,Radial_car_tyre_stack_001,Tyre_rubber,28
6498,Radial_car_tyre_stack_001/Stacked_car_tyre_003/Tread_block_288_946,Radial_car_tyre_stack_001,Tyre_rubber,28
6499,Radial_car_tyre_stack_001/Stacked_car_tyre_003/Tread_block_289_947,Radial_car_tyre_stack_001,Tyre_rubber,28
6500,Radial_car_tyre_stack_001/Stacked_car_tyre_003/Tread_block_290_948,Radial_car_tyre_stack_001,Tyre_rubber,28
6501,Radial_car_tyre_stack_001/Stacked_car_tyre_003/Tread_block_291_949,Radial_car_tyre_stack_001,Tyre_rubber,28
6502,Radial_car_tyre_stack_001/Stacked_car_tyre_003/Tread_block_292_950,Radial_car_tyre_stack_001,Tyre_rubber,28
6503,Radial_car_tyre_stack_001/Stacked_car_tyre_003/Tread_block_293_951,Radial_car_tyre_stack_001,Tyre_rubber,28
6504,Radial_car_tyre_stack_001/Stacked_car_tyre_003/Tread_block_294_952,Radial_car_tyre_stack_001,Tyre_rubber,28
6505,Radial_car_tyre_stack_001/Stacked_car_tyre_003/Tread_block_295_953,Radial_car_tyre_stack_001,Tyre_rubber,28
6506,Radial_car_tyre_stack_001/Stacked_car_tyre_003/Tread_block_296_954,Radial_car_tyre_stack_001,Tyre_rubber,28
6507,Radial_car_tyre_stack_001/Stacked_car_tyre_003/Tread_block_297_955,Radial_car_tyre_stack_001,Tyre_rubber,28
6508,Radial_car_tyre_stack_001/Stacked_car_tyre_003/Tread_block_298_956,Radial_car_tyre_stack_001,Tyre_rubber,28
6509,Radial_car_tyre_stack_001/Stacked_car_tyre_003/Tread_block_299_957,Radial_car_tyre_stack_001,Tyre_rubber,28
6510,Radial_car_tyre_stack_001/Stacked_car_tyre_003/Tread_block_300_958,Radial_car_tyre_stack_001,Tyre_rubber,28
6511,Radial_car_tyre_stack_001/Stacked_car_tyre_003/Tread_block_301_959,Radial_car_tyre_stack_001,Tyre_rubber,28
6512,Radial_car_tyre_stack_001/Stacked_car_tyre_003/Tread_block_302_960,Radial_car_tyre_stack_001,Tyre_rubber,28
6513,Radial_car_tyre_stack_001/Stacked_car_tyre_003/Tread_block_303_961,Radial_car_tyre_stack_001,Tyre_rubber,28
6514,Radial_car_tyre_stack_001/Stacked_car_tyre_003/Tread_block_304_962,Radial_car_tyre_stack_001,Tyre_rubber,28
6515,Radial_car_tyre_stack_001/Stacked_car_tyre_003/Tread_block_305_963,Radial_car_tyre_stack_001,Tyre_rubber,28
6516,Radial_car_tyre_stack_001/Stacked_car_tyre_003/Tread_block_306_964,Radial_car_tyre_stack_001,Tyre_rubber,28
6517,Radial_car_tyre_stack_001/Stacked_car_tyre_003/Tread_block_307_965,Radial_car_tyre_stack_001,Tyre_rubber,28
6518,Radial_car_tyre_stack_001/Stacked_car_tyre_003/Tread_block_308_966,Radial_car_tyre_stack_001,Tyre_rubber,28
6519,Radial_car_tyre_stack_001/Stacked_car_tyre_003/Tread_block_309_967,Radial_car_tyre_stack_001,Tyre_rubber,28
6520,Radial_car_tyre_stack_001/Stacked_car_tyre_003/Tread_block_310_968,Radial_car_tyre_stack_001,Tyre_rubber,28
6521,Radial_car_tyre_stack_001/Stacked_car_tyre_003/Tread_block_311_969,Radial_car_tyre_stack_001,Tyre_rubber,28
6522,Radial_car_tyre_stack_001/Stacked_car_tyre_003/Tread_block_312_970,Radial_car_tyre_stack_001,Tyre_rubber,28
6523,Radial_car_tyre_stack_001/Stacked_car_tyre_003/Tread_block_313_971,Radial_car_tyre_stack_001,Tyre_rubber,28
6524,Radial_car_tyre_stack_001/Stacked_car_tyre_003/Tread_block_314_972,Radial_car_tyre_stack_001,Tyre_rubber,28
6525,Radial_car_tyre_stack_001/Stacked_car_tyre_003/Tread_block_315_973,Radial_car_tyre_stack_001,Tyre_rubber,28
6526,Radial_car_tyre_stack_001/Stacked_car_tyre_003/Tread_block_316_974,Radial_car_tyre_stack_001,Tyre_rubber,28
6527,Radial_car_tyre_stack_001/Stacked_car_tyre_003/Tread_block_317_975,Radial_car_tyre_stack_001,Tyre_rubber,28
6528,Radial_car_tyre_stack_001/Stacked_car_tyre_003/Tread_block_318_976,Radial_car_tyre_stack_001,Tyre_rubber,28
6529,Radial_car_tyre_stack_001/Stacked_car_tyre_003/Tread_block_319_977,Radial_car_tyre_stack_001,Tyre_rubber,28
6530,Radial_car_tyre_stack_001/Stacked_car_tyre_003/Tread_block_320_978,Radial_car_tyre_stack_001,Tyre_rubber,28
6531,Radial_car_tyre_stack_001/Stacked_car_tyre_003/Bead_lip_321_979,Radial_car_tyre_stack_001,Tyre_rubber,768
6532,Radial_car_tyre_stack_001/Stacked_car_tyre_003/Moulded_sidewall_line_322_980,Radial_car_tyre_stack_001,Tyre_rubber,512
6533,Radial_car_tyre_stack_001/Stacked_car_tyre_003/Inner_sidewall_line_323_981,Radial_car_tyre_stack_001,Tyre_rubber,512
6534,Radial_car_tyre_stack_001/Stacked_car_tyre_003/Bead_lip_324_982,Radial_car_tyre_stack_001,Tyre_rubber,768
6535,Radial_car_tyre_stack_001/Stacked_car_tyre_003/Moulded_sidewall_line_325_983,Radial_car_tyre_stack_001,Tyre_rubber,512
6536,Radial_car_tyre_stack_001/Stacked_car_tyre_003/Inner_sidewall_line_326_984,Radial_car_tyre_stack_001,Tyre_rubber,512
6537,Radial_car_tyre_stack_001/Stacked_car_tyre_003/Embossed_tyre_specification_327_985,Radial_car_tyre_stack_001,Moulded_tyresize_235_40_R18,128
6538,Radial_car_tyre_stack_001/Stacked_car_tyre_003/Embossed_tyre_specification_reverse_328_986,Radial_car_tyre_stack_001,Moulded_tyresize_235_40_R18,128
6539,Radial_car_tyre_stack_002/Stacked_car_tyre_004/Tyre_carcass_275_35_R19_000_000,Radial_car_tyre_stack_002,Tyre_rubber,3072
6540,Radial_car_tyre_stack_002/Stacked_car_tyre_004/Tread_block_001_001,Radial_car_tyre_stack_002,Tyre_rubber,28
6541,Radial_car_tyre_stack_002/Stacked_car_tyre_004/Tread_block_002_002,Radial_car_tyre_stack_002,Tyre_rubber,28
6542,Radial_car_tyre_stack_002/Stacked_car_tyre_004/Tread_block_003_003,Radial_car_tyre_stack_002,Tyre_rubber,28
6543,Radial_car_tyre_stack_002/Stacked_car_tyre_004/Tread_block_004_004,Radial_car_tyre_stack_002,Tyre_rubber,28
6544,Radial_car_tyre_stack_002/Stacked_car_tyre_004/Tread_block_005_005,Radial_car_tyre_stack_002,Tyre_rubber,28
6545,Radial_car_tyre_stack_002/Stacked_car_tyre_004/Tread_block_006_006,Radial_car_tyre_stack_002,Tyre_rubber,28
6546,Radial_car_tyre_stack_002/Stacked_car_tyre_004/Tread_block_007_007,Radial_car_tyre_stack_002,Tyre_rubber,28
6547,Radial_car_tyre_stack_002/Stacked_car_tyre_004/Tread_block_008_008,Radial_car_tyre_stack_002,Tyre_rubber,28
6548,Radial_car_tyre_stack_002/Stacked_car_tyre_004/Tread_block_009_009,Radial_car_tyre_stack_002,Tyre_rubber,28
6549,Radial_car_tyre_stack_002/Stacked_car_tyre_004/Tread_block_010_010,Radial_car_tyre_stack_002,Tyre_rubber,28
6550,Radial_car_tyre_stack_002/Stacked_car_tyre_004/Tread_block_011_011,Radial_car_tyre_stack_002,Tyre_rubber,28
6551,Radial_car_tyre_stack_002/Stacked_car_tyre_004/Tread_block_012_012,Radial_car_tyre_stack_002,Tyre_rubber,28
6552,Radial_car_tyre_stack_002/Stacked_car_tyre_004/Tread_block_013_013,Radial_car_tyre_stack_002,Tyre_rubber,28
6553,Radial_car_tyre_stack_002/Stacked_car_tyre_004/Tread_block_014_014,Radial_car_tyre_stack_002,Tyre_rubber,28
6554,Radial_car_tyre_stack_002/Stacked_car_tyre_004/Tread_block_015_015,Radial_car_tyre_stack_002,Tyre_rubber,28
6555,Radial_car_tyre_stack_002/Stacked_car_tyre_004/Tread_block_016_016,Radial_car_tyre_stack_002,Tyre_rubber,28
6556,Radial_car_tyre_stack_002/Stacked_car_tyre_004/Tread_block_017_017,Radial_car_tyre_stack_002,Tyre_rubber,28
6557,Radial_car_tyre_stack_002/Stacked_car_tyre_004/Tread_block_018_018,Radial_car_tyre_stack_002,Tyre_rubber,28
6558,Radial_car_tyre_stack_002/Stacked_car_tyre_004/Tread_block_019_019,Radial_car_tyre_stack_002,Tyre_rubber,28
6559,Radial_car_tyre_stack_002/Stacked_car_tyre_004/Tread_block_020_020,Radial_car_tyre_stack_002,Tyre_rubber,28
6560,Radial_car_tyre_stack_002/Stacked_car_tyre_004/Tread_block_021_021,Radial_car_tyre_stack_002,Tyre_rubber,28
6561,Radial_car_tyre_stack_002/Stacked_car_tyre_004/Tread_block_022_022,Radial_car_tyre_stack_002,Tyre_rubber,28
6562,Radial_car_tyre_stack_002/Stacked_car_tyre_004/Tread_block_023_023,Radial_car_tyre_stack_002,Tyre_rubber,28
6563,Radial_car_tyre_stack_002/Stacked_car_tyre_004/Tread_block_024_024,Radial_car_tyre_stack_002,Tyre_rubber,28
6564,Radial_car_tyre_stack_002/Stacked_car_tyre_004/Tread_block_025_025,Radial_car_tyre_stack_002,Tyre_rubber,28
6565,Radial_car_tyre_stack_002/Stacked_car_tyre_004/Tread_block_026_026,Radial_car_tyre_stack_002,Tyre_rubber,28
6566,Radial_car_tyre_stack_002/Stacked_car_tyre_004/Tread_block_027_027,Radial_car_tyre_stack_002,Tyre_rubber,28
6567,Radial_car_tyre_stack_002/Stacked_car_tyre_004/Tread_block_028_028,Radial_car_tyre_stack_002,Tyre_rubber,28
6568,Radial_car_tyre_stack_002/Stacked_car_tyre_004/Tread_block_029_029,Radial_car_tyre_stack_002,Tyre_rubber,28
6569,Radial_car_tyre_stack_002/Stacked_car_tyre_004/Tread_block_030_030,Radial_car_tyre_stack_002,Tyre_rubber,28
6570,Radial_car_tyre_stack_002/Stacked_car_tyre_004/Tread_block_031_031,Radial_car_tyre_stack_002,Tyre_rubber,28
6571,Radial_car_tyre_stack_002/Stacked_car_tyre_004/Tread_block_032_032,Radial_car_tyre_stack_002,Tyre_rubber,28
6572,Radial_car_tyre_stack_002/Stacked_car_tyre_004/Tread_block_033_033,Radial_car_tyre_stack_002,Tyre_rubber,28
6573,Radial_car_tyre_stack_002/Stacked_car_tyre_004/Tread_block_034_034,Radial_car_tyre_stack_002,Tyre_rubber,28
6574,Radial_car_tyre_stack_002/Stacked_car_tyre_004/Tread_block_035_035,Radial_car_tyre_stack_002,Tyre_rubber,28
6575,Radial_car_tyre_stack_002/Stacked_car_tyre_004/Tread_block_036_036,Radial_car_tyre_stack_002,Tyre_rubber,28
6576,Radial_car_tyre_stack_002/Stacked_car_tyre_004/Tread_block_037_037,Radial_car_tyre_stack_002,Tyre_rubber,28
6577,Radial_car_tyre_stack_002/Stacked_car_tyre_004/Tread_block_038_038,Radial_car_tyre_stack_002,Tyre_rubber,28
6578,Radial_car_tyre_stack_002/Stacked_car_tyre_004/Tread_block_039_039,Radial_car_tyre_stack_002,Tyre_rubber,28
6579,Radial_car_tyre_stack_002/Stacked_car_tyre_004/Tread_block_040_040,Radial_car_tyre_stack_002,Tyre_rubber,28
6580,Radial_car_tyre_stack_002/Stacked_car_tyre_004/Tread_block_041_041,Radial_car_tyre_stack_002,Tyre_rubber,28
6581,Radial_car_tyre_stack_002/Stacked_car_tyre_004/Tread_block_042_042,Radial_car_tyre_stack_002,Tyre_rubber,28
6582,Radial_car_tyre_stack_002/Stacked_car_tyre_004/Tread_block_043_043,Radial_car_tyre_stack_002,Tyre_rubber,28
6583,Radial_car_tyre_stack_002/Stacked_car_tyre_004/Tread_block_044_044,Radial_car_tyre_stack_002,Tyre_rubber,28
6584,Radial_car_tyre_stack_002/Stacked_car_tyre_004/Tread_block_045_045,Radial_car_tyre_stack_002,Tyre_rubber,28
6585,Radial_car_tyre_stack_002/Stacked_car_tyre_004/Tread_block_046_046,Radial_car_tyre_stack_002,Tyre_rubber,28
6586,Radial_car_tyre_stack_002/Stacked_car_tyre_004/Tread_block_047_047,Radial_car_tyre_stack_002,Tyre_rubber,28
6587,Radial_car_tyre_stack_002/Stacked_car_tyre_004/Tread_block_048_048,Radial_car_tyre_stack_002,Tyre_rubber,28
6588,Radial_car_tyre_stack_002/Stacked_car_tyre_004/Tread_block_049_049,Radial_car_tyre_stack_002,Tyre_rubber,28
6589,Radial_car_tyre_stack_002/Stacked_car_tyre_004/Tread_block_050_050,Radial_car_tyre_stack_002,Tyre_rubber,28
6590,Radial_car_tyre_stack_002/Stacked_car_tyre_004/Tread_block_051_051,Radial_car_tyre_stack_002,Tyre_rubber,28
6591,Radial_car_tyre_stack_002/Stacked_car_tyre_004/Tread_block_052_052,Radial_car_tyre_stack_002,Tyre_rubber,28
6592,Radial_car_tyre_stack_002/Stacked_car_tyre_004/Tread_block_053_053,Radial_car_tyre_stack_002,Tyre_rubber,28
6593,Radial_car_tyre_stack_002/Stacked_car_tyre_004/Tread_block_054_054,Radial_car_tyre_stack_002,Tyre_rubber,28
6594,Radial_car_tyre_stack_002/Stacked_car_tyre_004/Tread_block_055_055,Radial_car_tyre_stack_002,Tyre_rubber,28
6595,Radial_car_tyre_stack_002/Stacked_car_tyre_004/Tread_block_056_056,Radial_car_tyre_stack_002,Tyre_rubber,28
6596,Radial_car_tyre_stack_002/Stacked_car_tyre_004/Tread_block_057_057,Radial_car_tyre_stack_002,Tyre_rubber,28
6597,Radial_car_tyre_stack_002/Stacked_car_tyre_004/Tread_block_058_058,Radial_car_tyre_stack_002,Tyre_rubber,28
6598,Radial_car_tyre_stack_002/Stacked_car_tyre_004/Tread_block_059_059,Radial_car_tyre_stack_002,Tyre_rubber,28
6599,Radial_car_tyre_stack_002/Stacked_car_tyre_004/Tread_block_060_060,Radial_car_tyre_stack_002,Tyre_rubber,28
6600,Radial_car_tyre_stack_002/Stacked_car_tyre_004/Tread_block_061_061,Radial_car_tyre_stack_002,Tyre_rubber,28
6601,Radial_car_tyre_stack_002/Stacked_car_tyre_004/Tread_block_062_062,Radial_car_tyre_stack_002,Tyre_rubber,28
6602,Radial_car_tyre_stack_002/Stacked_car_tyre_004/Tread_block_063_063,Radial_car_tyre_stack_002,Tyre_rubber,28
6603,Radial_car_tyre_stack_002/Stacked_car_tyre_004/Tread_block_064_064,Radial_car_tyre_stack_002,Tyre_rubber,28
6604,Radial_car_tyre_stack_002/Stacked_car_tyre_004/Tread_block_065_065,Radial_car_tyre_stack_002,Tyre_rubber,28
6605,Radial_car_tyre_stack_002/Stacked_car_tyre_004/Tread_block_066_066,Radial_car_tyre_stack_002,Tyre_rubber,28
6606,Radial_car_tyre_stack_002/Stacked_car_tyre_004/Tread_block_067_067,Radial_car_tyre_stack_002,Tyre_rubber,28
6607,Radial_car_tyre_stack_002/Stacked_car_tyre_004/Tread_block_068_068,Radial_car_tyre_stack_002,Tyre_rubber,28
6608,Radial_car_tyre_stack_002/Stacked_car_tyre_004/Tread_block_069_069,Radial_car_tyre_stack_002,Tyre_rubber,28
6609,Radial_car_tyre_stack_002/Stacked_car_tyre_004/Tread_block_070_070,Radial_car_tyre_stack_002,Tyre_rubber,28
6610,Radial_car_tyre_stack_002/Stacked_car_tyre_004/Tread_block_071_071,Radial_car_tyre_stack_002,Tyre_rubber,28
6611,Radial_car_tyre_stack_002/Stacked_car_tyre_004/Tread_block_072_072,Radial_car_tyre_stack_002,Tyre_rubber,28
6612,Radial_car_tyre_stack_002/Stacked_car_tyre_004/Tread_block_073_073,Radial_car_tyre_stack_002,Tyre_rubber,28
6613,Radial_car_tyre_stack_002/Stacked_car_tyre_004/Tread_block_074_074,Radial_car_tyre_stack_002,Tyre_rubber,28
6614,Radial_car_tyre_stack_002/Stacked_car_tyre_004/Tread_block_075_075,Radial_car_tyre_stack_002,Tyre_rubber,28
6615,Radial_car_tyre_stack_002/Stacked_car_tyre_004/Tread_block_076_076,Radial_car_tyre_stack_002,Tyre_rubber,28
6616,Radial_car_tyre_stack_002/Stacked_car_tyre_004/Tread_block_077_077,Radial_car_tyre_stack_002,Tyre_rubber,28
6617,Radial_car_tyre_stack_002/Stacked_car_tyre_004/Tread_block_078_078,Radial_car_tyre_stack_002,Tyre_rubber,28
6618,Radial_car_tyre_stack_002/Stacked_car_tyre_004/Tread_block_079_079,Radial_car_tyre_stack_002,Tyre_rubber,28
6619,Radial_car_tyre_stack_002/Stacked_car_tyre_004/Tread_block_080_080,Radial_car_tyre_stack_002,Tyre_rubber,28
6620,Radial_car_tyre_stack_002/Stacked_car_tyre_004/Tread_block_081_081,Radial_car_tyre_stack_002,Tyre_rubber,28
6621,Radial_car_tyre_stack_002/Stacked_car_tyre_004/Tread_block_082_082,Radial_car_tyre_stack_002,Tyre_rubber,28
6622,Radial_car_tyre_stack_002/Stacked_car_tyre_004/Tread_block_083_083,Radial_car_tyre_stack_002,Tyre_rubber,28
6623,Radial_car_tyre_stack_002/Stacked_car_tyre_004/Tread_block_084_084,Radial_car_tyre_stack_002,Tyre_rubber,28
6624,Radial_car_tyre_stack_002/Stacked_car_tyre_004/Tread_block_085_085,Radial_car_tyre_stack_002,Tyre_rubber,28
6625,Radial_car_tyre_stack_002/Stacked_car_tyre_004/Tread_block_086_086,Radial_car_tyre_stack_002,Tyre_rubber,28
6626,Radial_car_tyre_stack_002/Stacked_car_tyre_004/Tread_block_087_087,Radial_car_tyre_stack_002,Tyre_rubber,28
6627,Radial_car_tyre_stack_002/Stacked_car_tyre_004/Tread_block_088_088,Radial_car_tyre_stack_002,Tyre_rubber,28
6628,Radial_car_tyre_stack_002/Stacked_car_tyre_004/Tread_block_089_089,Radial_car_tyre_stack_002,Tyre_rubber,28
6629,Radial_car_tyre_stack_002/Stacked_car_tyre_004/Tread_block_090_090,Radial_car_tyre_stack_002,Tyre_rubber,28
6630,Radial_car_tyre_stack_002/Stacked_car_tyre_004/Tread_block_091_091,Radial_car_tyre_stack_002,Tyre_rubber,28
6631,Radial_car_tyre_stack_002/Stacked_car_tyre_004/Tread_block_092_092,Radial_car_tyre_stack_002,Tyre_rubber,28
6632,Radial_car_tyre_stack_002/Stacked_car_tyre_004/Tread_block_093_093,Radial_car_tyre_stack_002,Tyre_rubber,28
6633,Radial_car_tyre_stack_002/Stacked_car_tyre_004/Tread_block_094_094,Radial_car_tyre_stack_002,Tyre_rubber,28
6634,Radial_car_tyre_stack_002/Stacked_car_tyre_004/Tread_block_095_095,Radial_car_tyre_stack_002,Tyre_rubber,28
6635,Radial_car_tyre_stack_002/Stacked_car_tyre_004/Tread_block_096_096,Radial_car_tyre_stack_002,Tyre_rubber,28
6636,Radial_car_tyre_stack_002/Stacked_car_tyre_004/Tread_block_097_097,Radial_car_tyre_stack_002,Tyre_rubber,28
6637,Radial_car_tyre_stack_002/Stacked_car_tyre_004/Tread_block_098_098,Radial_car_tyre_stack_002,Tyre_rubber,28
6638,Radial_car_tyre_stack_002/Stacked_car_tyre_004/Tread_block_099_099,Radial_car_tyre_stack_002,Tyre_rubber,28
6639,Radial_car_tyre_stack_002/Stacked_car_tyre_004/Tread_block_100_100,Radial_car_tyre_stack_002,Tyre_rubber,28
6640,Radial_car_tyre_stack_002/Stacked_car_tyre_004/Tread_block_101_101,Radial_car_tyre_stack_002,Tyre_rubber,28
6641,Radial_car_tyre_stack_002/Stacked_car_tyre_004/Tread_block_102_102,Radial_car_tyre_stack_002,Tyre_rubber,28
6642,Radial_car_tyre_stack_002/Stacked_car_tyre_004/Tread_block_103_103,Radial_car_tyre_stack_002,Tyre_rubber,28
6643,Radial_car_tyre_stack_002/Stacked_car_tyre_004/Tread_block_104_104,Radial_car_tyre_stack_002,Tyre_rubber,28
6644,Radial_car_tyre_stack_002/Stacked_car_tyre_004/Tread_block_105_105,Radial_car_tyre_stack_002,Tyre_rubber,28
6645,Radial_car_tyre_stack_002/Stacked_car_tyre_004/Tread_block_106_106,Radial_car_tyre_stack_002,Tyre_rubber,28
6646,Radial_car_tyre_stack_002/Stacked_car_tyre_004/Tread_block_107_107,Radial_car_tyre_stack_002,Tyre_rubber,28
6647,Radial_car_tyre_stack_002/Stacked_car_tyre_004/Tread_block_108_108,Radial_car_tyre_stack_002,Tyre_rubber,28
6648,Radial_car_tyre_stack_002/Stacked_car_tyre_004/Tread_block_109_109,Radial_car_tyre_stack_002,Tyre_rubber,28
6649,Radial_car_tyre_stack_002/Stacked_car_tyre_004/Tread_block_110_110,Radial_car_tyre_stack_002,Tyre_rubber,28
6650,Radial_car_tyre_stack_002/Stacked_car_tyre_004/Tread_block_111_111,Radial_car_tyre_stack_002,Tyre_rubber,28
6651,Radial_car_tyre_stack_002/Stacked_car_tyre_004/Tread_block_112_112,Radial_car_tyre_stack_002,Tyre_rubber,28
6652,Radial_car_tyre_stack_002/Stacked_car_tyre_004/Tread_block_113_113,Radial_car_tyre_stack_002,Tyre_rubber,28
6653,Radial_car_tyre_stack_002/Stacked_car_tyre_004/Tread_block_114_114,Radial_car_tyre_stack_002,Tyre_rubber,28
6654,Radial_car_tyre_stack_002/Stacked_car_tyre_004/Tread_block_115_115,Radial_car_tyre_stack_002,Tyre_rubber,28
6655,Radial_car_tyre_stack_002/Stacked_car_tyre_004/Tread_block_116_116,Radial_car_tyre_stack_002,Tyre_rubber,28
6656,Radial_car_tyre_stack_002/Stacked_car_tyre_004/Tread_block_117_117,Radial_car_tyre_stack_002,Tyre_rubber,28
6657,Radial_car_tyre_stack_002/Stacked_car_tyre_004/Tread_block_118_118,Radial_car_tyre_stack_002,Tyre_rubber,28
6658,Radial_car_tyre_stack_002/Stacked_car_tyre_004/Tread_block_119_119,Radial_car_tyre_stack_002,Tyre_rubber,28
6659,Radial_car_tyre_stack_002/Stacked_car_tyre_004/Tread_block_120_120,Radial_car_tyre_stack_002,Tyre_rubber,28
6660,Radial_car_tyre_stack_002/Stacked_car_tyre_004/Tread_block_121_121,Radial_car_tyre_stack_002,Tyre_rubber,28
6661,Radial_car_tyre_stack_002/Stacked_car_tyre_004/Tread_block_122_122,Radial_car_tyre_stack_002,Tyre_rubber,28
6662,Radial_car_tyre_stack_002/Stacked_car_tyre_004/Tread_block_123_123,Radial_car_tyre_stack_002,Tyre_rubber,28
6663,Radial_car_tyre_stack_002/Stacked_car_tyre_004/Tread_block_124_124,Radial_car_tyre_stack_002,Tyre_rubber,28
6664,Radial_car_tyre_stack_002/Stacked_car_tyre_004/Tread_block_125_125,Radial_car_tyre_stack_002,Tyre_rubber,28
6665,Radial_car_tyre_stack_002/Stacked_car_tyre_004/Tread_block_126_126,Radial_car_tyre_stack_002,Tyre_rubber,28
6666,Radial_car_tyre_stack_002/Stacked_car_tyre_004/Tread_block_127_127,Radial_car_tyre_stack_002,Tyre_rubber,28
6667,Radial_car_tyre_stack_002/Stacked_car_tyre_004/Tread_block_128_128,Radial_car_tyre_stack_002,Tyre_rubber,28
6668,Radial_car_tyre_stack_002/Stacked_car_tyre_004/Tread_block_129_129,Radial_car_tyre_stack_002,Tyre_rubber,28
6669,Radial_car_tyre_stack_002/Stacked_car_tyre_004/Tread_block_130_130,Radial_car_tyre_stack_002,Tyre_rubber,28
6670,Radial_car_tyre_stack_002/Stacked_car_tyre_004/Tread_block_131_131,Radial_car_tyre_stack_002,Tyre_rubber,28
6671,Radial_car_tyre_stack_002/Stacked_car_tyre_004/Tread_block_132_132,Radial_car_tyre_stack_002,Tyre_rubber,28
6672,Radial_car_tyre_stack_002/Stacked_car_tyre_004/Tread_block_133_133,Radial_car_tyre_stack_002,Tyre_rubber,28
6673,Radial_car_tyre_stack_002/Stacked_car_tyre_004/Tread_block_134_134,Radial_car_tyre_stack_002,Tyre_rubber,28
6674,Radial_car_tyre_stack_002/Stacked_car_tyre_004/Tread_block_135_135,Radial_car_tyre_stack_002,Tyre_rubber,28
6675,Radial_car_tyre_stack_002/Stacked_car_tyre_004/Tread_block_136_136,Radial_car_tyre_stack_002,Tyre_rubber,28
6676,Radial_car_tyre_stack_002/Stacked_car_tyre_004/Tread_block_137_137,Radial_car_tyre_stack_002,Tyre_rubber,28
6677,Radial_car_tyre_stack_002/Stacked_car_tyre_004/Tread_block_138_138,Radial_car_tyre_stack_002,Tyre_rubber,28
6678,Radial_car_tyre_stack_002/Stacked_car_tyre_004/Tread_block_139_139,Radial_car_tyre_stack_002,Tyre_rubber,28
6679,Radial_car_tyre_stack_002/Stacked_car_tyre_004/Tread_block_140_140,Radial_car_tyre_stack_002,Tyre_rubber,28
6680,Radial_car_tyre_stack_002/Stacked_car_tyre_004/Tread_block_141_141,Radial_car_tyre_stack_002,Tyre_rubber,28
6681,Radial_car_tyre_stack_002/Stacked_car_tyre_004/Tread_block_142_142,Radial_car_tyre_stack_002,Tyre_rubber,28
6682,Radial_car_tyre_stack_002/Stacked_car_tyre_004/Tread_block_143_143,Radial_car_tyre_stack_002,Tyre_rubber,28
6683,Radial_car_tyre_stack_002/Stacked_car_tyre_004/Tread_block_144_144,Radial_car_tyre_stack_002,Tyre_rubber,28
6684,Radial_car_tyre_stack_002/Stacked_car_tyre_004/Tread_block_145_145,Radial_car_tyre_stack_002,Tyre_rubber,28
6685,Radial_car_tyre_stack_002/Stacked_car_tyre_004/Tread_block_146_146,Radial_car_tyre_stack_002,Tyre_rubber,28
6686,Radial_car_tyre_stack_002/Stacked_car_tyre_004/Tread_block_147_147,Radial_car_tyre_stack_002,Tyre_rubber,28
6687,Radial_car_tyre_stack_002/Stacked_car_tyre_004/Tread_block_148_148,Radial_car_tyre_stack_002,Tyre_rubber,28
6688,Radial_car_tyre_stack_002/Stacked_car_tyre_004/Tread_block_149_149,Radial_car_tyre_stack_002,Tyre_rubber,28
6689,Radial_car_tyre_stack_002/Stacked_car_tyre_004/Tread_block_150_150,Radial_car_tyre_stack_002,Tyre_rubber,28
6690,Radial_car_tyre_stack_002/Stacked_car_tyre_004/Tread_block_151_151,Radial_car_tyre_stack_002,Tyre_rubber,28
6691,Radial_car_tyre_stack_002/Stacked_car_tyre_004/Tread_block_152_152,Radial_car_tyre_stack_002,Tyre_rubber,28
6692,Radial_car_tyre_stack_002/Stacked_car_tyre_004/Tread_block_153_153,Radial_car_tyre_stack_002,Tyre_rubber,28
6693,Radial_car_tyre_stack_002/Stacked_car_tyre_004/Tread_block_154_154,Radial_car_tyre_stack_002,Tyre_rubber,28
6694,Radial_car_tyre_stack_002/Stacked_car_tyre_004/Tread_block_155_155,Radial_car_tyre_stack_002,Tyre_rubber,28
6695,Radial_car_tyre_stack_002/Stacked_car_tyre_004/Tread_block_156_156,Radial_car_tyre_stack_002,Tyre_rubber,28
6696,Radial_car_tyre_stack_002/Stacked_car_tyre_004/Tread_block_157_157,Radial_car_tyre_stack_002,Tyre_rubber,28
6697,Radial_car_tyre_stack_002/Stacked_car_tyre_004/Tread_block_158_158,Radial_car_tyre_stack_002,Tyre_rubber,28
6698,Radial_car_tyre_stack_002/Stacked_car_tyre_004/Tread_block_159_159,Radial_car_tyre_stack_002,Tyre_rubber,28
6699,Radial_car_tyre_stack_002/Stacked_car_tyre_004/Tread_block_160_160,Radial_car_tyre_stack_002,Tyre_rubber,28
6700,Radial_car_tyre_stack_002/Stacked_car_tyre_004/Tread_block_161_161,Radial_car_tyre_stack_002,Tyre_rubber,28
6701,Radial_car_tyre_stack_002/Stacked_car_tyre_004/Tread_block_162_162,Radial_car_tyre_stack_002,Tyre_rubber,28
6702,Radial_car_tyre_stack_002/Stacked_car_tyre_004/Tread_block_163_163,Radial_car_tyre_stack_002,Tyre_rubber,28
6703,Radial_car_tyre_stack_002/Stacked_car_tyre_004/Tread_block_164_164,Radial_car_tyre_stack_002,Tyre_rubber,28
6704,Radial_car_tyre_stack_002/Stacked_car_tyre_004/Tread_block_165_165,Radial_car_tyre_stack_002,Tyre_rubber,28
6705,Radial_car_tyre_stack_002/Stacked_car_tyre_004/Tread_block_166_166,Radial_car_tyre_stack_002,Tyre_rubber,28
6706,Radial_car_tyre_stack_002/Stacked_car_tyre_004/Tread_block_167_167,Radial_car_tyre_stack_002,Tyre_rubber,28
6707,Radial_car_tyre_stack_002/Stacked_car_tyre_004/Tread_block_168_168,Radial_car_tyre_stack_002,Tyre_rubber,28
6708,Radial_car_tyre_stack_002/Stacked_car_tyre_004/Tread_block_169_169,Radial_car_tyre_stack_002,Tyre_rubber,28
6709,Radial_car_tyre_stack_002/Stacked_car_tyre_004/Tread_block_170_170,Radial_car_tyre_stack_002,Tyre_rubber,28
6710,Radial_car_tyre_stack_002/Stacked_car_tyre_004/Tread_block_171_171,Radial_car_tyre_stack_002,Tyre_rubber,28
6711,Radial_car_tyre_stack_002/Stacked_car_tyre_004/Tread_block_172_172,Radial_car_tyre_stack_002,Tyre_rubber,28
6712,Radial_car_tyre_stack_002/Stacked_car_tyre_004/Tread_block_173_173,Radial_car_tyre_stack_002,Tyre_rubber,28
6713,Radial_car_tyre_stack_002/Stacked_car_tyre_004/Tread_block_174_174,Radial_car_tyre_stack_002,Tyre_rubber,28
6714,Radial_car_tyre_stack_002/Stacked_car_tyre_004/Tread_block_175_175,Radial_car_tyre_stack_002,Tyre_rubber,28
6715,Radial_car_tyre_stack_002/Stacked_car_tyre_004/Tread_block_176_176,Radial_car_tyre_stack_002,Tyre_rubber,28
6716,Radial_car_tyre_stack_002/Stacked_car_tyre_004/Tread_block_177_177,Radial_car_tyre_stack_002,Tyre_rubber,28
6717,Radial_car_tyre_stack_002/Stacked_car_tyre_004/Tread_block_178_178,Radial_car_tyre_stack_002,Tyre_rubber,28
6718,Radial_car_tyre_stack_002/Stacked_car_tyre_004/Tread_block_179_179,Radial_car_tyre_stack_002,Tyre_rubber,28
6719,Radial_car_tyre_stack_002/Stacked_car_tyre_004/Tread_block_180_180,Radial_car_tyre_stack_002,Tyre_rubber,28
6720,Radial_car_tyre_stack_002/Stacked_car_tyre_004/Tread_block_181_181,Radial_car_tyre_stack_002,Tyre_rubber,28
6721,Radial_car_tyre_stack_002/Stacked_car_tyre_004/Tread_block_182_182,Radial_car_tyre_stack_002,Tyre_rubber,28
6722,Radial_car_tyre_stack_002/Stacked_car_tyre_004/Tread_block_183_183,Radial_car_tyre_stack_002,Tyre_rubber,28
6723,Radial_car_tyre_stack_002/Stacked_car_tyre_004/Tread_block_184_184,Radial_car_tyre_stack_002,Tyre_rubber,28
6724,Radial_car_tyre_stack_002/Stacked_car_tyre_004/Tread_block_185_185,Radial_car_tyre_stack_002,Tyre_rubber,28
6725,Radial_car_tyre_stack_002/Stacked_car_tyre_004/Tread_block_186_186,Radial_car_tyre_stack_002,Tyre_rubber,28
6726,Radial_car_tyre_stack_002/Stacked_car_tyre_004/Tread_block_187_187,Radial_car_tyre_stack_002,Tyre_rubber,28
6727,Radial_car_tyre_stack_002/Stacked_car_tyre_004/Tread_block_188_188,Radial_car_tyre_stack_002,Tyre_rubber,28
6728,Radial_car_tyre_stack_002/Stacked_car_tyre_004/Tread_block_189_189,Radial_car_tyre_stack_002,Tyre_rubber,28
6729,Radial_car_tyre_stack_002/Stacked_car_tyre_004/Tread_block_190_190,Radial_car_tyre_stack_002,Tyre_rubber,28
6730,Radial_car_tyre_stack_002/Stacked_car_tyre_004/Tread_block_191_191,Radial_car_tyre_stack_002,Tyre_rubber,28
6731,Radial_car_tyre_stack_002/Stacked_car_tyre_004/Tread_block_192_192,Radial_car_tyre_stack_002,Tyre_rubber,28
6732,Radial_car_tyre_stack_002/Stacked_car_tyre_004/Tread_block_193_193,Radial_car_tyre_stack_002,Tyre_rubber,28
6733,Radial_car_tyre_stack_002/Stacked_car_tyre_004/Tread_block_194_194,Radial_car_tyre_stack_002,Tyre_rubber,28
6734,Radial_car_tyre_stack_002/Stacked_car_tyre_004/Tread_block_195_195,Radial_car_tyre_stack_002,Tyre_rubber,28
6735,Radial_car_tyre_stack_002/Stacked_car_tyre_004/Tread_block_196_196,Radial_car_tyre_stack_002,Tyre_rubber,28
6736,Radial_car_tyre_stack_002/Stacked_car_tyre_004/Tread_block_197_197,Radial_car_tyre_stack_002,Tyre_rubber,28
6737,Radial_car_tyre_stack_002/Stacked_car_tyre_004/Tread_block_198_198,Radial_car_tyre_stack_002,Tyre_rubber,28
6738,Radial_car_tyre_stack_002/Stacked_car_tyre_004/Tread_block_199_199,Radial_car_tyre_stack_002,Tyre_rubber,28
6739,Radial_car_tyre_stack_002/Stacked_car_tyre_004/Tread_block_200_200,Radial_car_tyre_stack_002,Tyre_rubber,28
6740,Radial_car_tyre_stack_002/Stacked_car_tyre_004/Tread_block_201_201,Radial_car_tyre_stack_002,Tyre_rubber,28
6741,Radial_car_tyre_stack_002/Stacked_car_tyre_004/Tread_block_202_202,Radial_car_tyre_stack_002,Tyre_rubber,28
6742,Radial_car_tyre_stack_002/Stacked_car_tyre_004/Tread_block_203_203,Radial_car_tyre_stack_002,Tyre_rubber,28
6743,Radial_car_tyre_stack_002/Stacked_car_tyre_004/Tread_block_204_204,Radial_car_tyre_stack_002,Tyre_rubber,28
6744,Radial_car_tyre_stack_002/Stacked_car_tyre_004/Tread_block_205_205,Radial_car_tyre_stack_002,Tyre_rubber,28
6745,Radial_car_tyre_stack_002/Stacked_car_tyre_004/Tread_block_206_206,Radial_car_tyre_stack_002,Tyre_rubber,28
6746,Radial_car_tyre_stack_002/Stacked_car_tyre_004/Tread_block_207_207,Radial_car_tyre_stack_002,Tyre_rubber,28
6747,Radial_car_tyre_stack_002/Stacked_car_tyre_004/Tread_block_208_208,Radial_car_tyre_stack_002,Tyre_rubber,28
6748,Radial_car_tyre_stack_002/Stacked_car_tyre_004/Tread_block_209_209,Radial_car_tyre_stack_002,Tyre_rubber,28
6749,Radial_car_tyre_stack_002/Stacked_car_tyre_004/Tread_block_210_210,Radial_car_tyre_stack_002,Tyre_rubber,28
6750,Radial_car_tyre_stack_002/Stacked_car_tyre_004/Tread_block_211_211,Radial_car_tyre_stack_002,Tyre_rubber,28
6751,Radial_car_tyre_stack_002/Stacked_car_tyre_004/Tread_block_212_212,Radial_car_tyre_stack_002,Tyre_rubber,28
6752,Radial_car_tyre_stack_002/Stacked_car_tyre_004/Tread_block_213_213,Radial_car_tyre_stack_002,Tyre_rubber,28
6753,Radial_car_tyre_stack_002/Stacked_car_tyre_004/Tread_block_214_214,Radial_car_tyre_stack_002,Tyre_rubber,28
6754,Radial_car_tyre_stack_002/Stacked_car_tyre_004/Tread_block_215_215,Radial_car_tyre_stack_002,Tyre_rubber,28
6755,Radial_car_tyre_stack_002/Stacked_car_tyre_004/Tread_block_216_216,Radial_car_tyre_stack_002,Tyre_rubber,28
6756,Radial_car_tyre_stack_002/Stacked_car_tyre_004/Tread_block_217_217,Radial_car_tyre_stack_002,Tyre_rubber,28
6757,Radial_car_tyre_stack_002/Stacked_car_tyre_004/Tread_block_218_218,Radial_car_tyre_stack_002,Tyre_rubber,28
6758,Radial_car_tyre_stack_002/Stacked_car_tyre_004/Tread_block_219_219,Radial_car_tyre_stack_002,Tyre_rubber,28
6759,Radial_car_tyre_stack_002/Stacked_car_tyre_004/Tread_block_220_220,Radial_car_tyre_stack_002,Tyre_rubber,28
6760,Radial_car_tyre_stack_002/Stacked_car_tyre_004/Tread_block_221_221,Radial_car_tyre_stack_002,Tyre_rubber,28
6761,Radial_car_tyre_stack_002/Stacked_car_tyre_004/Tread_block_222_222,Radial_car_tyre_stack_002,Tyre_rubber,28
6762,Radial_car_tyre_stack_002/Stacked_car_tyre_004/Tread_block_223_223,Radial_car_tyre_stack_002,Tyre_rubber,28
6763,Radial_car_tyre_stack_002/Stacked_car_tyre_004/Tread_block_224_224,Radial_car_tyre_stack_002,Tyre_rubber,28
6764,Radial_car_tyre_stack_002/Stacked_car_tyre_004/Tread_block_225_225,Radial_car_tyre_stack_002,Tyre_rubber,28
6765,Radial_car_tyre_stack_002/Stacked_car_tyre_004/Tread_block_226_226,Radial_car_tyre_stack_002,Tyre_rubber,28
6766,Radial_car_tyre_stack_002/Stacked_car_tyre_004/Tread_block_227_227,Radial_car_tyre_stack_002,Tyre_rubber,28
6767,Radial_car_tyre_stack_002/Stacked_car_tyre_004/Tread_block_228_228,Radial_car_tyre_stack_002,Tyre_rubber,28
6768,Radial_car_tyre_stack_002/Stacked_car_tyre_004/Tread_block_229_229,Radial_car_tyre_stack_002,Tyre_rubber,28
6769,Radial_car_tyre_stack_002/Stacked_car_tyre_004/Tread_block_230_230,Radial_car_tyre_stack_002,Tyre_rubber,28
6770,Radial_car_tyre_stack_002/Stacked_car_tyre_004/Tread_block_231_231,Radial_car_tyre_stack_002,Tyre_rubber,28
6771,Radial_car_tyre_stack_002/Stacked_car_tyre_004/Tread_block_232_232,Radial_car_tyre_stack_002,Tyre_rubber,28
6772,Radial_car_tyre_stack_002/Stacked_car_tyre_004/Tread_block_233_233,Radial_car_tyre_stack_002,Tyre_rubber,28
6773,Radial_car_tyre_stack_002/Stacked_car_tyre_004/Tread_block_234_234,Radial_car_tyre_stack_002,Tyre_rubber,28
6774,Radial_car_tyre_stack_002/Stacked_car_tyre_004/Tread_block_235_235,Radial_car_tyre_stack_002,Tyre_rubber,28
6775,Radial_car_tyre_stack_002/Stacked_car_tyre_004/Tread_block_236_236,Radial_car_tyre_stack_002,Tyre_rubber,28
6776,Radial_car_tyre_stack_002/Stacked_car_tyre_004/Tread_block_237_237,Radial_car_tyre_stack_002,Tyre_rubber,28
6777,Radial_car_tyre_stack_002/Stacked_car_tyre_004/Tread_block_238_238,Radial_car_tyre_stack_002,Tyre_rubber,28
6778,Radial_car_tyre_stack_002/Stacked_car_tyre_004/Tread_block_239_239,Radial_car_tyre_stack_002,Tyre_rubber,28
6779,Radial_car_tyre_stack_002/Stacked_car_tyre_004/Tread_block_240_240,Radial_car_tyre_stack_002,Tyre_rubber,28
6780,Radial_car_tyre_stack_002/Stacked_car_tyre_004/Tread_block_241_241,Radial_car_tyre_stack_002,Tyre_rubber,28
6781,Radial_car_tyre_stack_002/Stacked_car_tyre_004/Tread_block_242_242,Radial_car_tyre_stack_002,Tyre_rubber,28
6782,Radial_car_tyre_stack_002/Stacked_car_tyre_004/Tread_block_243_243,Radial_car_tyre_stack_002,Tyre_rubber,28
6783,Radial_car_tyre_stack_002/Stacked_car_tyre_004/Tread_block_244_244,Radial_car_tyre_stack_002,Tyre_rubber,28
6784,Radial_car_tyre_stack_002/Stacked_car_tyre_004/Tread_block_245_245,Radial_car_tyre_stack_002,Tyre_rubber,28
6785,Radial_car_tyre_stack_002/Stacked_car_tyre_004/Tread_block_246_246,Radial_car_tyre_stack_002,Tyre_rubber,28
6786,Radial_car_tyre_stack_002/Stacked_car_tyre_004/Tread_block_247_247,Radial_car_tyre_stack_002,Tyre_rubber,28
6787,Radial_car_tyre_stack_002/Stacked_car_tyre_004/Tread_block_248_248,Radial_car_tyre_stack_002,Tyre_rubber,28
6788,Radial_car_tyre_stack_002/Stacked_car_tyre_004/Tread_block_249_249,Radial_car_tyre_stack_002,Tyre_rubber,28
6789,Radial_car_tyre_stack_002/Stacked_car_tyre_004/Tread_block_250_250,Radial_car_tyre_stack_002,Tyre_rubber,28
6790,Radial_car_tyre_stack_002/Stacked_car_tyre_004/Tread_block_251_251,Radial_car_tyre_stack_002,Tyre_rubber,28
6791,Radial_car_tyre_stack_002/Stacked_car_tyre_004/Tread_block_252_252,Radial_car_tyre_stack_002,Tyre_rubber,28
6792,Radial_car_tyre_stack_002/Stacked_car_tyre_004/Tread_block_253_253,Radial_car_tyre_stack_002,Tyre_rubber,28
6793,Radial_car_tyre_stack_002/Stacked_car_tyre_004/Tread_block_254_254,Radial_car_tyre_stack_002,Tyre_rubber,28
6794,Radial_car_tyre_stack_002/Stacked_car_tyre_004/Tread_block_255_255,Radial_car_tyre_stack_002,Tyre_rubber,28
6795,Radial_car_tyre_stack_002/Stacked_car_tyre_004/Tread_block_256_256,Radial_car_tyre_stack_002,Tyre_rubber,28
6796,Radial_car_tyre_stack_002/Stacked_car_tyre_004/Tread_block_257_257,Radial_car_tyre_stack_002,Tyre_rubber,28
6797,Radial_car_tyre_stack_002/Stacked_car_tyre_004/Tread_block_258_258,Radial_car_tyre_stack_002,Tyre_rubber,28
6798,Radial_car_tyre_stack_002/Stacked_car_tyre_004/Tread_block_259_259,Radial_car_tyre_stack_002,Tyre_rubber,28
6799,Radial_car_tyre_stack_002/Stacked_car_tyre_004/Tread_block_260_260,Radial_car_tyre_stack_002,Tyre_rubber,28
6800,Radial_car_tyre_stack_002/Stacked_car_tyre_004/Tread_block_261_261,Radial_car_tyre_stack_002,Tyre_rubber,28
6801,Radial_car_tyre_stack_002/Stacked_car_tyre_004/Tread_block_262_262,Radial_car_tyre_stack_002,Tyre_rubber,28
6802,Radial_car_tyre_stack_002/Stacked_car_tyre_004/Tread_block_263_263,Radial_car_tyre_stack_002,Tyre_rubber,28
6803,Radial_car_tyre_stack_002/Stacked_car_tyre_004/Tread_block_264_264,Radial_car_tyre_stack_002,Tyre_rubber,28
6804,Radial_car_tyre_stack_002/Stacked_car_tyre_004/Tread_block_265_265,Radial_car_tyre_stack_002,Tyre_rubber,28
6805,Radial_car_tyre_stack_002/Stacked_car_tyre_004/Tread_block_266_266,Radial_car_tyre_stack_002,Tyre_rubber,28
6806,Radial_car_tyre_stack_002/Stacked_car_tyre_004/Tread_block_267_267,Radial_car_tyre_stack_002,Tyre_rubber,28
6807,Radial_car_tyre_stack_002/Stacked_car_tyre_004/Tread_block_268_268,Radial_car_tyre_stack_002,Tyre_rubber,28
6808,Radial_car_tyre_stack_002/Stacked_car_tyre_004/Tread_block_269_269,Radial_car_tyre_stack_002,Tyre_rubber,28
6809,Radial_car_tyre_stack_002/Stacked_car_tyre_004/Tread_block_270_270,Radial_car_tyre_stack_002,Tyre_rubber,28
6810,Radial_car_tyre_stack_002/Stacked_car_tyre_004/Tread_block_271_271,Radial_car_tyre_stack_002,Tyre_rubber,28
6811,Radial_car_tyre_stack_002/Stacked_car_tyre_004/Tread_block_272_272,Radial_car_tyre_stack_002,Tyre_rubber,28
6812,Radial_car_tyre_stack_002/Stacked_car_tyre_004/Tread_block_273_273,Radial_car_tyre_stack_002,Tyre_rubber,28
6813,Radial_car_tyre_stack_002/Stacked_car_tyre_004/Tread_block_274_274,Radial_car_tyre_stack_002,Tyre_rubber,28
6814,Radial_car_tyre_stack_002/Stacked_car_tyre_004/Tread_block_275_275,Radial_car_tyre_stack_002,Tyre_rubber,28
6815,Radial_car_tyre_stack_002/Stacked_car_tyre_004/Tread_block_276_276,Radial_car_tyre_stack_002,Tyre_rubber,28
6816,Radial_car_tyre_stack_002/Stacked_car_tyre_004/Tread_block_277_277,Radial_car_tyre_stack_002,Tyre_rubber,28
6817,Radial_car_tyre_stack_002/Stacked_car_tyre_004/Tread_block_278_278,Radial_car_tyre_stack_002,Tyre_rubber,28
6818,Radial_car_tyre_stack_002/Stacked_car_tyre_004/Tread_block_279_279,Radial_car_tyre_stack_002,Tyre_rubber,28
6819,Radial_car_tyre_stack_002/Stacked_car_tyre_004/Tread_block_280_280,Radial_car_tyre_stack_002,Tyre_rubber,28
6820,Radial_car_tyre_stack_002/Stacked_car_tyre_004/Tread_block_281_281,Radial_car_tyre_stack_002,Tyre_rubber,28
6821,Radial_car_tyre_stack_002/Stacked_car_tyre_004/Tread_block_282_282,Radial_car_tyre_stack_002,Tyre_rubber,28
6822,Radial_car_tyre_stack_002/Stacked_car_tyre_004/Tread_block_283_283,Radial_car_tyre_stack_002,Tyre_rubber,28
6823,Radial_car_tyre_stack_002/Stacked_car_tyre_004/Tread_block_284_284,Radial_car_tyre_stack_002,Tyre_rubber,28
6824,Radial_car_tyre_stack_002/Stacked_car_tyre_004/Tread_block_285_285,Radial_car_tyre_stack_002,Tyre_rubber,28
6825,Radial_car_tyre_stack_002/Stacked_car_tyre_004/Tread_block_286_286,Radial_car_tyre_stack_002,Tyre_rubber,28
6826,Radial_car_tyre_stack_002/Stacked_car_tyre_004/Tread_block_287_287,Radial_car_tyre_stack_002,Tyre_rubber,28
6827,Radial_car_tyre_stack_002/Stacked_car_tyre_004/Tread_block_288_288,Radial_car_tyre_stack_002,Tyre_rubber,28
6828,Radial_car_tyre_stack_002/Stacked_car_tyre_004/Tread_block_289_289,Radial_car_tyre_stack_002,Tyre_rubber,28
6829,Radial_car_tyre_stack_002/Stacked_car_tyre_004/Tread_block_290_290,Radial_car_tyre_stack_002,Tyre_rubber,28
6830,Radial_car_tyre_stack_002/Stacked_car_tyre_004/Tread_block_291_291,Radial_car_tyre_stack_002,Tyre_rubber,28
6831,Radial_car_tyre_stack_002/Stacked_car_tyre_004/Tread_block_292_292,Radial_car_tyre_stack_002,Tyre_rubber,28
6832,Radial_car_tyre_stack_002/Stacked_car_tyre_004/Tread_block_293_293,Radial_car_tyre_stack_002,Tyre_rubber,28
6833,Radial_car_tyre_stack_002/Stacked_car_tyre_004/Tread_block_294_294,Radial_car_tyre_stack_002,Tyre_rubber,28
6834,Radial_car_tyre_stack_002/Stacked_car_tyre_004/Tread_block_295_295,Radial_car_tyre_stack_002,Tyre_rubber,28
6835,Radial_car_tyre_stack_002/Stacked_car_tyre_004/Tread_block_296_296,Radial_car_tyre_stack_002,Tyre_rubber,28
6836,Radial_car_tyre_stack_002/Stacked_car_tyre_004/Tread_block_297_297,Radial_car_tyre_stack_002,Tyre_rubber,28
6837,Radial_car_tyre_stack_002/Stacked_car_tyre_004/Tread_block_298_298,Radial_car_tyre_stack_002,Tyre_rubber,28
6838,Radial_car_tyre_stack_002/Stacked_car_tyre_004/Tread_block_299_299,Radial_car_tyre_stack_002,Tyre_rubber,28
6839,Radial_car_tyre_stack_002/Stacked_car_tyre_004/Tread_block_300_300,Radial_car_tyre_stack_002,Tyre_rubber,28
6840,Radial_car_tyre_stack_002/Stacked_car_tyre_004/Tread_block_301_301,Radial_car_tyre_stack_002,Tyre_rubber,28
6841,Radial_car_tyre_stack_002/Stacked_car_tyre_004/Tread_block_302_302,Radial_car_tyre_stack_002,Tyre_rubber,28
6842,Radial_car_tyre_stack_002/Stacked_car_tyre_004/Tread_block_303_303,Radial_car_tyre_stack_002,Tyre_rubber,28
6843,Radial_car_tyre_stack_002/Stacked_car_tyre_004/Tread_block_304_304,Radial_car_tyre_stack_002,Tyre_rubber,28
6844,Radial_car_tyre_stack_002/Stacked_car_tyre_004/Tread_block_305_305,Radial_car_tyre_stack_002,Tyre_rubber,28
6845,Radial_car_tyre_stack_002/Stacked_car_tyre_004/Tread_block_306_306,Radial_car_tyre_stack_002,Tyre_rubber,28
6846,Radial_car_tyre_stack_002/Stacked_car_tyre_004/Tread_block_307_307,Radial_car_tyre_stack_002,Tyre_rubber,28
6847,Radial_car_tyre_stack_002/Stacked_car_tyre_004/Tread_block_308_308,Radial_car_tyre_stack_002,Tyre_rubber,28
6848,Radial_car_tyre_stack_002/Stacked_car_tyre_004/Tread_block_309_309,Radial_car_tyre_stack_002,Tyre_rubber,28
6849,Radial_car_tyre_stack_002/Stacked_car_tyre_004/Tread_block_310_310,Radial_car_tyre_stack_002,Tyre_rubber,28
6850,Radial_car_tyre_stack_002/Stacked_car_tyre_004/Tread_block_311_311,Radial_car_tyre_stack_002,Tyre_rubber,28
6851,Radial_car_tyre_stack_002/Stacked_car_tyre_004/Tread_block_312_312,Radial_car_tyre_stack_002,Tyre_rubber,28
6852,Radial_car_tyre_stack_002/Stacked_car_tyre_004/Tread_block_313_313,Radial_car_tyre_stack_002,Tyre_rubber,28
6853,Radial_car_tyre_stack_002/Stacked_car_tyre_004/Tread_block_314_314,Radial_car_tyre_stack_002,Tyre_rubber,28
6854,Radial_car_tyre_stack_002/Stacked_car_tyre_004/Tread_block_315_315,Radial_car_tyre_stack_002,Tyre_rubber,28
6855,Radial_car_tyre_stack_002/Stacked_car_tyre_004/Tread_block_316_316,Radial_car_tyre_stack_002,Tyre_rubber,28
6856,Radial_car_tyre_stack_002/Stacked_car_tyre_004/Tread_block_317_317,Radial_car_tyre_stack_002,Tyre_rubber,28
6857,Radial_car_tyre_stack_002/Stacked_car_tyre_004/Tread_block_318_318,Radial_car_tyre_stack_002,Tyre_rubber,28
6858,Radial_car_tyre_stack_002/Stacked_car_tyre_004/Tread_block_319_319,Radial_car_tyre_stack_002,Tyre_rubber,28
6859,Radial_car_tyre_stack_002/Stacked_car_tyre_004/Tread_block_320_320,Radial_car_tyre_stack_002,Tyre_rubber,28
6860,Radial_car_tyre_stack_002/Stacked_car_tyre_004/Bead_lip_321_321,Radial_car_tyre_stack_002,Tyre_rubber,768
6861,Radial_car_tyre_stack_002/Stacked_car_tyre_004/Moulded_sidewall_line_322_322,Radial_car_tyre_stack_002,Tyre_rubber,512
6862,Radial_car_tyre_stack_002/Stacked_car_tyre_004/Inner_sidewall_line_323_323,Radial_car_tyre_stack_002,Tyre_rubber,512
6863,Radial_car_tyre_stack_002/Stacked_car_tyre_004/Bead_lip_324_324,Radial_car_tyre_stack_002,Tyre_rubber,768
6864,Radial_car_tyre_stack_002/Stacked_car_tyre_004/Moulded_sidewall_line_325_325,Radial_car_tyre_stack_002,Tyre_rubber,512
6865,Radial_car_tyre_stack_002/Stacked_car_tyre_004/Inner_sidewall_line_326_326,Radial_car_tyre_stack_002,Tyre_rubber,512
6866,Radial_car_tyre_stack_002/Stacked_car_tyre_004/Embossed_tyre_specification_327_327,Radial_car_tyre_stack_002,Moulded_tyresize_275_35_R19,128
6867,Radial_car_tyre_stack_002/Stacked_car_tyre_004/Embossed_tyre_specification_reverse_328_328,Radial_car_tyre_stack_002,Moulded_tyresize_275_35_R19,128
6868,Radial_car_tyre_stack_002/Stacked_car_tyre_005/Tyre_carcass_275_35_R19_000_329,Radial_car_tyre_stack_002,Tyre_rubber,3072
6869,Radial_car_tyre_stack_002/Stacked_car_tyre_005/Tread_block_001_330,Radial_car_tyre_stack_002,Tyre_rubber,28
6870,Radial_car_tyre_stack_002/Stacked_car_tyre_005/Tread_block_002_331,Radial_car_tyre_stack_002,Tyre_rubber,28
6871,Radial_car_tyre_stack_002/Stacked_car_tyre_005/Tread_block_003_332,Radial_car_tyre_stack_002,Tyre_rubber,28
6872,Radial_car_tyre_stack_002/Stacked_car_tyre_005/Tread_block_004_333,Radial_car_tyre_stack_002,Tyre_rubber,28
6873,Radial_car_tyre_stack_002/Stacked_car_tyre_005/Tread_block_005_334,Radial_car_tyre_stack_002,Tyre_rubber,28
6874,Radial_car_tyre_stack_002/Stacked_car_tyre_005/Tread_block_006_335,Radial_car_tyre_stack_002,Tyre_rubber,28
6875,Radial_car_tyre_stack_002/Stacked_car_tyre_005/Tread_block_007_336,Radial_car_tyre_stack_002,Tyre_rubber,28
6876,Radial_car_tyre_stack_002/Stacked_car_tyre_005/Tread_block_008_337,Radial_car_tyre_stack_002,Tyre_rubber,28
6877,Radial_car_tyre_stack_002/Stacked_car_tyre_005/Tread_block_009_338,Radial_car_tyre_stack_002,Tyre_rubber,28
6878,Radial_car_tyre_stack_002/Stacked_car_tyre_005/Tread_block_010_339,Radial_car_tyre_stack_002,Tyre_rubber,28
6879,Radial_car_tyre_stack_002/Stacked_car_tyre_005/Tread_block_011_340,Radial_car_tyre_stack_002,Tyre_rubber,28
6880,Radial_car_tyre_stack_002/Stacked_car_tyre_005/Tread_block_012_341,Radial_car_tyre_stack_002,Tyre_rubber,28
6881,Radial_car_tyre_stack_002/Stacked_car_tyre_005/Tread_block_013_342,Radial_car_tyre_stack_002,Tyre_rubber,28
6882,Radial_car_tyre_stack_002/Stacked_car_tyre_005/Tread_block_014_343,Radial_car_tyre_stack_002,Tyre_rubber,28
6883,Radial_car_tyre_stack_002/Stacked_car_tyre_005/Tread_block_015_344,Radial_car_tyre_stack_002,Tyre_rubber,28
6884,Radial_car_tyre_stack_002/Stacked_car_tyre_005/Tread_block_016_345,Radial_car_tyre_stack_002,Tyre_rubber,28
6885,Radial_car_tyre_stack_002/Stacked_car_tyre_005/Tread_block_017_346,Radial_car_tyre_stack_002,Tyre_rubber,28
6886,Radial_car_tyre_stack_002/Stacked_car_tyre_005/Tread_block_018_347,Radial_car_tyre_stack_002,Tyre_rubber,28
6887,Radial_car_tyre_stack_002/Stacked_car_tyre_005/Tread_block_019_348,Radial_car_tyre_stack_002,Tyre_rubber,28
6888,Radial_car_tyre_stack_002/Stacked_car_tyre_005/Tread_block_020_349,Radial_car_tyre_stack_002,Tyre_rubber,28
6889,Radial_car_tyre_stack_002/Stacked_car_tyre_005/Tread_block_021_350,Radial_car_tyre_stack_002,Tyre_rubber,28
6890,Radial_car_tyre_stack_002/Stacked_car_tyre_005/Tread_block_022_351,Radial_car_tyre_stack_002,Tyre_rubber,28
6891,Radial_car_tyre_stack_002/Stacked_car_tyre_005/Tread_block_023_352,Radial_car_tyre_stack_002,Tyre_rubber,28
6892,Radial_car_tyre_stack_002/Stacked_car_tyre_005/Tread_block_024_353,Radial_car_tyre_stack_002,Tyre_rubber,28
6893,Radial_car_tyre_stack_002/Stacked_car_tyre_005/Tread_block_025_354,Radial_car_tyre_stack_002,Tyre_rubber,28
6894,Radial_car_tyre_stack_002/Stacked_car_tyre_005/Tread_block_026_355,Radial_car_tyre_stack_002,Tyre_rubber,28
6895,Radial_car_tyre_stack_002/Stacked_car_tyre_005/Tread_block_027_356,Radial_car_tyre_stack_002,Tyre_rubber,28
6896,Radial_car_tyre_stack_002/Stacked_car_tyre_005/Tread_block_028_357,Radial_car_tyre_stack_002,Tyre_rubber,28
6897,Radial_car_tyre_stack_002/Stacked_car_tyre_005/Tread_block_029_358,Radial_car_tyre_stack_002,Tyre_rubber,28
6898,Radial_car_tyre_stack_002/Stacked_car_tyre_005/Tread_block_030_359,Radial_car_tyre_stack_002,Tyre_rubber,28
6899,Radial_car_tyre_stack_002/Stacked_car_tyre_005/Tread_block_031_360,Radial_car_tyre_stack_002,Tyre_rubber,28
6900,Radial_car_tyre_stack_002/Stacked_car_tyre_005/Tread_block_032_361,Radial_car_tyre_stack_002,Tyre_rubber,28
6901,Radial_car_tyre_stack_002/Stacked_car_tyre_005/Tread_block_033_362,Radial_car_tyre_stack_002,Tyre_rubber,28
6902,Radial_car_tyre_stack_002/Stacked_car_tyre_005/Tread_block_034_363,Radial_car_tyre_stack_002,Tyre_rubber,28
6903,Radial_car_tyre_stack_002/Stacked_car_tyre_005/Tread_block_035_364,Radial_car_tyre_stack_002,Tyre_rubber,28
6904,Radial_car_tyre_stack_002/Stacked_car_tyre_005/Tread_block_036_365,Radial_car_tyre_stack_002,Tyre_rubber,28
6905,Radial_car_tyre_stack_002/Stacked_car_tyre_005/Tread_block_037_366,Radial_car_tyre_stack_002,Tyre_rubber,28
6906,Radial_car_tyre_stack_002/Stacked_car_tyre_005/Tread_block_038_367,Radial_car_tyre_stack_002,Tyre_rubber,28
6907,Radial_car_tyre_stack_002/Stacked_car_tyre_005/Tread_block_039_368,Radial_car_tyre_stack_002,Tyre_rubber,28
6908,Radial_car_tyre_stack_002/Stacked_car_tyre_005/Tread_block_040_369,Radial_car_tyre_stack_002,Tyre_rubber,28
6909,Radial_car_tyre_stack_002/Stacked_car_tyre_005/Tread_block_041_370,Radial_car_tyre_stack_002,Tyre_rubber,28
6910,Radial_car_tyre_stack_002/Stacked_car_tyre_005/Tread_block_042_371,Radial_car_tyre_stack_002,Tyre_rubber,28
6911,Radial_car_tyre_stack_002/Stacked_car_tyre_005/Tread_block_043_372,Radial_car_tyre_stack_002,Tyre_rubber,28
6912,Radial_car_tyre_stack_002/Stacked_car_tyre_005/Tread_block_044_373,Radial_car_tyre_stack_002,Tyre_rubber,28
6913,Radial_car_tyre_stack_002/Stacked_car_tyre_005/Tread_block_045_374,Radial_car_tyre_stack_002,Tyre_rubber,28
6914,Radial_car_tyre_stack_002/Stacked_car_tyre_005/Tread_block_046_375,Radial_car_tyre_stack_002,Tyre_rubber,28
6915,Radial_car_tyre_stack_002/Stacked_car_tyre_005/Tread_block_047_376,Radial_car_tyre_stack_002,Tyre_rubber,28
6916,Radial_car_tyre_stack_002/Stacked_car_tyre_005/Tread_block_048_377,Radial_car_tyre_stack_002,Tyre_rubber,28
6917,Radial_car_tyre_stack_002/Stacked_car_tyre_005/Tread_block_049_378,Radial_car_tyre_stack_002,Tyre_rubber,28
6918,Radial_car_tyre_stack_002/Stacked_car_tyre_005/Tread_block_050_379,Radial_car_tyre_stack_002,Tyre_rubber,28
6919,Radial_car_tyre_stack_002/Stacked_car_tyre_005/Tread_block_051_380,Radial_car_tyre_stack_002,Tyre_rubber,28
6920,Radial_car_tyre_stack_002/Stacked_car_tyre_005/Tread_block_052_381,Radial_car_tyre_stack_002,Tyre_rubber,28
6921,Radial_car_tyre_stack_002/Stacked_car_tyre_005/Tread_block_053_382,Radial_car_tyre_stack_002,Tyre_rubber,28
6922,Radial_car_tyre_stack_002/Stacked_car_tyre_005/Tread_block_054_383,Radial_car_tyre_stack_002,Tyre_rubber,28
6923,Radial_car_tyre_stack_002/Stacked_car_tyre_005/Tread_block_055_384,Radial_car_tyre_stack_002,Tyre_rubber,28
6924,Radial_car_tyre_stack_002/Stacked_car_tyre_005/Tread_block_056_385,Radial_car_tyre_stack_002,Tyre_rubber,28
6925,Radial_car_tyre_stack_002/Stacked_car_tyre_005/Tread_block_057_386,Radial_car_tyre_stack_002,Tyre_rubber,28
6926,Radial_car_tyre_stack_002/Stacked_car_tyre_005/Tread_block_058_387,Radial_car_tyre_stack_002,Tyre_rubber,28
6927,Radial_car_tyre_stack_002/Stacked_car_tyre_005/Tread_block_059_388,Radial_car_tyre_stack_002,Tyre_rubber,28
6928,Radial_car_tyre_stack_002/Stacked_car_tyre_005/Tread_block_060_389,Radial_car_tyre_stack_002,Tyre_rubber,28
6929,Radial_car_tyre_stack_002/Stacked_car_tyre_005/Tread_block_061_390,Radial_car_tyre_stack_002,Tyre_rubber,28
6930,Radial_car_tyre_stack_002/Stacked_car_tyre_005/Tread_block_062_391,Radial_car_tyre_stack_002,Tyre_rubber,28
6931,Radial_car_tyre_stack_002/Stacked_car_tyre_005/Tread_block_063_392,Radial_car_tyre_stack_002,Tyre_rubber,28
6932,Radial_car_tyre_stack_002/Stacked_car_tyre_005/Tread_block_064_393,Radial_car_tyre_stack_002,Tyre_rubber,28
6933,Radial_car_tyre_stack_002/Stacked_car_tyre_005/Tread_block_065_394,Radial_car_tyre_stack_002,Tyre_rubber,28
6934,Radial_car_tyre_stack_002/Stacked_car_tyre_005/Tread_block_066_395,Radial_car_tyre_stack_002,Tyre_rubber,28
6935,Radial_car_tyre_stack_002/Stacked_car_tyre_005/Tread_block_067_396,Radial_car_tyre_stack_002,Tyre_rubber,28
6936,Radial_car_tyre_stack_002/Stacked_car_tyre_005/Tread_block_068_397,Radial_car_tyre_stack_002,Tyre_rubber,28
6937,Radial_car_tyre_stack_002/Stacked_car_tyre_005/Tread_block_069_398,Radial_car_tyre_stack_002,Tyre_rubber,28
6938,Radial_car_tyre_stack_002/Stacked_car_tyre_005/Tread_block_070_399,Radial_car_tyre_stack_002,Tyre_rubber,28
6939,Radial_car_tyre_stack_002/Stacked_car_tyre_005/Tread_block_071_400,Radial_car_tyre_stack_002,Tyre_rubber,28
6940,Radial_car_tyre_stack_002/Stacked_car_tyre_005/Tread_block_072_401,Radial_car_tyre_stack_002,Tyre_rubber,28
6941,Radial_car_tyre_stack_002/Stacked_car_tyre_005/Tread_block_073_402,Radial_car_tyre_stack_002,Tyre_rubber,28
6942,Radial_car_tyre_stack_002/Stacked_car_tyre_005/Tread_block_074_403,Radial_car_tyre_stack_002,Tyre_rubber,28
6943,Radial_car_tyre_stack_002/Stacked_car_tyre_005/Tread_block_075_404,Radial_car_tyre_stack_002,Tyre_rubber,28
6944,Radial_car_tyre_stack_002/Stacked_car_tyre_005/Tread_block_076_405,Radial_car_tyre_stack_002,Tyre_rubber,28
6945,Radial_car_tyre_stack_002/Stacked_car_tyre_005/Tread_block_077_406,Radial_car_tyre_stack_002,Tyre_rubber,28
6946,Radial_car_tyre_stack_002/Stacked_car_tyre_005/Tread_block_078_407,Radial_car_tyre_stack_002,Tyre_rubber,28
6947,Radial_car_tyre_stack_002/Stacked_car_tyre_005/Tread_block_079_408,Radial_car_tyre_stack_002,Tyre_rubber,28
6948,Radial_car_tyre_stack_002/Stacked_car_tyre_005/Tread_block_080_409,Radial_car_tyre_stack_002,Tyre_rubber,28
6949,Radial_car_tyre_stack_002/Stacked_car_tyre_005/Tread_block_081_410,Radial_car_tyre_stack_002,Tyre_rubber,28
6950,Radial_car_tyre_stack_002/Stacked_car_tyre_005/Tread_block_082_411,Radial_car_tyre_stack_002,Tyre_rubber,28
6951,Radial_car_tyre_stack_002/Stacked_car_tyre_005/Tread_block_083_412,Radial_car_tyre_stack_002,Tyre_rubber,28
6952,Radial_car_tyre_stack_002/Stacked_car_tyre_005/Tread_block_084_413,Radial_car_tyre_stack_002,Tyre_rubber,28
6953,Radial_car_tyre_stack_002/Stacked_car_tyre_005/Tread_block_085_414,Radial_car_tyre_stack_002,Tyre_rubber,28
6954,Radial_car_tyre_stack_002/Stacked_car_tyre_005/Tread_block_086_415,Radial_car_tyre_stack_002,Tyre_rubber,28
6955,Radial_car_tyre_stack_002/Stacked_car_tyre_005/Tread_block_087_416,Radial_car_tyre_stack_002,Tyre_rubber,28
6956,Radial_car_tyre_stack_002/Stacked_car_tyre_005/Tread_block_088_417,Radial_car_tyre_stack_002,Tyre_rubber,28
6957,Radial_car_tyre_stack_002/Stacked_car_tyre_005/Tread_block_089_418,Radial_car_tyre_stack_002,Tyre_rubber,28
6958,Radial_car_tyre_stack_002/Stacked_car_tyre_005/Tread_block_090_419,Radial_car_tyre_stack_002,Tyre_rubber,28
6959,Radial_car_tyre_stack_002/Stacked_car_tyre_005/Tread_block_091_420,Radial_car_tyre_stack_002,Tyre_rubber,28
6960,Radial_car_tyre_stack_002/Stacked_car_tyre_005/Tread_block_092_421,Radial_car_tyre_stack_002,Tyre_rubber,28
6961,Radial_car_tyre_stack_002/Stacked_car_tyre_005/Tread_block_093_422,Radial_car_tyre_stack_002,Tyre_rubber,28
6962,Radial_car_tyre_stack_002/Stacked_car_tyre_005/Tread_block_094_423,Radial_car_tyre_stack_002,Tyre_rubber,28
6963,Radial_car_tyre_stack_002/Stacked_car_tyre_005/Tread_block_095_424,Radial_car_tyre_stack_002,Tyre_rubber,28
6964,Radial_car_tyre_stack_002/Stacked_car_tyre_005/Tread_block_096_425,Radial_car_tyre_stack_002,Tyre_rubber,28
6965,Radial_car_tyre_stack_002/Stacked_car_tyre_005/Tread_block_097_426,Radial_car_tyre_stack_002,Tyre_rubber,28
6966,Radial_car_tyre_stack_002/Stacked_car_tyre_005/Tread_block_098_427,Radial_car_tyre_stack_002,Tyre_rubber,28
6967,Radial_car_tyre_stack_002/Stacked_car_tyre_005/Tread_block_099_428,Radial_car_tyre_stack_002,Tyre_rubber,28
6968,Radial_car_tyre_stack_002/Stacked_car_tyre_005/Tread_block_100_429,Radial_car_tyre_stack_002,Tyre_rubber,28
6969,Radial_car_tyre_stack_002/Stacked_car_tyre_005/Tread_block_101_430,Radial_car_tyre_stack_002,Tyre_rubber,28
6970,Radial_car_tyre_stack_002/Stacked_car_tyre_005/Tread_block_102_431,Radial_car_tyre_stack_002,Tyre_rubber,28
6971,Radial_car_tyre_stack_002/Stacked_car_tyre_005/Tread_block_103_432,Radial_car_tyre_stack_002,Tyre_rubber,28
6972,Radial_car_tyre_stack_002/Stacked_car_tyre_005/Tread_block_104_433,Radial_car_tyre_stack_002,Tyre_rubber,28
6973,Radial_car_tyre_stack_002/Stacked_car_tyre_005/Tread_block_105_434,Radial_car_tyre_stack_002,Tyre_rubber,28
6974,Radial_car_tyre_stack_002/Stacked_car_tyre_005/Tread_block_106_435,Radial_car_tyre_stack_002,Tyre_rubber,28
6975,Radial_car_tyre_stack_002/Stacked_car_tyre_005/Tread_block_107_436,Radial_car_tyre_stack_002,Tyre_rubber,28
6976,Radial_car_tyre_stack_002/Stacked_car_tyre_005/Tread_block_108_437,Radial_car_tyre_stack_002,Tyre_rubber,28
6977,Radial_car_tyre_stack_002/Stacked_car_tyre_005/Tread_block_109_438,Radial_car_tyre_stack_002,Tyre_rubber,28
6978,Radial_car_tyre_stack_002/Stacked_car_tyre_005/Tread_block_110_439,Radial_car_tyre_stack_002,Tyre_rubber,28
6979,Radial_car_tyre_stack_002/Stacked_car_tyre_005/Tread_block_111_440,Radial_car_tyre_stack_002,Tyre_rubber,28
6980,Radial_car_tyre_stack_002/Stacked_car_tyre_005/Tread_block_112_441,Radial_car_tyre_stack_002,Tyre_rubber,28
6981,Radial_car_tyre_stack_002/Stacked_car_tyre_005/Tread_block_113_442,Radial_car_tyre_stack_002,Tyre_rubber,28
6982,Radial_car_tyre_stack_002/Stacked_car_tyre_005/Tread_block_114_443,Radial_car_tyre_stack_002,Tyre_rubber,28
6983,Radial_car_tyre_stack_002/Stacked_car_tyre_005/Tread_block_115_444,Radial_car_tyre_stack_002,Tyre_rubber,28
6984,Radial_car_tyre_stack_002/Stacked_car_tyre_005/Tread_block_116_445,Radial_car_tyre_stack_002,Tyre_rubber,28
6985,Radial_car_tyre_stack_002/Stacked_car_tyre_005/Tread_block_117_446,Radial_car_tyre_stack_002,Tyre_rubber,28
6986,Radial_car_tyre_stack_002/Stacked_car_tyre_005/Tread_block_118_447,Radial_car_tyre_stack_002,Tyre_rubber,28
6987,Radial_car_tyre_stack_002/Stacked_car_tyre_005/Tread_block_119_448,Radial_car_tyre_stack_002,Tyre_rubber,28
6988,Radial_car_tyre_stack_002/Stacked_car_tyre_005/Tread_block_120_449,Radial_car_tyre_stack_002,Tyre_rubber,28
6989,Radial_car_tyre_stack_002/Stacked_car_tyre_005/Tread_block_121_450,Radial_car_tyre_stack_002,Tyre_rubber,28
6990,Radial_car_tyre_stack_002/Stacked_car_tyre_005/Tread_block_122_451,Radial_car_tyre_stack_002,Tyre_rubber,28
6991,Radial_car_tyre_stack_002/Stacked_car_tyre_005/Tread_block_123_452,Radial_car_tyre_stack_002,Tyre_rubber,28
6992,Radial_car_tyre_stack_002/Stacked_car_tyre_005/Tread_block_124_453,Radial_car_tyre_stack_002,Tyre_rubber,28
6993,Radial_car_tyre_stack_002/Stacked_car_tyre_005/Tread_block_125_454,Radial_car_tyre_stack_002,Tyre_rubber,28
6994,Radial_car_tyre_stack_002/Stacked_car_tyre_005/Tread_block_126_455,Radial_car_tyre_stack_002,Tyre_rubber,28
6995,Radial_car_tyre_stack_002/Stacked_car_tyre_005/Tread_block_127_456,Radial_car_tyre_stack_002,Tyre_rubber,28
6996,Radial_car_tyre_stack_002/Stacked_car_tyre_005/Tread_block_128_457,Radial_car_tyre_stack_002,Tyre_rubber,28
6997,Radial_car_tyre_stack_002/Stacked_car_tyre_005/Tread_block_129_458,Radial_car_tyre_stack_002,Tyre_rubber,28
6998,Radial_car_tyre_stack_002/Stacked_car_tyre_005/Tread_block_130_459,Radial_car_tyre_stack_002,Tyre_rubber,28
6999,Radial_car_tyre_stack_002/Stacked_car_tyre_005/Tread_block_131_460,Radial_car_tyre_stack_002,Tyre_rubber,28
7000,Radial_car_tyre_stack_002/Stacked_car_tyre_005/Tread_block_132_461,Radial_car_tyre_stack_002,Tyre_rubber,28
7001,Radial_car_tyre_stack_002/Stacked_car_tyre_005/Tread_block_133_462,Radial_car_tyre_stack_002,Tyre_rubber,28
7002,Radial_car_tyre_stack_002/Stacked_car_tyre_005/Tread_block_134_463,Radial_car_tyre_stack_002,Tyre_rubber,28
7003,Radial_car_tyre_stack_002/Stacked_car_tyre_005/Tread_block_135_464,Radial_car_tyre_stack_002,Tyre_rubber,28
7004,Radial_car_tyre_stack_002/Stacked_car_tyre_005/Tread_block_136_465,Radial_car_tyre_stack_002,Tyre_rubber,28
7005,Radial_car_tyre_stack_002/Stacked_car_tyre_005/Tread_block_137_466,Radial_car_tyre_stack_002,Tyre_rubber,28
7006,Radial_car_tyre_stack_002/Stacked_car_tyre_005/Tread_block_138_467,Radial_car_tyre_stack_002,Tyre_rubber,28
7007,Radial_car_tyre_stack_002/Stacked_car_tyre_005/Tread_block_139_468,Radial_car_tyre_stack_002,Tyre_rubber,28
7008,Radial_car_tyre_stack_002/Stacked_car_tyre_005/Tread_block_140_469,Radial_car_tyre_stack_002,Tyre_rubber,28
7009,Radial_car_tyre_stack_002/Stacked_car_tyre_005/Tread_block_141_470,Radial_car_tyre_stack_002,Tyre_rubber,28
7010,Radial_car_tyre_stack_002/Stacked_car_tyre_005/Tread_block_142_471,Radial_car_tyre_stack_002,Tyre_rubber,28
7011,Radial_car_tyre_stack_002/Stacked_car_tyre_005/Tread_block_143_472,Radial_car_tyre_stack_002,Tyre_rubber,28
7012,Radial_car_tyre_stack_002/Stacked_car_tyre_005/Tread_block_144_473,Radial_car_tyre_stack_002,Tyre_rubber,28
7013,Radial_car_tyre_stack_002/Stacked_car_tyre_005/Tread_block_145_474,Radial_car_tyre_stack_002,Tyre_rubber,28
7014,Radial_car_tyre_stack_002/Stacked_car_tyre_005/Tread_block_146_475,Radial_car_tyre_stack_002,Tyre_rubber,28
7015,Radial_car_tyre_stack_002/Stacked_car_tyre_005/Tread_block_147_476,Radial_car_tyre_stack_002,Tyre_rubber,28
7016,Radial_car_tyre_stack_002/Stacked_car_tyre_005/Tread_block_148_477,Radial_car_tyre_stack_002,Tyre_rubber,28
7017,Radial_car_tyre_stack_002/Stacked_car_tyre_005/Tread_block_149_478,Radial_car_tyre_stack_002,Tyre_rubber,28
7018,Radial_car_tyre_stack_002/Stacked_car_tyre_005/Tread_block_150_479,Radial_car_tyre_stack_002,Tyre_rubber,28
7019,Radial_car_tyre_stack_002/Stacked_car_tyre_005/Tread_block_151_480,Radial_car_tyre_stack_002,Tyre_rubber,28
7020,Radial_car_tyre_stack_002/Stacked_car_tyre_005/Tread_block_152_481,Radial_car_tyre_stack_002,Tyre_rubber,28
7021,Radial_car_tyre_stack_002/Stacked_car_tyre_005/Tread_block_153_482,Radial_car_tyre_stack_002,Tyre_rubber,28
7022,Radial_car_tyre_stack_002/Stacked_car_tyre_005/Tread_block_154_483,Radial_car_tyre_stack_002,Tyre_rubber,28
7023,Radial_car_tyre_stack_002/Stacked_car_tyre_005/Tread_block_155_484,Radial_car_tyre_stack_002,Tyre_rubber,28
7024,Radial_car_tyre_stack_002/Stacked_car_tyre_005/Tread_block_156_485,Radial_car_tyre_stack_002,Tyre_rubber,28
7025,Radial_car_tyre_stack_002/Stacked_car_tyre_005/Tread_block_157_486,Radial_car_tyre_stack_002,Tyre_rubber,28
7026,Radial_car_tyre_stack_002/Stacked_car_tyre_005/Tread_block_158_487,Radial_car_tyre_stack_002,Tyre_rubber,28
7027,Radial_car_tyre_stack_002/Stacked_car_tyre_005/Tread_block_159_488,Radial_car_tyre_stack_002,Tyre_rubber,28
7028,Radial_car_tyre_stack_002/Stacked_car_tyre_005/Tread_block_160_489,Radial_car_tyre_stack_002,Tyre_rubber,28
7029,Radial_car_tyre_stack_002/Stacked_car_tyre_005/Tread_block_161_490,Radial_car_tyre_stack_002,Tyre_rubber,28
7030,Radial_car_tyre_stack_002/Stacked_car_tyre_005/Tread_block_162_491,Radial_car_tyre_stack_002,Tyre_rubber,28
7031,Radial_car_tyre_stack_002/Stacked_car_tyre_005/Tread_block_163_492,Radial_car_tyre_stack_002,Tyre_rubber,28
7032,Radial_car_tyre_stack_002/Stacked_car_tyre_005/Tread_block_164_493,Radial_car_tyre_stack_002,Tyre_rubber,28
7033,Radial_car_tyre_stack_002/Stacked_car_tyre_005/Tread_block_165_494,Radial_car_tyre_stack_002,Tyre_rubber,28
7034,Radial_car_tyre_stack_002/Stacked_car_tyre_005/Tread_block_166_495,Radial_car_tyre_stack_002,Tyre_rubber,28
7035,Radial_car_tyre_stack_002/Stacked_car_tyre_005/Tread_block_167_496,Radial_car_tyre_stack_002,Tyre_rubber,28
7036,Radial_car_tyre_stack_002/Stacked_car_tyre_005/Tread_block_168_497,Radial_car_tyre_stack_002,Tyre_rubber,28
7037,Radial_car_tyre_stack_002/Stacked_car_tyre_005/Tread_block_169_498,Radial_car_tyre_stack_002,Tyre_rubber,28
7038,Radial_car_tyre_stack_002/Stacked_car_tyre_005/Tread_block_170_499,Radial_car_tyre_stack_002,Tyre_rubber,28
7039,Radial_car_tyre_stack_002/Stacked_car_tyre_005/Tread_block_171_500,Radial_car_tyre_stack_002,Tyre_rubber,28
7040,Radial_car_tyre_stack_002/Stacked_car_tyre_005/Tread_block_172_501,Radial_car_tyre_stack_002,Tyre_rubber,28
7041,Radial_car_tyre_stack_002/Stacked_car_tyre_005/Tread_block_173_502,Radial_car_tyre_stack_002,Tyre_rubber,28
7042,Radial_car_tyre_stack_002/Stacked_car_tyre_005/Tread_block_174_503,Radial_car_tyre_stack_002,Tyre_rubber,28
7043,Radial_car_tyre_stack_002/Stacked_car_tyre_005/Tread_block_175_504,Radial_car_tyre_stack_002,Tyre_rubber,28
7044,Radial_car_tyre_stack_002/Stacked_car_tyre_005/Tread_block_176_505,Radial_car_tyre_stack_002,Tyre_rubber,28
7045,Radial_car_tyre_stack_002/Stacked_car_tyre_005/Tread_block_177_506,Radial_car_tyre_stack_002,Tyre_rubber,28
7046,Radial_car_tyre_stack_002/Stacked_car_tyre_005/Tread_block_178_507,Radial_car_tyre_stack_002,Tyre_rubber,28
7047,Radial_car_tyre_stack_002/Stacked_car_tyre_005/Tread_block_179_508,Radial_car_tyre_stack_002,Tyre_rubber,28
7048,Radial_car_tyre_stack_002/Stacked_car_tyre_005/Tread_block_180_509,Radial_car_tyre_stack_002,Tyre_rubber,28
7049,Radial_car_tyre_stack_002/Stacked_car_tyre_005/Tread_block_181_510,Radial_car_tyre_stack_002,Tyre_rubber,28
7050,Radial_car_tyre_stack_002/Stacked_car_tyre_005/Tread_block_182_511,Radial_car_tyre_stack_002,Tyre_rubber,28
7051,Radial_car_tyre_stack_002/Stacked_car_tyre_005/Tread_block_183_512,Radial_car_tyre_stack_002,Tyre_rubber,28
7052,Radial_car_tyre_stack_002/Stacked_car_tyre_005/Tread_block_184_513,Radial_car_tyre_stack_002,Tyre_rubber,28
7053,Radial_car_tyre_stack_002/Stacked_car_tyre_005/Tread_block_185_514,Radial_car_tyre_stack_002,Tyre_rubber,28
7054,Radial_car_tyre_stack_002/Stacked_car_tyre_005/Tread_block_186_515,Radial_car_tyre_stack_002,Tyre_rubber,28
7055,Radial_car_tyre_stack_002/Stacked_car_tyre_005/Tread_block_187_516,Radial_car_tyre_stack_002,Tyre_rubber,28
7056,Radial_car_tyre_stack_002/Stacked_car_tyre_005/Tread_block_188_517,Radial_car_tyre_stack_002,Tyre_rubber,28
7057,Radial_car_tyre_stack_002/Stacked_car_tyre_005/Tread_block_189_518,Radial_car_tyre_stack_002,Tyre_rubber,28
7058,Radial_car_tyre_stack_002/Stacked_car_tyre_005/Tread_block_190_519,Radial_car_tyre_stack_002,Tyre_rubber,28
7059,Radial_car_tyre_stack_002/Stacked_car_tyre_005/Tread_block_191_520,Radial_car_tyre_stack_002,Tyre_rubber,28
7060,Radial_car_tyre_stack_002/Stacked_car_tyre_005/Tread_block_192_521,Radial_car_tyre_stack_002,Tyre_rubber,28
7061,Radial_car_tyre_stack_002/Stacked_car_tyre_005/Tread_block_193_522,Radial_car_tyre_stack_002,Tyre_rubber,28
7062,Radial_car_tyre_stack_002/Stacked_car_tyre_005/Tread_block_194_523,Radial_car_tyre_stack_002,Tyre_rubber,28
7063,Radial_car_tyre_stack_002/Stacked_car_tyre_005/Tread_block_195_524,Radial_car_tyre_stack_002,Tyre_rubber,28
7064,Radial_car_tyre_stack_002/Stacked_car_tyre_005/Tread_block_196_525,Radial_car_tyre_stack_002,Tyre_rubber,28
7065,Radial_car_tyre_stack_002/Stacked_car_tyre_005/Tread_block_197_526,Radial_car_tyre_stack_002,Tyre_rubber,28
7066,Radial_car_tyre_stack_002/Stacked_car_tyre_005/Tread_block_198_527,Radial_car_tyre_stack_002,Tyre_rubber,28
7067,Radial_car_tyre_stack_002/Stacked_car_tyre_005/Tread_block_199_528,Radial_car_tyre_stack_002,Tyre_rubber,28
7068,Radial_car_tyre_stack_002/Stacked_car_tyre_005/Tread_block_200_529,Radial_car_tyre_stack_002,Tyre_rubber,28
7069,Radial_car_tyre_stack_002/Stacked_car_tyre_005/Tread_block_201_530,Radial_car_tyre_stack_002,Tyre_rubber,28
7070,Radial_car_tyre_stack_002/Stacked_car_tyre_005/Tread_block_202_531,Radial_car_tyre_stack_002,Tyre_rubber,28
7071,Radial_car_tyre_stack_002/Stacked_car_tyre_005/Tread_block_203_532,Radial_car_tyre_stack_002,Tyre_rubber,28
7072,Radial_car_tyre_stack_002/Stacked_car_tyre_005/Tread_block_204_533,Radial_car_tyre_stack_002,Tyre_rubber,28
7073,Radial_car_tyre_stack_002/Stacked_car_tyre_005/Tread_block_205_534,Radial_car_tyre_stack_002,Tyre_rubber,28
7074,Radial_car_tyre_stack_002/Stacked_car_tyre_005/Tread_block_206_535,Radial_car_tyre_stack_002,Tyre_rubber,28
7075,Radial_car_tyre_stack_002/Stacked_car_tyre_005/Tread_block_207_536,Radial_car_tyre_stack_002,Tyre_rubber,28
7076,Radial_car_tyre_stack_002/Stacked_car_tyre_005/Tread_block_208_537,Radial_car_tyre_stack_002,Tyre_rubber,28
7077,Radial_car_tyre_stack_002/Stacked_car_tyre_005/Tread_block_209_538,Radial_car_tyre_stack_002,Tyre_rubber,28
7078,Radial_car_tyre_stack_002/Stacked_car_tyre_005/Tread_block_210_539,Radial_car_tyre_stack_002,Tyre_rubber,28
7079,Radial_car_tyre_stack_002/Stacked_car_tyre_005/Tread_block_211_540,Radial_car_tyre_stack_002,Tyre_rubber,28
7080,Radial_car_tyre_stack_002/Stacked_car_tyre_005/Tread_block_212_541,Radial_car_tyre_stack_002,Tyre_rubber,28
7081,Radial_car_tyre_stack_002/Stacked_car_tyre_005/Tread_block_213_542,Radial_car_tyre_stack_002,Tyre_rubber,28
7082,Radial_car_tyre_stack_002/Stacked_car_tyre_005/Tread_block_214_543,Radial_car_tyre_stack_002,Tyre_rubber,28
7083,Radial_car_tyre_stack_002/Stacked_car_tyre_005/Tread_block_215_544,Radial_car_tyre_stack_002,Tyre_rubber,28
7084,Radial_car_tyre_stack_002/Stacked_car_tyre_005/Tread_block_216_545,Radial_car_tyre_stack_002,Tyre_rubber,28
7085,Radial_car_tyre_stack_002/Stacked_car_tyre_005/Tread_block_217_546,Radial_car_tyre_stack_002,Tyre_rubber,28
7086,Radial_car_tyre_stack_002/Stacked_car_tyre_005/Tread_block_218_547,Radial_car_tyre_stack_002,Tyre_rubber,28
7087,Radial_car_tyre_stack_002/Stacked_car_tyre_005/Tread_block_219_548,Radial_car_tyre_stack_002,Tyre_rubber,28
7088,Radial_car_tyre_stack_002/Stacked_car_tyre_005/Tread_block_220_549,Radial_car_tyre_stack_002,Tyre_rubber,28
7089,Radial_car_tyre_stack_002/Stacked_car_tyre_005/Tread_block_221_550,Radial_car_tyre_stack_002,Tyre_rubber,28
7090,Radial_car_tyre_stack_002/Stacked_car_tyre_005/Tread_block_222_551,Radial_car_tyre_stack_002,Tyre_rubber,28
7091,Radial_car_tyre_stack_002/Stacked_car_tyre_005/Tread_block_223_552,Radial_car_tyre_stack_002,Tyre_rubber,28
7092,Radial_car_tyre_stack_002/Stacked_car_tyre_005/Tread_block_224_553,Radial_car_tyre_stack_002,Tyre_rubber,28
7093,Radial_car_tyre_stack_002/Stacked_car_tyre_005/Tread_block_225_554,Radial_car_tyre_stack_002,Tyre_rubber,28
7094,Radial_car_tyre_stack_002/Stacked_car_tyre_005/Tread_block_226_555,Radial_car_tyre_stack_002,Tyre_rubber,28
7095,Radial_car_tyre_stack_002/Stacked_car_tyre_005/Tread_block_227_556,Radial_car_tyre_stack_002,Tyre_rubber,28
7096,Radial_car_tyre_stack_002/Stacked_car_tyre_005/Tread_block_228_557,Radial_car_tyre_stack_002,Tyre_rubber,28
7097,Radial_car_tyre_stack_002/Stacked_car_tyre_005/Tread_block_229_558,Radial_car_tyre_stack_002,Tyre_rubber,28
7098,Radial_car_tyre_stack_002/Stacked_car_tyre_005/Tread_block_230_559,Radial_car_tyre_stack_002,Tyre_rubber,28
7099,Radial_car_tyre_stack_002/Stacked_car_tyre_005/Tread_block_231_560,Radial_car_tyre_stack_002,Tyre_rubber,28
7100,Radial_car_tyre_stack_002/Stacked_car_tyre_005/Tread_block_232_561,Radial_car_tyre_stack_002,Tyre_rubber,28
7101,Radial_car_tyre_stack_002/Stacked_car_tyre_005/Tread_block_233_562,Radial_car_tyre_stack_002,Tyre_rubber,28
7102,Radial_car_tyre_stack_002/Stacked_car_tyre_005/Tread_block_234_563,Radial_car_tyre_stack_002,Tyre_rubber,28
7103,Radial_car_tyre_stack_002/Stacked_car_tyre_005/Tread_block_235_564,Radial_car_tyre_stack_002,Tyre_rubber,28
7104,Radial_car_tyre_stack_002/Stacked_car_tyre_005/Tread_block_236_565,Radial_car_tyre_stack_002,Tyre_rubber,28
7105,Radial_car_tyre_stack_002/Stacked_car_tyre_005/Tread_block_237_566,Radial_car_tyre_stack_002,Tyre_rubber,28
7106,Radial_car_tyre_stack_002/Stacked_car_tyre_005/Tread_block_238_567,Radial_car_tyre_stack_002,Tyre_rubber,28
7107,Radial_car_tyre_stack_002/Stacked_car_tyre_005/Tread_block_239_568,Radial_car_tyre_stack_002,Tyre_rubber,28
7108,Radial_car_tyre_stack_002/Stacked_car_tyre_005/Tread_block_240_569,Radial_car_tyre_stack_002,Tyre_rubber,28
7109,Radial_car_tyre_stack_002/Stacked_car_tyre_005/Tread_block_241_570,Radial_car_tyre_stack_002,Tyre_rubber,28
7110,Radial_car_tyre_stack_002/Stacked_car_tyre_005/Tread_block_242_571,Radial_car_tyre_stack_002,Tyre_rubber,28
7111,Radial_car_tyre_stack_002/Stacked_car_tyre_005/Tread_block_243_572,Radial_car_tyre_stack_002,Tyre_rubber,28
7112,Radial_car_tyre_stack_002/Stacked_car_tyre_005/Tread_block_244_573,Radial_car_tyre_stack_002,Tyre_rubber,28
7113,Radial_car_tyre_stack_002/Stacked_car_tyre_005/Tread_block_245_574,Radial_car_tyre_stack_002,Tyre_rubber,28
7114,Radial_car_tyre_stack_002/Stacked_car_tyre_005/Tread_block_246_575,Radial_car_tyre_stack_002,Tyre_rubber,28
7115,Radial_car_tyre_stack_002/Stacked_car_tyre_005/Tread_block_247_576,Radial_car_tyre_stack_002,Tyre_rubber,28
7116,Radial_car_tyre_stack_002/Stacked_car_tyre_005/Tread_block_248_577,Radial_car_tyre_stack_002,Tyre_rubber,28
7117,Radial_car_tyre_stack_002/Stacked_car_tyre_005/Tread_block_249_578,Radial_car_tyre_stack_002,Tyre_rubber,28
7118,Radial_car_tyre_stack_002/Stacked_car_tyre_005/Tread_block_250_579,Radial_car_tyre_stack_002,Tyre_rubber,28
7119,Radial_car_tyre_stack_002/Stacked_car_tyre_005/Tread_block_251_580,Radial_car_tyre_stack_002,Tyre_rubber,28
7120,Radial_car_tyre_stack_002/Stacked_car_tyre_005/Tread_block_252_581,Radial_car_tyre_stack_002,Tyre_rubber,28
7121,Radial_car_tyre_stack_002/Stacked_car_tyre_005/Tread_block_253_582,Radial_car_tyre_stack_002,Tyre_rubber,28
7122,Radial_car_tyre_stack_002/Stacked_car_tyre_005/Tread_block_254_583,Radial_car_tyre_stack_002,Tyre_rubber,28
7123,Radial_car_tyre_stack_002/Stacked_car_tyre_005/Tread_block_255_584,Radial_car_tyre_stack_002,Tyre_rubber,28
7124,Radial_car_tyre_stack_002/Stacked_car_tyre_005/Tread_block_256_585,Radial_car_tyre_stack_002,Tyre_rubber,28
7125,Radial_car_tyre_stack_002/Stacked_car_tyre_005/Tread_block_257_586,Radial_car_tyre_stack_002,Tyre_rubber,28
7126,Radial_car_tyre_stack_002/Stacked_car_tyre_005/Tread_block_258_587,Radial_car_tyre_stack_002,Tyre_rubber,28
7127,Radial_car_tyre_stack_002/Stacked_car_tyre_005/Tread_block_259_588,Radial_car_tyre_stack_002,Tyre_rubber,28
7128,Radial_car_tyre_stack_002/Stacked_car_tyre_005/Tread_block_260_589,Radial_car_tyre_stack_002,Tyre_rubber,28
7129,Radial_car_tyre_stack_002/Stacked_car_tyre_005/Tread_block_261_590,Radial_car_tyre_stack_002,Tyre_rubber,28
7130,Radial_car_tyre_stack_002/Stacked_car_tyre_005/Tread_block_262_591,Radial_car_tyre_stack_002,Tyre_rubber,28
7131,Radial_car_tyre_stack_002/Stacked_car_tyre_005/Tread_block_263_592,Radial_car_tyre_stack_002,Tyre_rubber,28
7132,Radial_car_tyre_stack_002/Stacked_car_tyre_005/Tread_block_264_593,Radial_car_tyre_stack_002,Tyre_rubber,28
7133,Radial_car_tyre_stack_002/Stacked_car_tyre_005/Tread_block_265_594,Radial_car_tyre_stack_002,Tyre_rubber,28
7134,Radial_car_tyre_stack_002/Stacked_car_tyre_005/Tread_block_266_595,Radial_car_tyre_stack_002,Tyre_rubber,28
7135,Radial_car_tyre_stack_002/Stacked_car_tyre_005/Tread_block_267_596,Radial_car_tyre_stack_002,Tyre_rubber,28
7136,Radial_car_tyre_stack_002/Stacked_car_tyre_005/Tread_block_268_597,Radial_car_tyre_stack_002,Tyre_rubber,28
7137,Radial_car_tyre_stack_002/Stacked_car_tyre_005/Tread_block_269_598,Radial_car_tyre_stack_002,Tyre_rubber,28
7138,Radial_car_tyre_stack_002/Stacked_car_tyre_005/Tread_block_270_599,Radial_car_tyre_stack_002,Tyre_rubber,28
7139,Radial_car_tyre_stack_002/Stacked_car_tyre_005/Tread_block_271_600,Radial_car_tyre_stack_002,Tyre_rubber,28
7140,Radial_car_tyre_stack_002/Stacked_car_tyre_005/Tread_block_272_601,Radial_car_tyre_stack_002,Tyre_rubber,28
7141,Radial_car_tyre_stack_002/Stacked_car_tyre_005/Tread_block_273_602,Radial_car_tyre_stack_002,Tyre_rubber,28
7142,Radial_car_tyre_stack_002/Stacked_car_tyre_005/Tread_block_274_603,Radial_car_tyre_stack_002,Tyre_rubber,28
7143,Radial_car_tyre_stack_002/Stacked_car_tyre_005/Tread_block_275_604,Radial_car_tyre_stack_002,Tyre_rubber,28
7144,Radial_car_tyre_stack_002/Stacked_car_tyre_005/Tread_block_276_605,Radial_car_tyre_stack_002,Tyre_rubber,28
7145,Radial_car_tyre_stack_002/Stacked_car_tyre_005/Tread_block_277_606,Radial_car_tyre_stack_002,Tyre_rubber,28
7146,Radial_car_tyre_stack_002/Stacked_car_tyre_005/Tread_block_278_607,Radial_car_tyre_stack_002,Tyre_rubber,28
7147,Radial_car_tyre_stack_002/Stacked_car_tyre_005/Tread_block_279_608,Radial_car_tyre_stack_002,Tyre_rubber,28
7148,Radial_car_tyre_stack_002/Stacked_car_tyre_005/Tread_block_280_609,Radial_car_tyre_stack_002,Tyre_rubber,28
7149,Radial_car_tyre_stack_002/Stacked_car_tyre_005/Tread_block_281_610,Radial_car_tyre_stack_002,Tyre_rubber,28
7150,Radial_car_tyre_stack_002/Stacked_car_tyre_005/Tread_block_282_611,Radial_car_tyre_stack_002,Tyre_rubber,28
7151,Radial_car_tyre_stack_002/Stacked_car_tyre_005/Tread_block_283_612,Radial_car_tyre_stack_002,Tyre_rubber,28
7152,Radial_car_tyre_stack_002/Stacked_car_tyre_005/Tread_block_284_613,Radial_car_tyre_stack_002,Tyre_rubber,28
7153,Radial_car_tyre_stack_002/Stacked_car_tyre_005/Tread_block_285_614,Radial_car_tyre_stack_002,Tyre_rubber,28
7154,Radial_car_tyre_stack_002/Stacked_car_tyre_005/Tread_block_286_615,Radial_car_tyre_stack_002,Tyre_rubber,28
7155,Radial_car_tyre_stack_002/Stacked_car_tyre_005/Tread_block_287_616,Radial_car_tyre_stack_002,Tyre_rubber,28
7156,Radial_car_tyre_stack_002/Stacked_car_tyre_005/Tread_block_288_617,Radial_car_tyre_stack_002,Tyre_rubber,28
7157,Radial_car_tyre_stack_002/Stacked_car_tyre_005/Tread_block_289_618,Radial_car_tyre_stack_002,Tyre_rubber,28
7158,Radial_car_tyre_stack_002/Stacked_car_tyre_005/Tread_block_290_619,Radial_car_tyre_stack_002,Tyre_rubber,28
7159,Radial_car_tyre_stack_002/Stacked_car_tyre_005/Tread_block_291_620,Radial_car_tyre_stack_002,Tyre_rubber,28
7160,Radial_car_tyre_stack_002/Stacked_car_tyre_005/Tread_block_292_621,Radial_car_tyre_stack_002,Tyre_rubber,28
7161,Radial_car_tyre_stack_002/Stacked_car_tyre_005/Tread_block_293_622,Radial_car_tyre_stack_002,Tyre_rubber,28
7162,Radial_car_tyre_stack_002/Stacked_car_tyre_005/Tread_block_294_623,Radial_car_tyre_stack_002,Tyre_rubber,28
7163,Radial_car_tyre_stack_002/Stacked_car_tyre_005/Tread_block_295_624,Radial_car_tyre_stack_002,Tyre_rubber,28
7164,Radial_car_tyre_stack_002/Stacked_car_tyre_005/Tread_block_296_625,Radial_car_tyre_stack_002,Tyre_rubber,28
7165,Radial_car_tyre_stack_002/Stacked_car_tyre_005/Tread_block_297_626,Radial_car_tyre_stack_002,Tyre_rubber,28
7166,Radial_car_tyre_stack_002/Stacked_car_tyre_005/Tread_block_298_627,Radial_car_tyre_stack_002,Tyre_rubber,28
7167,Radial_car_tyre_stack_002/Stacked_car_tyre_005/Tread_block_299_628,Radial_car_tyre_stack_002,Tyre_rubber,28
7168,Radial_car_tyre_stack_002/Stacked_car_tyre_005/Tread_block_300_629,Radial_car_tyre_stack_002,Tyre_rubber,28
7169,Radial_car_tyre_stack_002/Stacked_car_tyre_005/Tread_block_301_630,Radial_car_tyre_stack_002,Tyre_rubber,28
7170,Radial_car_tyre_stack_002/Stacked_car_tyre_005/Tread_block_302_631,Radial_car_tyre_stack_002,Tyre_rubber,28
7171,Radial_car_tyre_stack_002/Stacked_car_tyre_005/Tread_block_303_632,Radial_car_tyre_stack_002,Tyre_rubber,28
7172,Radial_car_tyre_stack_002/Stacked_car_tyre_005/Tread_block_304_633,Radial_car_tyre_stack_002,Tyre_rubber,28
7173,Radial_car_tyre_stack_002/Stacked_car_tyre_005/Tread_block_305_634,Radial_car_tyre_stack_002,Tyre_rubber,28
7174,Radial_car_tyre_stack_002/Stacked_car_tyre_005/Tread_block_306_635,Radial_car_tyre_stack_002,Tyre_rubber,28
7175,Radial_car_tyre_stack_002/Stacked_car_tyre_005/Tread_block_307_636,Radial_car_tyre_stack_002,Tyre_rubber,28
7176,Radial_car_tyre_stack_002/Stacked_car_tyre_005/Tread_block_308_637,Radial_car_tyre_stack_002,Tyre_rubber,28
7177,Radial_car_tyre_stack_002/Stacked_car_tyre_005/Tread_block_309_638,Radial_car_tyre_stack_002,Tyre_rubber,28
7178,Radial_car_tyre_stack_002/Stacked_car_tyre_005/Tread_block_310_639,Radial_car_tyre_stack_002,Tyre_rubber,28
7179,Radial_car_tyre_stack_002/Stacked_car_tyre_005/Tread_block_311_640,Radial_car_tyre_stack_002,Tyre_rubber,28
7180,Radial_car_tyre_stack_002/Stacked_car_tyre_005/Tread_block_312_641,Radial_car_tyre_stack_002,Tyre_rubber,28
7181,Radial_car_tyre_stack_002/Stacked_car_tyre_005/Tread_block_313_642,Radial_car_tyre_stack_002,Tyre_rubber,28
7182,Radial_car_tyre_stack_002/Stacked_car_tyre_005/Tread_block_314_643,Radial_car_tyre_stack_002,Tyre_rubber,28
7183,Radial_car_tyre_stack_002/Stacked_car_tyre_005/Tread_block_315_644,Radial_car_tyre_stack_002,Tyre_rubber,28
7184,Radial_car_tyre_stack_002/Stacked_car_tyre_005/Tread_block_316_645,Radial_car_tyre_stack_002,Tyre_rubber,28
7185,Radial_car_tyre_stack_002/Stacked_car_tyre_005/Tread_block_317_646,Radial_car_tyre_stack_002,Tyre_rubber,28
7186,Radial_car_tyre_stack_002/Stacked_car_tyre_005/Tread_block_318_647,Radial_car_tyre_stack_002,Tyre_rubber,28
7187,Radial_car_tyre_stack_002/Stacked_car_tyre_005/Tread_block_319_648,Radial_car_tyre_stack_002,Tyre_rubber,28
7188,Radial_car_tyre_stack_002/Stacked_car_tyre_005/Tread_block_320_649,Radial_car_tyre_stack_002,Tyre_rubber,28
7189,Radial_car_tyre_stack_002/Stacked_car_tyre_005/Bead_lip_321_650,Radial_car_tyre_stack_002,Tyre_rubber,768
7190,Radial_car_tyre_stack_002/Stacked_car_tyre_005/Moulded_sidewall_line_322_651,Radial_car_tyre_stack_002,Tyre_rubber,512
7191,Radial_car_tyre_stack_002/Stacked_car_tyre_005/Inner_sidewall_line_323_652,Radial_car_tyre_stack_002,Tyre_rubber,512
7192,Radial_car_tyre_stack_002/Stacked_car_tyre_005/Bead_lip_324_653,Radial_car_tyre_stack_002,Tyre_rubber,768
7193,Radial_car_tyre_stack_002/Stacked_car_tyre_005/Moulded_sidewall_line_325_654,Radial_car_tyre_stack_002,Tyre_rubber,512
7194,Radial_car_tyre_stack_002/Stacked_car_tyre_005/Inner_sidewall_line_326_655,Radial_car_tyre_stack_002,Tyre_rubber,512
7195,Radial_car_tyre_stack_002/Stacked_car_tyre_005/Embossed_tyre_specification_327_656,Radial_car_tyre_stack_002,Moulded_tyresize_275_35_R19,128
7196,Radial_car_tyre_stack_002/Stacked_car_tyre_005/Embossed_tyre_specification_reverse_328_657,Radial_car_tyre_stack_002,Moulded_tyresize_275_35_R19,128
7197,Radial_car_tyre_stack_003/Stacked_car_tyre_006/Tyre_carcass_205_55_R16_000_000,Radial_car_tyre_stack_003,Tyre_rubber,3072
7198,Radial_car_tyre_stack_003/Stacked_car_tyre_006/Tread_block_001_001,Radial_car_tyre_stack_003,Tyre_rubber,28
7199,Radial_car_tyre_stack_003/Stacked_car_tyre_006/Tread_block_002_002,Radial_car_tyre_stack_003,Tyre_rubber,28
7200,Radial_car_tyre_stack_003/Stacked_car_tyre_006/Tread_block_003_003,Radial_car_tyre_stack_003,Tyre_rubber,28
7201,Radial_car_tyre_stack_003/Stacked_car_tyre_006/Tread_block_004_004,Radial_car_tyre_stack_003,Tyre_rubber,28
7202,Radial_car_tyre_stack_003/Stacked_car_tyre_006/Tread_block_005_005,Radial_car_tyre_stack_003,Tyre_rubber,28
7203,Radial_car_tyre_stack_003/Stacked_car_tyre_006/Tread_block_006_006,Radial_car_tyre_stack_003,Tyre_rubber,28
7204,Radial_car_tyre_stack_003/Stacked_car_tyre_006/Tread_block_007_007,Radial_car_tyre_stack_003,Tyre_rubber,28
7205,Radial_car_tyre_stack_003/Stacked_car_tyre_006/Tread_block_008_008,Radial_car_tyre_stack_003,Tyre_rubber,28
7206,Radial_car_tyre_stack_003/Stacked_car_tyre_006/Tread_block_009_009,Radial_car_tyre_stack_003,Tyre_rubber,28
7207,Radial_car_tyre_stack_003/Stacked_car_tyre_006/Tread_block_010_010,Radial_car_tyre_stack_003,Tyre_rubber,28
7208,Radial_car_tyre_stack_003/Stacked_car_tyre_006/Tread_block_011_011,Radial_car_tyre_stack_003,Tyre_rubber,28
7209,Radial_car_tyre_stack_003/Stacked_car_tyre_006/Tread_block_012_012,Radial_car_tyre_stack_003,Tyre_rubber,28
7210,Radial_car_tyre_stack_003/Stacked_car_tyre_006/Tread_block_013_013,Radial_car_tyre_stack_003,Tyre_rubber,28
7211,Radial_car_tyre_stack_003/Stacked_car_tyre_006/Tread_block_014_014,Radial_car_tyre_stack_003,Tyre_rubber,28
7212,Radial_car_tyre_stack_003/Stacked_car_tyre_006/Tread_block_015_015,Radial_car_tyre_stack_003,Tyre_rubber,28
7213,Radial_car_tyre_stack_003/Stacked_car_tyre_006/Tread_block_016_016,Radial_car_tyre_stack_003,Tyre_rubber,28
7214,Radial_car_tyre_stack_003/Stacked_car_tyre_006/Tread_block_017_017,Radial_car_tyre_stack_003,Tyre_rubber,28
7215,Radial_car_tyre_stack_003/Stacked_car_tyre_006/Tread_block_018_018,Radial_car_tyre_stack_003,Tyre_rubber,28
7216,Radial_car_tyre_stack_003/Stacked_car_tyre_006/Tread_block_019_019,Radial_car_tyre_stack_003,Tyre_rubber,28
7217,Radial_car_tyre_stack_003/Stacked_car_tyre_006/Tread_block_020_020,Radial_car_tyre_stack_003,Tyre_rubber,28
7218,Radial_car_tyre_stack_003/Stacked_car_tyre_006/Tread_block_021_021,Radial_car_tyre_stack_003,Tyre_rubber,28
7219,Radial_car_tyre_stack_003/Stacked_car_tyre_006/Tread_block_022_022,Radial_car_tyre_stack_003,Tyre_rubber,28
7220,Radial_car_tyre_stack_003/Stacked_car_tyre_006/Tread_block_023_023,Radial_car_tyre_stack_003,Tyre_rubber,28
7221,Radial_car_tyre_stack_003/Stacked_car_tyre_006/Tread_block_024_024,Radial_car_tyre_stack_003,Tyre_rubber,28
7222,Radial_car_tyre_stack_003/Stacked_car_tyre_006/Tread_block_025_025,Radial_car_tyre_stack_003,Tyre_rubber,28
7223,Radial_car_tyre_stack_003/Stacked_car_tyre_006/Tread_block_026_026,Radial_car_tyre_stack_003,Tyre_rubber,28
7224,Radial_car_tyre_stack_003/Stacked_car_tyre_006/Tread_block_027_027,Radial_car_tyre_stack_003,Tyre_rubber,28
7225,Radial_car_tyre_stack_003/Stacked_car_tyre_006/Tread_block_028_028,Radial_car_tyre_stack_003,Tyre_rubber,28
7226,Radial_car_tyre_stack_003/Stacked_car_tyre_006/Tread_block_029_029,Radial_car_tyre_stack_003,Tyre_rubber,28
7227,Radial_car_tyre_stack_003/Stacked_car_tyre_006/Tread_block_030_030,Radial_car_tyre_stack_003,Tyre_rubber,28
7228,Radial_car_tyre_stack_003/Stacked_car_tyre_006/Tread_block_031_031,Radial_car_tyre_stack_003,Tyre_rubber,28
7229,Radial_car_tyre_stack_003/Stacked_car_tyre_006/Tread_block_032_032,Radial_car_tyre_stack_003,Tyre_rubber,28
7230,Radial_car_tyre_stack_003/Stacked_car_tyre_006/Tread_block_033_033,Radial_car_tyre_stack_003,Tyre_rubber,28
7231,Radial_car_tyre_stack_003/Stacked_car_tyre_006/Tread_block_034_034,Radial_car_tyre_stack_003,Tyre_rubber,28
7232,Radial_car_tyre_stack_003/Stacked_car_tyre_006/Tread_block_035_035,Radial_car_tyre_stack_003,Tyre_rubber,28
7233,Radial_car_tyre_stack_003/Stacked_car_tyre_006/Tread_block_036_036,Radial_car_tyre_stack_003,Tyre_rubber,28
7234,Radial_car_tyre_stack_003/Stacked_car_tyre_006/Tread_block_037_037,Radial_car_tyre_stack_003,Tyre_rubber,28
7235,Radial_car_tyre_stack_003/Stacked_car_tyre_006/Tread_block_038_038,Radial_car_tyre_stack_003,Tyre_rubber,28
7236,Radial_car_tyre_stack_003/Stacked_car_tyre_006/Tread_block_039_039,Radial_car_tyre_stack_003,Tyre_rubber,28
7237,Radial_car_tyre_stack_003/Stacked_car_tyre_006/Tread_block_040_040,Radial_car_tyre_stack_003,Tyre_rubber,28
7238,Radial_car_tyre_stack_003/Stacked_car_tyre_006/Tread_block_041_041,Radial_car_tyre_stack_003,Tyre_rubber,28
7239,Radial_car_tyre_stack_003/Stacked_car_tyre_006/Tread_block_042_042,Radial_car_tyre_stack_003,Tyre_rubber,28
7240,Radial_car_tyre_stack_003/Stacked_car_tyre_006/Tread_block_043_043,Radial_car_tyre_stack_003,Tyre_rubber,28
7241,Radial_car_tyre_stack_003/Stacked_car_tyre_006/Tread_block_044_044,Radial_car_tyre_stack_003,Tyre_rubber,28
7242,Radial_car_tyre_stack_003/Stacked_car_tyre_006/Tread_block_045_045,Radial_car_tyre_stack_003,Tyre_rubber,28
7243,Radial_car_tyre_stack_003/Stacked_car_tyre_006/Tread_block_046_046,Radial_car_tyre_stack_003,Tyre_rubber,28
7244,Radial_car_tyre_stack_003/Stacked_car_tyre_006/Tread_block_047_047,Radial_car_tyre_stack_003,Tyre_rubber,28
7245,Radial_car_tyre_stack_003/Stacked_car_tyre_006/Tread_block_048_048,Radial_car_tyre_stack_003,Tyre_rubber,28
7246,Radial_car_tyre_stack_003/Stacked_car_tyre_006/Tread_block_049_049,Radial_car_tyre_stack_003,Tyre_rubber,28
7247,Radial_car_tyre_stack_003/Stacked_car_tyre_006/Tread_block_050_050,Radial_car_tyre_stack_003,Tyre_rubber,28
7248,Radial_car_tyre_stack_003/Stacked_car_tyre_006/Tread_block_051_051,Radial_car_tyre_stack_003,Tyre_rubber,28
7249,Radial_car_tyre_stack_003/Stacked_car_tyre_006/Tread_block_052_052,Radial_car_tyre_stack_003,Tyre_rubber,28
7250,Radial_car_tyre_stack_003/Stacked_car_tyre_006/Tread_block_053_053,Radial_car_tyre_stack_003,Tyre_rubber,28
7251,Radial_car_tyre_stack_003/Stacked_car_tyre_006/Tread_block_054_054,Radial_car_tyre_stack_003,Tyre_rubber,28
7252,Radial_car_tyre_stack_003/Stacked_car_tyre_006/Tread_block_055_055,Radial_car_tyre_stack_003,Tyre_rubber,28
7253,Radial_car_tyre_stack_003/Stacked_car_tyre_006/Tread_block_056_056,Radial_car_tyre_stack_003,Tyre_rubber,28
7254,Radial_car_tyre_stack_003/Stacked_car_tyre_006/Tread_block_057_057,Radial_car_tyre_stack_003,Tyre_rubber,28
7255,Radial_car_tyre_stack_003/Stacked_car_tyre_006/Tread_block_058_058,Radial_car_tyre_stack_003,Tyre_rubber,28
7256,Radial_car_tyre_stack_003/Stacked_car_tyre_006/Tread_block_059_059,Radial_car_tyre_stack_003,Tyre_rubber,28
7257,Radial_car_tyre_stack_003/Stacked_car_tyre_006/Tread_block_060_060,Radial_car_tyre_stack_003,Tyre_rubber,28
7258,Radial_car_tyre_stack_003/Stacked_car_tyre_006/Tread_block_061_061,Radial_car_tyre_stack_003,Tyre_rubber,28
7259,Radial_car_tyre_stack_003/Stacked_car_tyre_006/Tread_block_062_062,Radial_car_tyre_stack_003,Tyre_rubber,28
7260,Radial_car_tyre_stack_003/Stacked_car_tyre_006/Tread_block_063_063,Radial_car_tyre_stack_003,Tyre_rubber,28
7261,Radial_car_tyre_stack_003/Stacked_car_tyre_006/Tread_block_064_064,Radial_car_tyre_stack_003,Tyre_rubber,28
7262,Radial_car_tyre_stack_003/Stacked_car_tyre_006/Tread_block_065_065,Radial_car_tyre_stack_003,Tyre_rubber,28
7263,Radial_car_tyre_stack_003/Stacked_car_tyre_006/Tread_block_066_066,Radial_car_tyre_stack_003,Tyre_rubber,28
7264,Radial_car_tyre_stack_003/Stacked_car_tyre_006/Tread_block_067_067,Radial_car_tyre_stack_003,Tyre_rubber,28
7265,Radial_car_tyre_stack_003/Stacked_car_tyre_006/Tread_block_068_068,Radial_car_tyre_stack_003,Tyre_rubber,28
7266,Radial_car_tyre_stack_003/Stacked_car_tyre_006/Tread_block_069_069,Radial_car_tyre_stack_003,Tyre_rubber,28
7267,Radial_car_tyre_stack_003/Stacked_car_tyre_006/Tread_block_070_070,Radial_car_tyre_stack_003,Tyre_rubber,28
7268,Radial_car_tyre_stack_003/Stacked_car_tyre_006/Tread_block_071_071,Radial_car_tyre_stack_003,Tyre_rubber,28
7269,Radial_car_tyre_stack_003/Stacked_car_tyre_006/Tread_block_072_072,Radial_car_tyre_stack_003,Tyre_rubber,28
7270,Radial_car_tyre_stack_003/Stacked_car_tyre_006/Tread_block_073_073,Radial_car_tyre_stack_003,Tyre_rubber,28
7271,Radial_car_tyre_stack_003/Stacked_car_tyre_006/Tread_block_074_074,Radial_car_tyre_stack_003,Tyre_rubber,28
7272,Radial_car_tyre_stack_003/Stacked_car_tyre_006/Tread_block_075_075,Radial_car_tyre_stack_003,Tyre_rubber,28
7273,Radial_car_tyre_stack_003/Stacked_car_tyre_006/Tread_block_076_076,Radial_car_tyre_stack_003,Tyre_rubber,28
7274,Radial_car_tyre_stack_003/Stacked_car_tyre_006/Tread_block_077_077,Radial_car_tyre_stack_003,Tyre_rubber,28
7275,Radial_car_tyre_stack_003/Stacked_car_tyre_006/Tread_block_078_078,Radial_car_tyre_stack_003,Tyre_rubber,28
7276,Radial_car_tyre_stack_003/Stacked_car_tyre_006/Tread_block_079_079,Radial_car_tyre_stack_003,Tyre_rubber,28
7277,Radial_car_tyre_stack_003/Stacked_car_tyre_006/Tread_block_080_080,Radial_car_tyre_stack_003,Tyre_rubber,28
7278,Radial_car_tyre_stack_003/Stacked_car_tyre_006/Tread_block_081_081,Radial_car_tyre_stack_003,Tyre_rubber,28
7279,Radial_car_tyre_stack_003/Stacked_car_tyre_006/Tread_block_082_082,Radial_car_tyre_stack_003,Tyre_rubber,28
7280,Radial_car_tyre_stack_003/Stacked_car_tyre_006/Tread_block_083_083,Radial_car_tyre_stack_003,Tyre_rubber,28
7281,Radial_car_tyre_stack_003/Stacked_car_tyre_006/Tread_block_084_084,Radial_car_tyre_stack_003,Tyre_rubber,28
7282,Radial_car_tyre_stack_003/Stacked_car_tyre_006/Tread_block_085_085,Radial_car_tyre_stack_003,Tyre_rubber,28
7283,Radial_car_tyre_stack_003/Stacked_car_tyre_006/Tread_block_086_086,Radial_car_tyre_stack_003,Tyre_rubber,28
7284,Radial_car_tyre_stack_003/Stacked_car_tyre_006/Tread_block_087_087,Radial_car_tyre_stack_003,Tyre_rubber,28
7285,Radial_car_tyre_stack_003/Stacked_car_tyre_006/Tread_block_088_088,Radial_car_tyre_stack_003,Tyre_rubber,28
7286,Radial_car_tyre_stack_003/Stacked_car_tyre_006/Tread_block_089_089,Radial_car_tyre_stack_003,Tyre_rubber,28
7287,Radial_car_tyre_stack_003/Stacked_car_tyre_006/Tread_block_090_090,Radial_car_tyre_stack_003,Tyre_rubber,28
7288,Radial_car_tyre_stack_003/Stacked_car_tyre_006/Tread_block_091_091,Radial_car_tyre_stack_003,Tyre_rubber,28
7289,Radial_car_tyre_stack_003/Stacked_car_tyre_006/Tread_block_092_092,Radial_car_tyre_stack_003,Tyre_rubber,28
7290,Radial_car_tyre_stack_003/Stacked_car_tyre_006/Tread_block_093_093,Radial_car_tyre_stack_003,Tyre_rubber,28
7291,Radial_car_tyre_stack_003/Stacked_car_tyre_006/Tread_block_094_094,Radial_car_tyre_stack_003,Tyre_rubber,28
7292,Radial_car_tyre_stack_003/Stacked_car_tyre_006/Tread_block_095_095,Radial_car_tyre_stack_003,Tyre_rubber,28
7293,Radial_car_tyre_stack_003/Stacked_car_tyre_006/Tread_block_096_096,Radial_car_tyre_stack_003,Tyre_rubber,28
7294,Radial_car_tyre_stack_003/Stacked_car_tyre_006/Tread_block_097_097,Radial_car_tyre_stack_003,Tyre_rubber,28
7295,Radial_car_tyre_stack_003/Stacked_car_tyre_006/Tread_block_098_098,Radial_car_tyre_stack_003,Tyre_rubber,28
7296,Radial_car_tyre_stack_003/Stacked_car_tyre_006/Tread_block_099_099,Radial_car_tyre_stack_003,Tyre_rubber,28
7297,Radial_car_tyre_stack_003/Stacked_car_tyre_006/Tread_block_100_100,Radial_car_tyre_stack_003,Tyre_rubber,28
7298,Radial_car_tyre_stack_003/Stacked_car_tyre_006/Tread_block_101_101,Radial_car_tyre_stack_003,Tyre_rubber,28
7299,Radial_car_tyre_stack_003/Stacked_car_tyre_006/Tread_block_102_102,Radial_car_tyre_stack_003,Tyre_rubber,28
7300,Radial_car_tyre_stack_003/Stacked_car_tyre_006/Tread_block_103_103,Radial_car_tyre_stack_003,Tyre_rubber,28
7301,Radial_car_tyre_stack_003/Stacked_car_tyre_006/Tread_block_104_104,Radial_car_tyre_stack_003,Tyre_rubber,28
7302,Radial_car_tyre_stack_003/Stacked_car_tyre_006/Tread_block_105_105,Radial_car_tyre_stack_003,Tyre_rubber,28
7303,Radial_car_tyre_stack_003/Stacked_car_tyre_006/Tread_block_106_106,Radial_car_tyre_stack_003,Tyre_rubber,28
7304,Radial_car_tyre_stack_003/Stacked_car_tyre_006/Tread_block_107_107,Radial_car_tyre_stack_003,Tyre_rubber,28
7305,Radial_car_tyre_stack_003/Stacked_car_tyre_006/Tread_block_108_108,Radial_car_tyre_stack_003,Tyre_rubber,28
7306,Radial_car_tyre_stack_003/Stacked_car_tyre_006/Tread_block_109_109,Radial_car_tyre_stack_003,Tyre_rubber,28
7307,Radial_car_tyre_stack_003/Stacked_car_tyre_006/Tread_block_110_110,Radial_car_tyre_stack_003,Tyre_rubber,28
7308,Radial_car_tyre_stack_003/Stacked_car_tyre_006/Tread_block_111_111,Radial_car_tyre_stack_003,Tyre_rubber,28
7309,Radial_car_tyre_stack_003/Stacked_car_tyre_006/Tread_block_112_112,Radial_car_tyre_stack_003,Tyre_rubber,28
7310,Radial_car_tyre_stack_003/Stacked_car_tyre_006/Tread_block_113_113,Radial_car_tyre_stack_003,Tyre_rubber,28
7311,Radial_car_tyre_stack_003/Stacked_car_tyre_006/Tread_block_114_114,Radial_car_tyre_stack_003,Tyre_rubber,28
7312,Radial_car_tyre_stack_003/Stacked_car_tyre_006/Tread_block_115_115,Radial_car_tyre_stack_003,Tyre_rubber,28
7313,Radial_car_tyre_stack_003/Stacked_car_tyre_006/Tread_block_116_116,Radial_car_tyre_stack_003,Tyre_rubber,28
7314,Radial_car_tyre_stack_003/Stacked_car_tyre_006/Tread_block_117_117,Radial_car_tyre_stack_003,Tyre_rubber,28
7315,Radial_car_tyre_stack_003/Stacked_car_tyre_006/Tread_block_118_118,Radial_car_tyre_stack_003,Tyre_rubber,28
7316,Radial_car_tyre_stack_003/Stacked_car_tyre_006/Tread_block_119_119,Radial_car_tyre_stack_003,Tyre_rubber,28
7317,Radial_car_tyre_stack_003/Stacked_car_tyre_006/Tread_block_120_120,Radial_car_tyre_stack_003,Tyre_rubber,28
7318,Radial_car_tyre_stack_003/Stacked_car_tyre_006/Tread_block_121_121,Radial_car_tyre_stack_003,Tyre_rubber,28
7319,Radial_car_tyre_stack_003/Stacked_car_tyre_006/Tread_block_122_122,Radial_car_tyre_stack_003,Tyre_rubber,28
7320,Radial_car_tyre_stack_003/Stacked_car_tyre_006/Tread_block_123_123,Radial_car_tyre_stack_003,Tyre_rubber,28
7321,Radial_car_tyre_stack_003/Stacked_car_tyre_006/Tread_block_124_124,Radial_car_tyre_stack_003,Tyre_rubber,28
7322,Radial_car_tyre_stack_003/Stacked_car_tyre_006/Tread_block_125_125,Radial_car_tyre_stack_003,Tyre_rubber,28
7323,Radial_car_tyre_stack_003/Stacked_car_tyre_006/Tread_block_126_126,Radial_car_tyre_stack_003,Tyre_rubber,28
7324,Radial_car_tyre_stack_003/Stacked_car_tyre_006/Tread_block_127_127,Radial_car_tyre_stack_003,Tyre_rubber,28
7325,Radial_car_tyre_stack_003/Stacked_car_tyre_006/Tread_block_128_128,Radial_car_tyre_stack_003,Tyre_rubber,28
7326,Radial_car_tyre_stack_003/Stacked_car_tyre_006/Tread_block_129_129,Radial_car_tyre_stack_003,Tyre_rubber,28
7327,Radial_car_tyre_stack_003/Stacked_car_tyre_006/Tread_block_130_130,Radial_car_tyre_stack_003,Tyre_rubber,28
7328,Radial_car_tyre_stack_003/Stacked_car_tyre_006/Tread_block_131_131,Radial_car_tyre_stack_003,Tyre_rubber,28
7329,Radial_car_tyre_stack_003/Stacked_car_tyre_006/Tread_block_132_132,Radial_car_tyre_stack_003,Tyre_rubber,28
7330,Radial_car_tyre_stack_003/Stacked_car_tyre_006/Tread_block_133_133,Radial_car_tyre_stack_003,Tyre_rubber,28
7331,Radial_car_tyre_stack_003/Stacked_car_tyre_006/Tread_block_134_134,Radial_car_tyre_stack_003,Tyre_rubber,28
7332,Radial_car_tyre_stack_003/Stacked_car_tyre_006/Tread_block_135_135,Radial_car_tyre_stack_003,Tyre_rubber,28
7333,Radial_car_tyre_stack_003/Stacked_car_tyre_006/Tread_block_136_136,Radial_car_tyre_stack_003,Tyre_rubber,28
7334,Radial_car_tyre_stack_003/Stacked_car_tyre_006/Tread_block_137_137,Radial_car_tyre_stack_003,Tyre_rubber,28
7335,Radial_car_tyre_stack_003/Stacked_car_tyre_006/Tread_block_138_138,Radial_car_tyre_stack_003,Tyre_rubber,28
7336,Radial_car_tyre_stack_003/Stacked_car_tyre_006/Tread_block_139_139,Radial_car_tyre_stack_003,Tyre_rubber,28
7337,Radial_car_tyre_stack_003/Stacked_car_tyre_006/Tread_block_140_140,Radial_car_tyre_stack_003,Tyre_rubber,28
7338,Radial_car_tyre_stack_003/Stacked_car_tyre_006/Tread_block_141_141,Radial_car_tyre_stack_003,Tyre_rubber,28
7339,Radial_car_tyre_stack_003/Stacked_car_tyre_006/Tread_block_142_142,Radial_car_tyre_stack_003,Tyre_rubber,28
7340,Radial_car_tyre_stack_003/Stacked_car_tyre_006/Tread_block_143_143,Radial_car_tyre_stack_003,Tyre_rubber,28
7341,Radial_car_tyre_stack_003/Stacked_car_tyre_006/Tread_block_144_144,Radial_car_tyre_stack_003,Tyre_rubber,28
7342,Radial_car_tyre_stack_003/Stacked_car_tyre_006/Tread_block_145_145,Radial_car_tyre_stack_003,Tyre_rubber,28
7343,Radial_car_tyre_stack_003/Stacked_car_tyre_006/Tread_block_146_146,Radial_car_tyre_stack_003,Tyre_rubber,28
7344,Radial_car_tyre_stack_003/Stacked_car_tyre_006/Tread_block_147_147,Radial_car_tyre_stack_003,Tyre_rubber,28
7345,Radial_car_tyre_stack_003/Stacked_car_tyre_006/Tread_block_148_148,Radial_car_tyre_stack_003,Tyre_rubber,28
7346,Radial_car_tyre_stack_003/Stacked_car_tyre_006/Tread_block_149_149,Radial_car_tyre_stack_003,Tyre_rubber,28
7347,Radial_car_tyre_stack_003/Stacked_car_tyre_006/Tread_block_150_150,Radial_car_tyre_stack_003,Tyre_rubber,28
7348,Radial_car_tyre_stack_003/Stacked_car_tyre_006/Tread_block_151_151,Radial_car_tyre_stack_003,Tyre_rubber,28
7349,Radial_car_tyre_stack_003/Stacked_car_tyre_006/Tread_block_152_152,Radial_car_tyre_stack_003,Tyre_rubber,28
7350,Radial_car_tyre_stack_003/Stacked_car_tyre_006/Tread_block_153_153,Radial_car_tyre_stack_003,Tyre_rubber,28
7351,Radial_car_tyre_stack_003/Stacked_car_tyre_006/Tread_block_154_154,Radial_car_tyre_stack_003,Tyre_rubber,28
7352,Radial_car_tyre_stack_003/Stacked_car_tyre_006/Tread_block_155_155,Radial_car_tyre_stack_003,Tyre_rubber,28
7353,Radial_car_tyre_stack_003/Stacked_car_tyre_006/Tread_block_156_156,Radial_car_tyre_stack_003,Tyre_rubber,28
7354,Radial_car_tyre_stack_003/Stacked_car_tyre_006/Tread_block_157_157,Radial_car_tyre_stack_003,Tyre_rubber,28
7355,Radial_car_tyre_stack_003/Stacked_car_tyre_006/Tread_block_158_158,Radial_car_tyre_stack_003,Tyre_rubber,28
7356,Radial_car_tyre_stack_003/Stacked_car_tyre_006/Tread_block_159_159,Radial_car_tyre_stack_003,Tyre_rubber,28
7357,Radial_car_tyre_stack_003/Stacked_car_tyre_006/Tread_block_160_160,Radial_car_tyre_stack_003,Tyre_rubber,28
7358,Radial_car_tyre_stack_003/Stacked_car_tyre_006/Tread_block_161_161,Radial_car_tyre_stack_003,Tyre_rubber,28
7359,Radial_car_tyre_stack_003/Stacked_car_tyre_006/Tread_block_162_162,Radial_car_tyre_stack_003,Tyre_rubber,28
7360,Radial_car_tyre_stack_003/Stacked_car_tyre_006/Tread_block_163_163,Radial_car_tyre_stack_003,Tyre_rubber,28
7361,Radial_car_tyre_stack_003/Stacked_car_tyre_006/Tread_block_164_164,Radial_car_tyre_stack_003,Tyre_rubber,28
7362,Radial_car_tyre_stack_003/Stacked_car_tyre_006/Tread_block_165_165,Radial_car_tyre_stack_003,Tyre_rubber,28
7363,Radial_car_tyre_stack_003/Stacked_car_tyre_006/Tread_block_166_166,Radial_car_tyre_stack_003,Tyre_rubber,28
7364,Radial_car_tyre_stack_003/Stacked_car_tyre_006/Tread_block_167_167,Radial_car_tyre_stack_003,Tyre_rubber,28
7365,Radial_car_tyre_stack_003/Stacked_car_tyre_006/Tread_block_168_168,Radial_car_tyre_stack_003,Tyre_rubber,28
7366,Radial_car_tyre_stack_003/Stacked_car_tyre_006/Tread_block_169_169,Radial_car_tyre_stack_003,Tyre_rubber,28
7367,Radial_car_tyre_stack_003/Stacked_car_tyre_006/Tread_block_170_170,Radial_car_tyre_stack_003,Tyre_rubber,28
7368,Radial_car_tyre_stack_003/Stacked_car_tyre_006/Tread_block_171_171,Radial_car_tyre_stack_003,Tyre_rubber,28
7369,Radial_car_tyre_stack_003/Stacked_car_tyre_006/Tread_block_172_172,Radial_car_tyre_stack_003,Tyre_rubber,28
7370,Radial_car_tyre_stack_003/Stacked_car_tyre_006/Tread_block_173_173,Radial_car_tyre_stack_003,Tyre_rubber,28
7371,Radial_car_tyre_stack_003/Stacked_car_tyre_006/Tread_block_174_174,Radial_car_tyre_stack_003,Tyre_rubber,28
7372,Radial_car_tyre_stack_003/Stacked_car_tyre_006/Tread_block_175_175,Radial_car_tyre_stack_003,Tyre_rubber,28
7373,Radial_car_tyre_stack_003/Stacked_car_tyre_006/Tread_block_176_176,Radial_car_tyre_stack_003,Tyre_rubber,28
7374,Radial_car_tyre_stack_003/Stacked_car_tyre_006/Tread_block_177_177,Radial_car_tyre_stack_003,Tyre_rubber,28
7375,Radial_car_tyre_stack_003/Stacked_car_tyre_006/Tread_block_178_178,Radial_car_tyre_stack_003,Tyre_rubber,28
7376,Radial_car_tyre_stack_003/Stacked_car_tyre_006/Tread_block_179_179,Radial_car_tyre_stack_003,Tyre_rubber,28
7377,Radial_car_tyre_stack_003/Stacked_car_tyre_006/Tread_block_180_180,Radial_car_tyre_stack_003,Tyre_rubber,28
7378,Radial_car_tyre_stack_003/Stacked_car_tyre_006/Tread_block_181_181,Radial_car_tyre_stack_003,Tyre_rubber,28
7379,Radial_car_tyre_stack_003/Stacked_car_tyre_006/Tread_block_182_182,Radial_car_tyre_stack_003,Tyre_rubber,28
7380,Radial_car_tyre_stack_003/Stacked_car_tyre_006/Tread_block_183_183,Radial_car_tyre_stack_003,Tyre_rubber,28
7381,Radial_car_tyre_stack_003/Stacked_car_tyre_006/Tread_block_184_184,Radial_car_tyre_stack_003,Tyre_rubber,28
7382,Radial_car_tyre_stack_003/Stacked_car_tyre_006/Tread_block_185_185,Radial_car_tyre_stack_003,Tyre_rubber,28
7383,Radial_car_tyre_stack_003/Stacked_car_tyre_006/Tread_block_186_186,Radial_car_tyre_stack_003,Tyre_rubber,28
7384,Radial_car_tyre_stack_003/Stacked_car_tyre_006/Tread_block_187_187,Radial_car_tyre_stack_003,Tyre_rubber,28
7385,Radial_car_tyre_stack_003/Stacked_car_tyre_006/Tread_block_188_188,Radial_car_tyre_stack_003,Tyre_rubber,28
7386,Radial_car_tyre_stack_003/Stacked_car_tyre_006/Tread_block_189_189,Radial_car_tyre_stack_003,Tyre_rubber,28
7387,Radial_car_tyre_stack_003/Stacked_car_tyre_006/Tread_block_190_190,Radial_car_tyre_stack_003,Tyre_rubber,28
7388,Radial_car_tyre_stack_003/Stacked_car_tyre_006/Tread_block_191_191,Radial_car_tyre_stack_003,Tyre_rubber,28
7389,Radial_car_tyre_stack_003/Stacked_car_tyre_006/Tread_block_192_192,Radial_car_tyre_stack_003,Tyre_rubber,28
7390,Radial_car_tyre_stack_003/Stacked_car_tyre_006/Tread_block_193_193,Radial_car_tyre_stack_003,Tyre_rubber,28
7391,Radial_car_tyre_stack_003/Stacked_car_tyre_006/Tread_block_194_194,Radial_car_tyre_stack_003,Tyre_rubber,28
7392,Radial_car_tyre_stack_003/Stacked_car_tyre_006/Tread_block_195_195,Radial_car_tyre_stack_003,Tyre_rubber,28
7393,Radial_car_tyre_stack_003/Stacked_car_tyre_006/Tread_block_196_196,Radial_car_tyre_stack_003,Tyre_rubber,28
7394,Radial_car_tyre_stack_003/Stacked_car_tyre_006/Tread_block_197_197,Radial_car_tyre_stack_003,Tyre_rubber,28
7395,Radial_car_tyre_stack_003/Stacked_car_tyre_006/Tread_block_198_198,Radial_car_tyre_stack_003,Tyre_rubber,28
7396,Radial_car_tyre_stack_003/Stacked_car_tyre_006/Tread_block_199_199,Radial_car_tyre_stack_003,Tyre_rubber,28
7397,Radial_car_tyre_stack_003/Stacked_car_tyre_006/Tread_block_200_200,Radial_car_tyre_stack_003,Tyre_rubber,28
7398,Radial_car_tyre_stack_003/Stacked_car_tyre_006/Tread_block_201_201,Radial_car_tyre_stack_003,Tyre_rubber,28
7399,Radial_car_tyre_stack_003/Stacked_car_tyre_006/Tread_block_202_202,Radial_car_tyre_stack_003,Tyre_rubber,28
7400,Radial_car_tyre_stack_003/Stacked_car_tyre_006/Tread_block_203_203,Radial_car_tyre_stack_003,Tyre_rubber,28
7401,Radial_car_tyre_stack_003/Stacked_car_tyre_006/Tread_block_204_204,Radial_car_tyre_stack_003,Tyre_rubber,28
7402,Radial_car_tyre_stack_003/Stacked_car_tyre_006/Tread_block_205_205,Radial_car_tyre_stack_003,Tyre_rubber,28
7403,Radial_car_tyre_stack_003/Stacked_car_tyre_006/Tread_block_206_206,Radial_car_tyre_stack_003,Tyre_rubber,28
7404,Radial_car_tyre_stack_003/Stacked_car_tyre_006/Tread_block_207_207,Radial_car_tyre_stack_003,Tyre_rubber,28
7405,Radial_car_tyre_stack_003/Stacked_car_tyre_006/Tread_block_208_208,Radial_car_tyre_stack_003,Tyre_rubber,28
7406,Radial_car_tyre_stack_003/Stacked_car_tyre_006/Tread_block_209_209,Radial_car_tyre_stack_003,Tyre_rubber,28
7407,Radial_car_tyre_stack_003/Stacked_car_tyre_006/Tread_block_210_210,Radial_car_tyre_stack_003,Tyre_rubber,28
7408,Radial_car_tyre_stack_003/Stacked_car_tyre_006/Tread_block_211_211,Radial_car_tyre_stack_003,Tyre_rubber,28
7409,Radial_car_tyre_stack_003/Stacked_car_tyre_006/Tread_block_212_212,Radial_car_tyre_stack_003,Tyre_rubber,28
7410,Radial_car_tyre_stack_003/Stacked_car_tyre_006/Tread_block_213_213,Radial_car_tyre_stack_003,Tyre_rubber,28
7411,Radial_car_tyre_stack_003/Stacked_car_tyre_006/Tread_block_214_214,Radial_car_tyre_stack_003,Tyre_rubber,28
7412,Radial_car_tyre_stack_003/Stacked_car_tyre_006/Tread_block_215_215,Radial_car_tyre_stack_003,Tyre_rubber,28
7413,Radial_car_tyre_stack_003/Stacked_car_tyre_006/Tread_block_216_216,Radial_car_tyre_stack_003,Tyre_rubber,28
7414,Radial_car_tyre_stack_003/Stacked_car_tyre_006/Tread_block_217_217,Radial_car_tyre_stack_003,Tyre_rubber,28
7415,Radial_car_tyre_stack_003/Stacked_car_tyre_006/Tread_block_218_218,Radial_car_tyre_stack_003,Tyre_rubber,28
7416,Radial_car_tyre_stack_003/Stacked_car_tyre_006/Tread_block_219_219,Radial_car_tyre_stack_003,Tyre_rubber,28
7417,Radial_car_tyre_stack_003/Stacked_car_tyre_006/Tread_block_220_220,Radial_car_tyre_stack_003,Tyre_rubber,28
7418,Radial_car_tyre_stack_003/Stacked_car_tyre_006/Tread_block_221_221,Radial_car_tyre_stack_003,Tyre_rubber,28
7419,Radial_car_tyre_stack_003/Stacked_car_tyre_006/Tread_block_222_222,Radial_car_tyre_stack_003,Tyre_rubber,28
7420,Radial_car_tyre_stack_003/Stacked_car_tyre_006/Tread_block_223_223,Radial_car_tyre_stack_003,Tyre_rubber,28
7421,Radial_car_tyre_stack_003/Stacked_car_tyre_006/Tread_block_224_224,Radial_car_tyre_stack_003,Tyre_rubber,28
7422,Radial_car_tyre_stack_003/Stacked_car_tyre_006/Tread_block_225_225,Radial_car_tyre_stack_003,Tyre_rubber,28
7423,Radial_car_tyre_stack_003/Stacked_car_tyre_006/Tread_block_226_226,Radial_car_tyre_stack_003,Tyre_rubber,28
7424,Radial_car_tyre_stack_003/Stacked_car_tyre_006/Tread_block_227_227,Radial_car_tyre_stack_003,Tyre_rubber,28
7425,Radial_car_tyre_stack_003/Stacked_car_tyre_006/Tread_block_228_228,Radial_car_tyre_stack_003,Tyre_rubber,28
7426,Radial_car_tyre_stack_003/Stacked_car_tyre_006/Tread_block_229_229,Radial_car_tyre_stack_003,Tyre_rubber,28
7427,Radial_car_tyre_stack_003/Stacked_car_tyre_006/Tread_block_230_230,Radial_car_tyre_stack_003,Tyre_rubber,28
7428,Radial_car_tyre_stack_003/Stacked_car_tyre_006/Tread_block_231_231,Radial_car_tyre_stack_003,Tyre_rubber,28
7429,Radial_car_tyre_stack_003/Stacked_car_tyre_006/Tread_block_232_232,Radial_car_tyre_stack_003,Tyre_rubber,28
7430,Radial_car_tyre_stack_003/Stacked_car_tyre_006/Tread_block_233_233,Radial_car_tyre_stack_003,Tyre_rubber,28
7431,Radial_car_tyre_stack_003/Stacked_car_tyre_006/Tread_block_234_234,Radial_car_tyre_stack_003,Tyre_rubber,28
7432,Radial_car_tyre_stack_003/Stacked_car_tyre_006/Tread_block_235_235,Radial_car_tyre_stack_003,Tyre_rubber,28
7433,Radial_car_tyre_stack_003/Stacked_car_tyre_006/Tread_block_236_236,Radial_car_tyre_stack_003,Tyre_rubber,28
7434,Radial_car_tyre_stack_003/Stacked_car_tyre_006/Tread_block_237_237,Radial_car_tyre_stack_003,Tyre_rubber,28
7435,Radial_car_tyre_stack_003/Stacked_car_tyre_006/Tread_block_238_238,Radial_car_tyre_stack_003,Tyre_rubber,28
7436,Radial_car_tyre_stack_003/Stacked_car_tyre_006/Tread_block_239_239,Radial_car_tyre_stack_003,Tyre_rubber,28
7437,Radial_car_tyre_stack_003/Stacked_car_tyre_006/Tread_block_240_240,Radial_car_tyre_stack_003,Tyre_rubber,28
7438,Radial_car_tyre_stack_003/Stacked_car_tyre_006/Tread_block_241_241,Radial_car_tyre_stack_003,Tyre_rubber,28
7439,Radial_car_tyre_stack_003/Stacked_car_tyre_006/Tread_block_242_242,Radial_car_tyre_stack_003,Tyre_rubber,28
7440,Radial_car_tyre_stack_003/Stacked_car_tyre_006/Tread_block_243_243,Radial_car_tyre_stack_003,Tyre_rubber,28
7441,Radial_car_tyre_stack_003/Stacked_car_tyre_006/Tread_block_244_244,Radial_car_tyre_stack_003,Tyre_rubber,28
7442,Radial_car_tyre_stack_003/Stacked_car_tyre_006/Tread_block_245_245,Radial_car_tyre_stack_003,Tyre_rubber,28
7443,Radial_car_tyre_stack_003/Stacked_car_tyre_006/Tread_block_246_246,Radial_car_tyre_stack_003,Tyre_rubber,28
7444,Radial_car_tyre_stack_003/Stacked_car_tyre_006/Tread_block_247_247,Radial_car_tyre_stack_003,Tyre_rubber,28
7445,Radial_car_tyre_stack_003/Stacked_car_tyre_006/Tread_block_248_248,Radial_car_tyre_stack_003,Tyre_rubber,28
7446,Radial_car_tyre_stack_003/Stacked_car_tyre_006/Tread_block_249_249,Radial_car_tyre_stack_003,Tyre_rubber,28
7447,Radial_car_tyre_stack_003/Stacked_car_tyre_006/Tread_block_250_250,Radial_car_tyre_stack_003,Tyre_rubber,28
7448,Radial_car_tyre_stack_003/Stacked_car_tyre_006/Tread_block_251_251,Radial_car_tyre_stack_003,Tyre_rubber,28
7449,Radial_car_tyre_stack_003/Stacked_car_tyre_006/Tread_block_252_252,Radial_car_tyre_stack_003,Tyre_rubber,28
7450,Radial_car_tyre_stack_003/Stacked_car_tyre_006/Tread_block_253_253,Radial_car_tyre_stack_003,Tyre_rubber,28
7451,Radial_car_tyre_stack_003/Stacked_car_tyre_006/Tread_block_254_254,Radial_car_tyre_stack_003,Tyre_rubber,28
7452,Radial_car_tyre_stack_003/Stacked_car_tyre_006/Tread_block_255_255,Radial_car_tyre_stack_003,Tyre_rubber,28
7453,Radial_car_tyre_stack_003/Stacked_car_tyre_006/Tread_block_256_256,Radial_car_tyre_stack_003,Tyre_rubber,28
7454,Radial_car_tyre_stack_003/Stacked_car_tyre_006/Tread_block_257_257,Radial_car_tyre_stack_003,Tyre_rubber,28
7455,Radial_car_tyre_stack_003/Stacked_car_tyre_006/Tread_block_258_258,Radial_car_tyre_stack_003,Tyre_rubber,28
7456,Radial_car_tyre_stack_003/Stacked_car_tyre_006/Tread_block_259_259,Radial_car_tyre_stack_003,Tyre_rubber,28
7457,Radial_car_tyre_stack_003/Stacked_car_tyre_006/Tread_block_260_260,Radial_car_tyre_stack_003,Tyre_rubber,28
7458,Radial_car_tyre_stack_003/Stacked_car_tyre_006/Tread_block_261_261,Radial_car_tyre_stack_003,Tyre_rubber,28
7459,Radial_car_tyre_stack_003/Stacked_car_tyre_006/Tread_block_262_262,Radial_car_tyre_stack_003,Tyre_rubber,28
7460,Radial_car_tyre_stack_003/Stacked_car_tyre_006/Tread_block_263_263,Radial_car_tyre_stack_003,Tyre_rubber,28
7461,Radial_car_tyre_stack_003/Stacked_car_tyre_006/Tread_block_264_264,Radial_car_tyre_stack_003,Tyre_rubber,28
7462,Radial_car_tyre_stack_003/Stacked_car_tyre_006/Tread_block_265_265,Radial_car_tyre_stack_003,Tyre_rubber,28
7463,Radial_car_tyre_stack_003/Stacked_car_tyre_006/Tread_block_266_266,Radial_car_tyre_stack_003,Tyre_rubber,28
7464,Radial_car_tyre_stack_003/Stacked_car_tyre_006/Tread_block_267_267,Radial_car_tyre_stack_003,Tyre_rubber,28
7465,Radial_car_tyre_stack_003/Stacked_car_tyre_006/Tread_block_268_268,Radial_car_tyre_stack_003,Tyre_rubber,28
7466,Radial_car_tyre_stack_003/Stacked_car_tyre_006/Tread_block_269_269,Radial_car_tyre_stack_003,Tyre_rubber,28
7467,Radial_car_tyre_stack_003/Stacked_car_tyre_006/Tread_block_270_270,Radial_car_tyre_stack_003,Tyre_rubber,28
7468,Radial_car_tyre_stack_003/Stacked_car_tyre_006/Tread_block_271_271,Radial_car_tyre_stack_003,Tyre_rubber,28
7469,Radial_car_tyre_stack_003/Stacked_car_tyre_006/Tread_block_272_272,Radial_car_tyre_stack_003,Tyre_rubber,28
7470,Radial_car_tyre_stack_003/Stacked_car_tyre_006/Tread_block_273_273,Radial_car_tyre_stack_003,Tyre_rubber,28
7471,Radial_car_tyre_stack_003/Stacked_car_tyre_006/Tread_block_274_274,Radial_car_tyre_stack_003,Tyre_rubber,28
7472,Radial_car_tyre_stack_003/Stacked_car_tyre_006/Tread_block_275_275,Radial_car_tyre_stack_003,Tyre_rubber,28
7473,Radial_car_tyre_stack_003/Stacked_car_tyre_006/Tread_block_276_276,Radial_car_tyre_stack_003,Tyre_rubber,28
7474,Radial_car_tyre_stack_003/Stacked_car_tyre_006/Tread_block_277_277,Radial_car_tyre_stack_003,Tyre_rubber,28
7475,Radial_car_tyre_stack_003/Stacked_car_tyre_006/Tread_block_278_278,Radial_car_tyre_stack_003,Tyre_rubber,28
7476,Radial_car_tyre_stack_003/Stacked_car_tyre_006/Tread_block_279_279,Radial_car_tyre_stack_003,Tyre_rubber,28
7477,Radial_car_tyre_stack_003/Stacked_car_tyre_006/Tread_block_280_280,Radial_car_tyre_stack_003,Tyre_rubber,28
7478,Radial_car_tyre_stack_003/Stacked_car_tyre_006/Tread_block_281_281,Radial_car_tyre_stack_003,Tyre_rubber,28
7479,Radial_car_tyre_stack_003/Stacked_car_tyre_006/Tread_block_282_282,Radial_car_tyre_stack_003,Tyre_rubber,28
7480,Radial_car_tyre_stack_003/Stacked_car_tyre_006/Tread_block_283_283,Radial_car_tyre_stack_003,Tyre_rubber,28
7481,Radial_car_tyre_stack_003/Stacked_car_tyre_006/Tread_block_284_284,Radial_car_tyre_stack_003,Tyre_rubber,28
7482,Radial_car_tyre_stack_003/Stacked_car_tyre_006/Tread_block_285_285,Radial_car_tyre_stack_003,Tyre_rubber,28
7483,Radial_car_tyre_stack_003/Stacked_car_tyre_006/Tread_block_286_286,Radial_car_tyre_stack_003,Tyre_rubber,28
7484,Radial_car_tyre_stack_003/Stacked_car_tyre_006/Tread_block_287_287,Radial_car_tyre_stack_003,Tyre_rubber,28
7485,Radial_car_tyre_stack_003/Stacked_car_tyre_006/Tread_block_288_288,Radial_car_tyre_stack_003,Tyre_rubber,28
7486,Radial_car_tyre_stack_003/Stacked_car_tyre_006/Tread_block_289_289,Radial_car_tyre_stack_003,Tyre_rubber,28
7487,Radial_car_tyre_stack_003/Stacked_car_tyre_006/Tread_block_290_290,Radial_car_tyre_stack_003,Tyre_rubber,28
7488,Radial_car_tyre_stack_003/Stacked_car_tyre_006/Tread_block_291_291,Radial_car_tyre_stack_003,Tyre_rubber,28
7489,Radial_car_tyre_stack_003/Stacked_car_tyre_006/Tread_block_292_292,Radial_car_tyre_stack_003,Tyre_rubber,28
7490,Radial_car_tyre_stack_003/Stacked_car_tyre_006/Tread_block_293_293,Radial_car_tyre_stack_003,Tyre_rubber,28
7491,Radial_car_tyre_stack_003/Stacked_car_tyre_006/Tread_block_294_294,Radial_car_tyre_stack_003,Tyre_rubber,28
7492,Radial_car_tyre_stack_003/Stacked_car_tyre_006/Tread_block_295_295,Radial_car_tyre_stack_003,Tyre_rubber,28
7493,Radial_car_tyre_stack_003/Stacked_car_tyre_006/Tread_block_296_296,Radial_car_tyre_stack_003,Tyre_rubber,28
7494,Radial_car_tyre_stack_003/Stacked_car_tyre_006/Tread_block_297_297,Radial_car_tyre_stack_003,Tyre_rubber,28
7495,Radial_car_tyre_stack_003/Stacked_car_tyre_006/Tread_block_298_298,Radial_car_tyre_stack_003,Tyre_rubber,28
7496,Radial_car_tyre_stack_003/Stacked_car_tyre_006/Tread_block_299_299,Radial_car_tyre_stack_003,Tyre_rubber,28
7497,Radial_car_tyre_stack_003/Stacked_car_tyre_006/Tread_block_300_300,Radial_car_tyre_stack_003,Tyre_rubber,28
7498,Radial_car_tyre_stack_003/Stacked_car_tyre_006/Tread_block_301_301,Radial_car_tyre_stack_003,Tyre_rubber,28
7499,Radial_car_tyre_stack_003/Stacked_car_tyre_006/Tread_block_302_302,Radial_car_tyre_stack_003,Tyre_rubber,28
7500,Radial_car_tyre_stack_003/Stacked_car_tyre_006/Tread_block_303_303,Radial_car_tyre_stack_003,Tyre_rubber,28
7501,Radial_car_tyre_stack_003/Stacked_car_tyre_006/Tread_block_304_304,Radial_car_tyre_stack_003,Tyre_rubber,28
7502,Radial_car_tyre_stack_003/Stacked_car_tyre_006/Tread_block_305_305,Radial_car_tyre_stack_003,Tyre_rubber,28
7503,Radial_car_tyre_stack_003/Stacked_car_tyre_006/Tread_block_306_306,Radial_car_tyre_stack_003,Tyre_rubber,28
7504,Radial_car_tyre_stack_003/Stacked_car_tyre_006/Tread_block_307_307,Radial_car_tyre_stack_003,Tyre_rubber,28
7505,Radial_car_tyre_stack_003/Stacked_car_tyre_006/Tread_block_308_308,Radial_car_tyre_stack_003,Tyre_rubber,28
7506,Radial_car_tyre_stack_003/Stacked_car_tyre_006/Tread_block_309_309,Radial_car_tyre_stack_003,Tyre_rubber,28
7507,Radial_car_tyre_stack_003/Stacked_car_tyre_006/Tread_block_310_310,Radial_car_tyre_stack_003,Tyre_rubber,28
7508,Radial_car_tyre_stack_003/Stacked_car_tyre_006/Tread_block_311_311,Radial_car_tyre_stack_003,Tyre_rubber,28
7509,Radial_car_tyre_stack_003/Stacked_car_tyre_006/Tread_block_312_312,Radial_car_tyre_stack_003,Tyre_rubber,28
7510,Radial_car_tyre_stack_003/Stacked_car_tyre_006/Tread_block_313_313,Radial_car_tyre_stack_003,Tyre_rubber,28
7511,Radial_car_tyre_stack_003/Stacked_car_tyre_006/Tread_block_314_314,Radial_car_tyre_stack_003,Tyre_rubber,28
7512,Radial_car_tyre_stack_003/Stacked_car_tyre_006/Tread_block_315_315,Radial_car_tyre_stack_003,Tyre_rubber,28
7513,Radial_car_tyre_stack_003/Stacked_car_tyre_006/Tread_block_316_316,Radial_car_tyre_stack_003,Tyre_rubber,28
7514,Radial_car_tyre_stack_003/Stacked_car_tyre_006/Tread_block_317_317,Radial_car_tyre_stack_003,Tyre_rubber,28
7515,Radial_car_tyre_stack_003/Stacked_car_tyre_006/Tread_block_318_318,Radial_car_tyre_stack_003,Tyre_rubber,28
7516,Radial_car_tyre_stack_003/Stacked_car_tyre_006/Tread_block_319_319,Radial_car_tyre_stack_003,Tyre_rubber,28
7517,Radial_car_tyre_stack_003/Stacked_car_tyre_006/Tread_block_320_320,Radial_car_tyre_stack_003,Tyre_rubber,28
7518,Radial_car_tyre_stack_003/Stacked_car_tyre_006/Bead_lip_321_321,Radial_car_tyre_stack_003,Tyre_rubber,768
7519,Radial_car_tyre_stack_003/Stacked_car_tyre_006/Moulded_sidewall_line_322_322,Radial_car_tyre_stack_003,Tyre_rubber,512
7520,Radial_car_tyre_stack_003/Stacked_car_tyre_006/Inner_sidewall_line_323_323,Radial_car_tyre_stack_003,Tyre_rubber,512
7521,Radial_car_tyre_stack_003/Stacked_car_tyre_006/Bead_lip_324_324,Radial_car_tyre_stack_003,Tyre_rubber,768
7522,Radial_car_tyre_stack_003/Stacked_car_tyre_006/Moulded_sidewall_line_325_325,Radial_car_tyre_stack_003,Tyre_rubber,512
7523,Radial_car_tyre_stack_003/Stacked_car_tyre_006/Inner_sidewall_line_326_326,Radial_car_tyre_stack_003,Tyre_rubber,512
7524,Radial_car_tyre_stack_003/Stacked_car_tyre_006/Embossed_tyre_specification_327_327,Radial_car_tyre_stack_003,Moulded_tyresize_205_55_R16,128
7525,Radial_car_tyre_stack_003/Stacked_car_tyre_006/Embossed_tyre_specification_reverse_328_328,Radial_car_tyre_stack_003,Moulded_tyresize_205_55_R16,128
7526,Radial_car_tyre_stack_003/Stacked_car_tyre_007/Tyre_carcass_205_55_R16_000_329,Radial_car_tyre_stack_003,Tyre_rubber,3072
7527,Radial_car_tyre_stack_003/Stacked_car_tyre_007/Tread_block_001_330,Radial_car_tyre_stack_003,Tyre_rubber,28
7528,Radial_car_tyre_stack_003/Stacked_car_tyre_007/Tread_block_002_331,Radial_car_tyre_stack_003,Tyre_rubber,28
7529,Radial_car_tyre_stack_003/Stacked_car_tyre_007/Tread_block_003_332,Radial_car_tyre_stack_003,Tyre_rubber,28
7530,Radial_car_tyre_stack_003/Stacked_car_tyre_007/Tread_block_004_333,Radial_car_tyre_stack_003,Tyre_rubber,28
7531,Radial_car_tyre_stack_003/Stacked_car_tyre_007/Tread_block_005_334,Radial_car_tyre_stack_003,Tyre_rubber,28
7532,Radial_car_tyre_stack_003/Stacked_car_tyre_007/Tread_block_006_335,Radial_car_tyre_stack_003,Tyre_rubber,28
7533,Radial_car_tyre_stack_003/Stacked_car_tyre_007/Tread_block_007_336,Radial_car_tyre_stack_003,Tyre_rubber,28
7534,Radial_car_tyre_stack_003/Stacked_car_tyre_007/Tread_block_008_337,Radial_car_tyre_stack_003,Tyre_rubber,28
7535,Radial_car_tyre_stack_003/Stacked_car_tyre_007/Tread_block_009_338,Radial_car_tyre_stack_003,Tyre_rubber,28
7536,Radial_car_tyre_stack_003/Stacked_car_tyre_007/Tread_block_010_339,Radial_car_tyre_stack_003,Tyre_rubber,28
7537,Radial_car_tyre_stack_003/Stacked_car_tyre_007/Tread_block_011_340,Radial_car_tyre_stack_003,Tyre_rubber,28
7538,Radial_car_tyre_stack_003/Stacked_car_tyre_007/Tread_block_012_341,Radial_car_tyre_stack_003,Tyre_rubber,28
7539,Radial_car_tyre_stack_003/Stacked_car_tyre_007/Tread_block_013_342,Radial_car_tyre_stack_003,Tyre_rubber,28
7540,Radial_car_tyre_stack_003/Stacked_car_tyre_007/Tread_block_014_343,Radial_car_tyre_stack_003,Tyre_rubber,28
7541,Radial_car_tyre_stack_003/Stacked_car_tyre_007/Tread_block_015_344,Radial_car_tyre_stack_003,Tyre_rubber,28
7542,Radial_car_tyre_stack_003/Stacked_car_tyre_007/Tread_block_016_345,Radial_car_tyre_stack_003,Tyre_rubber,28
7543,Radial_car_tyre_stack_003/Stacked_car_tyre_007/Tread_block_017_346,Radial_car_tyre_stack_003,Tyre_rubber,28
7544,Radial_car_tyre_stack_003/Stacked_car_tyre_007/Tread_block_018_347,Radial_car_tyre_stack_003,Tyre_rubber,28
7545,Radial_car_tyre_stack_003/Stacked_car_tyre_007/Tread_block_019_348,Radial_car_tyre_stack_003,Tyre_rubber,28
7546,Radial_car_tyre_stack_003/Stacked_car_tyre_007/Tread_block_020_349,Radial_car_tyre_stack_003,Tyre_rubber,28
7547,Radial_car_tyre_stack_003/Stacked_car_tyre_007/Tread_block_021_350,Radial_car_tyre_stack_003,Tyre_rubber,28
7548,Radial_car_tyre_stack_003/Stacked_car_tyre_007/Tread_block_022_351,Radial_car_tyre_stack_003,Tyre_rubber,28
7549,Radial_car_tyre_stack_003/Stacked_car_tyre_007/Tread_block_023_352,Radial_car_tyre_stack_003,Tyre_rubber,28
7550,Radial_car_tyre_stack_003/Stacked_car_tyre_007/Tread_block_024_353,Radial_car_tyre_stack_003,Tyre_rubber,28
7551,Radial_car_tyre_stack_003/Stacked_car_tyre_007/Tread_block_025_354,Radial_car_tyre_stack_003,Tyre_rubber,28
7552,Radial_car_tyre_stack_003/Stacked_car_tyre_007/Tread_block_026_355,Radial_car_tyre_stack_003,Tyre_rubber,28
7553,Radial_car_tyre_stack_003/Stacked_car_tyre_007/Tread_block_027_356,Radial_car_tyre_stack_003,Tyre_rubber,28
7554,Radial_car_tyre_stack_003/Stacked_car_tyre_007/Tread_block_028_357,Radial_car_tyre_stack_003,Tyre_rubber,28
7555,Radial_car_tyre_stack_003/Stacked_car_tyre_007/Tread_block_029_358,Radial_car_tyre_stack_003,Tyre_rubber,28
7556,Radial_car_tyre_stack_003/Stacked_car_tyre_007/Tread_block_030_359,Radial_car_tyre_stack_003,Tyre_rubber,28
7557,Radial_car_tyre_stack_003/Stacked_car_tyre_007/Tread_block_031_360,Radial_car_tyre_stack_003,Tyre_rubber,28
7558,Radial_car_tyre_stack_003/Stacked_car_tyre_007/Tread_block_032_361,Radial_car_tyre_stack_003,Tyre_rubber,28
7559,Radial_car_tyre_stack_003/Stacked_car_tyre_007/Tread_block_033_362,Radial_car_tyre_stack_003,Tyre_rubber,28
7560,Radial_car_tyre_stack_003/Stacked_car_tyre_007/Tread_block_034_363,Radial_car_tyre_stack_003,Tyre_rubber,28
7561,Radial_car_tyre_stack_003/Stacked_car_tyre_007/Tread_block_035_364,Radial_car_tyre_stack_003,Tyre_rubber,28
7562,Radial_car_tyre_stack_003/Stacked_car_tyre_007/Tread_block_036_365,Radial_car_tyre_stack_003,Tyre_rubber,28
7563,Radial_car_tyre_stack_003/Stacked_car_tyre_007/Tread_block_037_366,Radial_car_tyre_stack_003,Tyre_rubber,28
7564,Radial_car_tyre_stack_003/Stacked_car_tyre_007/Tread_block_038_367,Radial_car_tyre_stack_003,Tyre_rubber,28
7565,Radial_car_tyre_stack_003/Stacked_car_tyre_007/Tread_block_039_368,Radial_car_tyre_stack_003,Tyre_rubber,28
7566,Radial_car_tyre_stack_003/Stacked_car_tyre_007/Tread_block_040_369,Radial_car_tyre_stack_003,Tyre_rubber,28
7567,Radial_car_tyre_stack_003/Stacked_car_tyre_007/Tread_block_041_370,Radial_car_tyre_stack_003,Tyre_rubber,28
7568,Radial_car_tyre_stack_003/Stacked_car_tyre_007/Tread_block_042_371,Radial_car_tyre_stack_003,Tyre_rubber,28
7569,Radial_car_tyre_stack_003/Stacked_car_tyre_007/Tread_block_043_372,Radial_car_tyre_stack_003,Tyre_rubber,28
7570,Radial_car_tyre_stack_003/Stacked_car_tyre_007/Tread_block_044_373,Radial_car_tyre_stack_003,Tyre_rubber,28
7571,Radial_car_tyre_stack_003/Stacked_car_tyre_007/Tread_block_045_374,Radial_car_tyre_stack_003,Tyre_rubber,28
7572,Radial_car_tyre_stack_003/Stacked_car_tyre_007/Tread_block_046_375,Radial_car_tyre_stack_003,Tyre_rubber,28
7573,Radial_car_tyre_stack_003/Stacked_car_tyre_007/Tread_block_047_376,Radial_car_tyre_stack_003,Tyre_rubber,28
7574,Radial_car_tyre_stack_003/Stacked_car_tyre_007/Tread_block_048_377,Radial_car_tyre_stack_003,Tyre_rubber,28
7575,Radial_car_tyre_stack_003/Stacked_car_tyre_007/Tread_block_049_378,Radial_car_tyre_stack_003,Tyre_rubber,28
7576,Radial_car_tyre_stack_003/Stacked_car_tyre_007/Tread_block_050_379,Radial_car_tyre_stack_003,Tyre_rubber,28
7577,Radial_car_tyre_stack_003/Stacked_car_tyre_007/Tread_block_051_380,Radial_car_tyre_stack_003,Tyre_rubber,28
7578,Radial_car_tyre_stack_003/Stacked_car_tyre_007/Tread_block_052_381,Radial_car_tyre_stack_003,Tyre_rubber,28
7579,Radial_car_tyre_stack_003/Stacked_car_tyre_007/Tread_block_053_382,Radial_car_tyre_stack_003,Tyre_rubber,28
7580,Radial_car_tyre_stack_003/Stacked_car_tyre_007/Tread_block_054_383,Radial_car_tyre_stack_003,Tyre_rubber,28
7581,Radial_car_tyre_stack_003/Stacked_car_tyre_007/Tread_block_055_384,Radial_car_tyre_stack_003,Tyre_rubber,28
7582,Radial_car_tyre_stack_003/Stacked_car_tyre_007/Tread_block_056_385,Radial_car_tyre_stack_003,Tyre_rubber,28
7583,Radial_car_tyre_stack_003/Stacked_car_tyre_007/Tread_block_057_386,Radial_car_tyre_stack_003,Tyre_rubber,28
7584,Radial_car_tyre_stack_003/Stacked_car_tyre_007/Tread_block_058_387,Radial_car_tyre_stack_003,Tyre_rubber,28
7585,Radial_car_tyre_stack_003/Stacked_car_tyre_007/Tread_block_059_388,Radial_car_tyre_stack_003,Tyre_rubber,28
7586,Radial_car_tyre_stack_003/Stacked_car_tyre_007/Tread_block_060_389,Radial_car_tyre_stack_003,Tyre_rubber,28
7587,Radial_car_tyre_stack_003/Stacked_car_tyre_007/Tread_block_061_390,Radial_car_tyre_stack_003,Tyre_rubber,28
7588,Radial_car_tyre_stack_003/Stacked_car_tyre_007/Tread_block_062_391,Radial_car_tyre_stack_003,Tyre_rubber,28
7589,Radial_car_tyre_stack_003/Stacked_car_tyre_007/Tread_block_063_392,Radial_car_tyre_stack_003,Tyre_rubber,28
7590,Radial_car_tyre_stack_003/Stacked_car_tyre_007/Tread_block_064_393,Radial_car_tyre_stack_003,Tyre_rubber,28
7591,Radial_car_tyre_stack_003/Stacked_car_tyre_007/Tread_block_065_394,Radial_car_tyre_stack_003,Tyre_rubber,28
7592,Radial_car_tyre_stack_003/Stacked_car_tyre_007/Tread_block_066_395,Radial_car_tyre_stack_003,Tyre_rubber,28
7593,Radial_car_tyre_stack_003/Stacked_car_tyre_007/Tread_block_067_396,Radial_car_tyre_stack_003,Tyre_rubber,28
7594,Radial_car_tyre_stack_003/Stacked_car_tyre_007/Tread_block_068_397,Radial_car_tyre_stack_003,Tyre_rubber,28
7595,Radial_car_tyre_stack_003/Stacked_car_tyre_007/Tread_block_069_398,Radial_car_tyre_stack_003,Tyre_rubber,28
7596,Radial_car_tyre_stack_003/Stacked_car_tyre_007/Tread_block_070_399,Radial_car_tyre_stack_003,Tyre_rubber,28
7597,Radial_car_tyre_stack_003/Stacked_car_tyre_007/Tread_block_071_400,Radial_car_tyre_stack_003,Tyre_rubber,28
7598,Radial_car_tyre_stack_003/Stacked_car_tyre_007/Tread_block_072_401,Radial_car_tyre_stack_003,Tyre_rubber,28
7599,Radial_car_tyre_stack_003/Stacked_car_tyre_007/Tread_block_073_402,Radial_car_tyre_stack_003,Tyre_rubber,28
7600,Radial_car_tyre_stack_003/Stacked_car_tyre_007/Tread_block_074_403,Radial_car_tyre_stack_003,Tyre_rubber,28
7601,Radial_car_tyre_stack_003/Stacked_car_tyre_007/Tread_block_075_404,Radial_car_tyre_stack_003,Tyre_rubber,28
7602,Radial_car_tyre_stack_003/Stacked_car_tyre_007/Tread_block_076_405,Radial_car_tyre_stack_003,Tyre_rubber,28
7603,Radial_car_tyre_stack_003/Stacked_car_tyre_007/Tread_block_077_406,Radial_car_tyre_stack_003,Tyre_rubber,28
7604,Radial_car_tyre_stack_003/Stacked_car_tyre_007/Tread_block_078_407,Radial_car_tyre_stack_003,Tyre_rubber,28
7605,Radial_car_tyre_stack_003/Stacked_car_tyre_007/Tread_block_079_408,Radial_car_tyre_stack_003,Tyre_rubber,28
7606,Radial_car_tyre_stack_003/Stacked_car_tyre_007/Tread_block_080_409,Radial_car_tyre_stack_003,Tyre_rubber,28
7607,Radial_car_tyre_stack_003/Stacked_car_tyre_007/Tread_block_081_410,Radial_car_tyre_stack_003,Tyre_rubber,28
7608,Radial_car_tyre_stack_003/Stacked_car_tyre_007/Tread_block_082_411,Radial_car_tyre_stack_003,Tyre_rubber,28
7609,Radial_car_tyre_stack_003/Stacked_car_tyre_007/Tread_block_083_412,Radial_car_tyre_stack_003,Tyre_rubber,28
7610,Radial_car_tyre_stack_003/Stacked_car_tyre_007/Tread_block_084_413,Radial_car_tyre_stack_003,Tyre_rubber,28
7611,Radial_car_tyre_stack_003/Stacked_car_tyre_007/Tread_block_085_414,Radial_car_tyre_stack_003,Tyre_rubber,28
7612,Radial_car_tyre_stack_003/Stacked_car_tyre_007/Tread_block_086_415,Radial_car_tyre_stack_003,Tyre_rubber,28
7613,Radial_car_tyre_stack_003/Stacked_car_tyre_007/Tread_block_087_416,Radial_car_tyre_stack_003,Tyre_rubber,28
7614,Radial_car_tyre_stack_003/Stacked_car_tyre_007/Tread_block_088_417,Radial_car_tyre_stack_003,Tyre_rubber,28
7615,Radial_car_tyre_stack_003/Stacked_car_tyre_007/Tread_block_089_418,Radial_car_tyre_stack_003,Tyre_rubber,28
7616,Radial_car_tyre_stack_003/Stacked_car_tyre_007/Tread_block_090_419,Radial_car_tyre_stack_003,Tyre_rubber,28
7617,Radial_car_tyre_stack_003/Stacked_car_tyre_007/Tread_block_091_420,Radial_car_tyre_stack_003,Tyre_rubber,28
7618,Radial_car_tyre_stack_003/Stacked_car_tyre_007/Tread_block_092_421,Radial_car_tyre_stack_003,Tyre_rubber,28
7619,Radial_car_tyre_stack_003/Stacked_car_tyre_007/Tread_block_093_422,Radial_car_tyre_stack_003,Tyre_rubber,28
7620,Radial_car_tyre_stack_003/Stacked_car_tyre_007/Tread_block_094_423,Radial_car_tyre_stack_003,Tyre_rubber,28
7621,Radial_car_tyre_stack_003/Stacked_car_tyre_007/Tread_block_095_424,Radial_car_tyre_stack_003,Tyre_rubber,28
7622,Radial_car_tyre_stack_003/Stacked_car_tyre_007/Tread_block_096_425,Radial_car_tyre_stack_003,Tyre_rubber,28
7623,Radial_car_tyre_stack_003/Stacked_car_tyre_007/Tread_block_097_426,Radial_car_tyre_stack_003,Tyre_rubber,28
7624,Radial_car_tyre_stack_003/Stacked_car_tyre_007/Tread_block_098_427,Radial_car_tyre_stack_003,Tyre_rubber,28
7625,Radial_car_tyre_stack_003/Stacked_car_tyre_007/Tread_block_099_428,Radial_car_tyre_stack_003,Tyre_rubber,28
7626,Radial_car_tyre_stack_003/Stacked_car_tyre_007/Tread_block_100_429,Radial_car_tyre_stack_003,Tyre_rubber,28
7627,Radial_car_tyre_stack_003/Stacked_car_tyre_007/Tread_block_101_430,Radial_car_tyre_stack_003,Tyre_rubber,28
7628,Radial_car_tyre_stack_003/Stacked_car_tyre_007/Tread_block_102_431,Radial_car_tyre_stack_003,Tyre_rubber,28
7629,Radial_car_tyre_stack_003/Stacked_car_tyre_007/Tread_block_103_432,Radial_car_tyre_stack_003,Tyre_rubber,28
7630,Radial_car_tyre_stack_003/Stacked_car_tyre_007/Tread_block_104_433,Radial_car_tyre_stack_003,Tyre_rubber,28
7631,Radial_car_tyre_stack_003/Stacked_car_tyre_007/Tread_block_105_434,Radial_car_tyre_stack_003,Tyre_rubber,28
7632,Radial_car_tyre_stack_003/Stacked_car_tyre_007/Tread_block_106_435,Radial_car_tyre_stack_003,Tyre_rubber,28
7633,Radial_car_tyre_stack_003/Stacked_car_tyre_007/Tread_block_107_436,Radial_car_tyre_stack_003,Tyre_rubber,28
7634,Radial_car_tyre_stack_003/Stacked_car_tyre_007/Tread_block_108_437,Radial_car_tyre_stack_003,Tyre_rubber,28
7635,Radial_car_tyre_stack_003/Stacked_car_tyre_007/Tread_block_109_438,Radial_car_tyre_stack_003,Tyre_rubber,28
7636,Radial_car_tyre_stack_003/Stacked_car_tyre_007/Tread_block_110_439,Radial_car_tyre_stack_003,Tyre_rubber,28
7637,Radial_car_tyre_stack_003/Stacked_car_tyre_007/Tread_block_111_440,Radial_car_tyre_stack_003,Tyre_rubber,28
7638,Radial_car_tyre_stack_003/Stacked_car_tyre_007/Tread_block_112_441,Radial_car_tyre_stack_003,Tyre_rubber,28
7639,Radial_car_tyre_stack_003/Stacked_car_tyre_007/Tread_block_113_442,Radial_car_tyre_stack_003,Tyre_rubber,28
7640,Radial_car_tyre_stack_003/Stacked_car_tyre_007/Tread_block_114_443,Radial_car_tyre_stack_003,Tyre_rubber,28
7641,Radial_car_tyre_stack_003/Stacked_car_tyre_007/Tread_block_115_444,Radial_car_tyre_stack_003,Tyre_rubber,28
7642,Radial_car_tyre_stack_003/Stacked_car_tyre_007/Tread_block_116_445,Radial_car_tyre_stack_003,Tyre_rubber,28
7643,Radial_car_tyre_stack_003/Stacked_car_tyre_007/Tread_block_117_446,Radial_car_tyre_stack_003,Tyre_rubber,28
7644,Radial_car_tyre_stack_003/Stacked_car_tyre_007/Tread_block_118_447,Radial_car_tyre_stack_003,Tyre_rubber,28
7645,Radial_car_tyre_stack_003/Stacked_car_tyre_007/Tread_block_119_448,Radial_car_tyre_stack_003,Tyre_rubber,28
7646,Radial_car_tyre_stack_003/Stacked_car_tyre_007/Tread_block_120_449,Radial_car_tyre_stack_003,Tyre_rubber,28
7647,Radial_car_tyre_stack_003/Stacked_car_tyre_007/Tread_block_121_450,Radial_car_tyre_stack_003,Tyre_rubber,28
7648,Radial_car_tyre_stack_003/Stacked_car_tyre_007/Tread_block_122_451,Radial_car_tyre_stack_003,Tyre_rubber,28
7649,Radial_car_tyre_stack_003/Stacked_car_tyre_007/Tread_block_123_452,Radial_car_tyre_stack_003,Tyre_rubber,28
7650,Radial_car_tyre_stack_003/Stacked_car_tyre_007/Tread_block_124_453,Radial_car_tyre_stack_003,Tyre_rubber,28
7651,Radial_car_tyre_stack_003/Stacked_car_tyre_007/Tread_block_125_454,Radial_car_tyre_stack_003,Tyre_rubber,28
7652,Radial_car_tyre_stack_003/Stacked_car_tyre_007/Tread_block_126_455,Radial_car_tyre_stack_003,Tyre_rubber,28
7653,Radial_car_tyre_stack_003/Stacked_car_tyre_007/Tread_block_127_456,Radial_car_tyre_stack_003,Tyre_rubber,28
7654,Radial_car_tyre_stack_003/Stacked_car_tyre_007/Tread_block_128_457,Radial_car_tyre_stack_003,Tyre_rubber,28
7655,Radial_car_tyre_stack_003/Stacked_car_tyre_007/Tread_block_129_458,Radial_car_tyre_stack_003,Tyre_rubber,28
7656,Radial_car_tyre_stack_003/Stacked_car_tyre_007/Tread_block_130_459,Radial_car_tyre_stack_003,Tyre_rubber,28
7657,Radial_car_tyre_stack_003/Stacked_car_tyre_007/Tread_block_131_460,Radial_car_tyre_stack_003,Tyre_rubber,28
7658,Radial_car_tyre_stack_003/Stacked_car_tyre_007/Tread_block_132_461,Radial_car_tyre_stack_003,Tyre_rubber,28
7659,Radial_car_tyre_stack_003/Stacked_car_tyre_007/Tread_block_133_462,Radial_car_tyre_stack_003,Tyre_rubber,28
7660,Radial_car_tyre_stack_003/Stacked_car_tyre_007/Tread_block_134_463,Radial_car_tyre_stack_003,Tyre_rubber,28
7661,Radial_car_tyre_stack_003/Stacked_car_tyre_007/Tread_block_135_464,Radial_car_tyre_stack_003,Tyre_rubber,28
7662,Radial_car_tyre_stack_003/Stacked_car_tyre_007/Tread_block_136_465,Radial_car_tyre_stack_003,Tyre_rubber,28
7663,Radial_car_tyre_stack_003/Stacked_car_tyre_007/Tread_block_137_466,Radial_car_tyre_stack_003,Tyre_rubber,28
7664,Radial_car_tyre_stack_003/Stacked_car_tyre_007/Tread_block_138_467,Radial_car_tyre_stack_003,Tyre_rubber,28
7665,Radial_car_tyre_stack_003/Stacked_car_tyre_007/Tread_block_139_468,Radial_car_tyre_stack_003,Tyre_rubber,28
7666,Radial_car_tyre_stack_003/Stacked_car_tyre_007/Tread_block_140_469,Radial_car_tyre_stack_003,Tyre_rubber,28
7667,Radial_car_tyre_stack_003/Stacked_car_tyre_007/Tread_block_141_470,Radial_car_tyre_stack_003,Tyre_rubber,28
7668,Radial_car_tyre_stack_003/Stacked_car_tyre_007/Tread_block_142_471,Radial_car_tyre_stack_003,Tyre_rubber,28
7669,Radial_car_tyre_stack_003/Stacked_car_tyre_007/Tread_block_143_472,Radial_car_tyre_stack_003,Tyre_rubber,28
7670,Radial_car_tyre_stack_003/Stacked_car_tyre_007/Tread_block_144_473,Radial_car_tyre_stack_003,Tyre_rubber,28
7671,Radial_car_tyre_stack_003/Stacked_car_tyre_007/Tread_block_145_474,Radial_car_tyre_stack_003,Tyre_rubber,28
7672,Radial_car_tyre_stack_003/Stacked_car_tyre_007/Tread_block_146_475,Radial_car_tyre_stack_003,Tyre_rubber,28
7673,Radial_car_tyre_stack_003/Stacked_car_tyre_007/Tread_block_147_476,Radial_car_tyre_stack_003,Tyre_rubber,28
7674,Radial_car_tyre_stack_003/Stacked_car_tyre_007/Tread_block_148_477,Radial_car_tyre_stack_003,Tyre_rubber,28
7675,Radial_car_tyre_stack_003/Stacked_car_tyre_007/Tread_block_149_478,Radial_car_tyre_stack_003,Tyre_rubber,28
7676,Radial_car_tyre_stack_003/Stacked_car_tyre_007/Tread_block_150_479,Radial_car_tyre_stack_003,Tyre_rubber,28
7677,Radial_car_tyre_stack_003/Stacked_car_tyre_007/Tread_block_151_480,Radial_car_tyre_stack_003,Tyre_rubber,28
7678,Radial_car_tyre_stack_003/Stacked_car_tyre_007/Tread_block_152_481,Radial_car_tyre_stack_003,Tyre_rubber,28
7679,Radial_car_tyre_stack_003/Stacked_car_tyre_007/Tread_block_153_482,Radial_car_tyre_stack_003,Tyre_rubber,28
7680,Radial_car_tyre_stack_003/Stacked_car_tyre_007/Tread_block_154_483,Radial_car_tyre_stack_003,Tyre_rubber,28
7681,Radial_car_tyre_stack_003/Stacked_car_tyre_007/Tread_block_155_484,Radial_car_tyre_stack_003,Tyre_rubber,28
7682,Radial_car_tyre_stack_003/Stacked_car_tyre_007/Tread_block_156_485,Radial_car_tyre_stack_003,Tyre_rubber,28
7683,Radial_car_tyre_stack_003/Stacked_car_tyre_007/Tread_block_157_486,Radial_car_tyre_stack_003,Tyre_rubber,28
7684,Radial_car_tyre_stack_003/Stacked_car_tyre_007/Tread_block_158_487,Radial_car_tyre_stack_003,Tyre_rubber,28
7685,Radial_car_tyre_stack_003/Stacked_car_tyre_007/Tread_block_159_488,Radial_car_tyre_stack_003,Tyre_rubber,28
7686,Radial_car_tyre_stack_003/Stacked_car_tyre_007/Tread_block_160_489,Radial_car_tyre_stack_003,Tyre_rubber,28
7687,Radial_car_tyre_stack_003/Stacked_car_tyre_007/Tread_block_161_490,Radial_car_tyre_stack_003,Tyre_rubber,28
7688,Radial_car_tyre_stack_003/Stacked_car_tyre_007/Tread_block_162_491,Radial_car_tyre_stack_003,Tyre_rubber,28
7689,Radial_car_tyre_stack_003/Stacked_car_tyre_007/Tread_block_163_492,Radial_car_tyre_stack_003,Tyre_rubber,28
7690,Radial_car_tyre_stack_003/Stacked_car_tyre_007/Tread_block_164_493,Radial_car_tyre_stack_003,Tyre_rubber,28
7691,Radial_car_tyre_stack_003/Stacked_car_tyre_007/Tread_block_165_494,Radial_car_tyre_stack_003,Tyre_rubber,28
7692,Radial_car_tyre_stack_003/Stacked_car_tyre_007/Tread_block_166_495,Radial_car_tyre_stack_003,Tyre_rubber,28
7693,Radial_car_tyre_stack_003/Stacked_car_tyre_007/Tread_block_167_496,Radial_car_tyre_stack_003,Tyre_rubber,28
7694,Radial_car_tyre_stack_003/Stacked_car_tyre_007/Tread_block_168_497,Radial_car_tyre_stack_003,Tyre_rubber,28
7695,Radial_car_tyre_stack_003/Stacked_car_tyre_007/Tread_block_169_498,Radial_car_tyre_stack_003,Tyre_rubber,28
7696,Radial_car_tyre_stack_003/Stacked_car_tyre_007/Tread_block_170_499,Radial_car_tyre_stack_003,Tyre_rubber,28
7697,Radial_car_tyre_stack_003/Stacked_car_tyre_007/Tread_block_171_500,Radial_car_tyre_stack_003,Tyre_rubber,28
7698,Radial_car_tyre_stack_003/Stacked_car_tyre_007/Tread_block_172_501,Radial_car_tyre_stack_003,Tyre_rubber,28
7699,Radial_car_tyre_stack_003/Stacked_car_tyre_007/Tread_block_173_502,Radial_car_tyre_stack_003,Tyre_rubber,28
7700,Radial_car_tyre_stack_003/Stacked_car_tyre_007/Tread_block_174_503,Radial_car_tyre_stack_003,Tyre_rubber,28
7701,Radial_car_tyre_stack_003/Stacked_car_tyre_007/Tread_block_175_504,Radial_car_tyre_stack_003,Tyre_rubber,28
7702,Radial_car_tyre_stack_003/Stacked_car_tyre_007/Tread_block_176_505,Radial_car_tyre_stack_003,Tyre_rubber,28
7703,Radial_car_tyre_stack_003/Stacked_car_tyre_007/Tread_block_177_506,Radial_car_tyre_stack_003,Tyre_rubber,28
7704,Radial_car_tyre_stack_003/Stacked_car_tyre_007/Tread_block_178_507,Radial_car_tyre_stack_003,Tyre_rubber,28
7705,Radial_car_tyre_stack_003/Stacked_car_tyre_007/Tread_block_179_508,Radial_car_tyre_stack_003,Tyre_rubber,28
7706,Radial_car_tyre_stack_003/Stacked_car_tyre_007/Tread_block_180_509,Radial_car_tyre_stack_003,Tyre_rubber,28
7707,Radial_car_tyre_stack_003/Stacked_car_tyre_007/Tread_block_181_510,Radial_car_tyre_stack_003,Tyre_rubber,28
7708,Radial_car_tyre_stack_003/Stacked_car_tyre_007/Tread_block_182_511,Radial_car_tyre_stack_003,Tyre_rubber,28
7709,Radial_car_tyre_stack_003/Stacked_car_tyre_007/Tread_block_183_512,Radial_car_tyre_stack_003,Tyre_rubber,28
7710,Radial_car_tyre_stack_003/Stacked_car_tyre_007/Tread_block_184_513,Radial_car_tyre_stack_003,Tyre_rubber,28
7711,Radial_car_tyre_stack_003/Stacked_car_tyre_007/Tread_block_185_514,Radial_car_tyre_stack_003,Tyre_rubber,28
7712,Radial_car_tyre_stack_003/Stacked_car_tyre_007/Tread_block_186_515,Radial_car_tyre_stack_003,Tyre_rubber,28
7713,Radial_car_tyre_stack_003/Stacked_car_tyre_007/Tread_block_187_516,Radial_car_tyre_stack_003,Tyre_rubber,28
7714,Radial_car_tyre_stack_003/Stacked_car_tyre_007/Tread_block_188_517,Radial_car_tyre_stack_003,Tyre_rubber,28
7715,Radial_car_tyre_stack_003/Stacked_car_tyre_007/Tread_block_189_518,Radial_car_tyre_stack_003,Tyre_rubber,28
7716,Radial_car_tyre_stack_003/Stacked_car_tyre_007/Tread_block_190_519,Radial_car_tyre_stack_003,Tyre_rubber,28
7717,Radial_car_tyre_stack_003/Stacked_car_tyre_007/Tread_block_191_520,Radial_car_tyre_stack_003,Tyre_rubber,28
7718,Radial_car_tyre_stack_003/Stacked_car_tyre_007/Tread_block_192_521,Radial_car_tyre_stack_003,Tyre_rubber,28
7719,Radial_car_tyre_stack_003/Stacked_car_tyre_007/Tread_block_193_522,Radial_car_tyre_stack_003,Tyre_rubber,28
7720,Radial_car_tyre_stack_003/Stacked_car_tyre_007/Tread_block_194_523,Radial_car_tyre_stack_003,Tyre_rubber,28
7721,Radial_car_tyre_stack_003/Stacked_car_tyre_007/Tread_block_195_524,Radial_car_tyre_stack_003,Tyre_rubber,28
7722,Radial_car_tyre_stack_003/Stacked_car_tyre_007/Tread_block_196_525,Radial_car_tyre_stack_003,Tyre_rubber,28
7723,Radial_car_tyre_stack_003/Stacked_car_tyre_007/Tread_block_197_526,Radial_car_tyre_stack_003,Tyre_rubber,28
7724,Radial_car_tyre_stack_003/Stacked_car_tyre_007/Tread_block_198_527,Radial_car_tyre_stack_003,Tyre_rubber,28
7725,Radial_car_tyre_stack_003/Stacked_car_tyre_007/Tread_block_199_528,Radial_car_tyre_stack_003,Tyre_rubber,28
7726,Radial_car_tyre_stack_003/Stacked_car_tyre_007/Tread_block_200_529,Radial_car_tyre_stack_003,Tyre_rubber,28
7727,Radial_car_tyre_stack_003/Stacked_car_tyre_007/Tread_block_201_530,Radial_car_tyre_stack_003,Tyre_rubber,28
7728,Radial_car_tyre_stack_003/Stacked_car_tyre_007/Tread_block_202_531,Radial_car_tyre_stack_003,Tyre_rubber,28
7729,Radial_car_tyre_stack_003/Stacked_car_tyre_007/Tread_block_203_532,Radial_car_tyre_stack_003,Tyre_rubber,28
7730,Radial_car_tyre_stack_003/Stacked_car_tyre_007/Tread_block_204_533,Radial_car_tyre_stack_003,Tyre_rubber,28
7731,Radial_car_tyre_stack_003/Stacked_car_tyre_007/Tread_block_205_534,Radial_car_tyre_stack_003,Tyre_rubber,28
7732,Radial_car_tyre_stack_003/Stacked_car_tyre_007/Tread_block_206_535,Radial_car_tyre_stack_003,Tyre_rubber,28
7733,Radial_car_tyre_stack_003/Stacked_car_tyre_007/Tread_block_207_536,Radial_car_tyre_stack_003,Tyre_rubber,28
7734,Radial_car_tyre_stack_003/Stacked_car_tyre_007/Tread_block_208_537,Radial_car_tyre_stack_003,Tyre_rubber,28
7735,Radial_car_tyre_stack_003/Stacked_car_tyre_007/Tread_block_209_538,Radial_car_tyre_stack_003,Tyre_rubber,28
7736,Radial_car_tyre_stack_003/Stacked_car_tyre_007/Tread_block_210_539,Radial_car_tyre_stack_003,Tyre_rubber,28
7737,Radial_car_tyre_stack_003/Stacked_car_tyre_007/Tread_block_211_540,Radial_car_tyre_stack_003,Tyre_rubber,28
7738,Radial_car_tyre_stack_003/Stacked_car_tyre_007/Tread_block_212_541,Radial_car_tyre_stack_003,Tyre_rubber,28
7739,Radial_car_tyre_stack_003/Stacked_car_tyre_007/Tread_block_213_542,Radial_car_tyre_stack_003,Tyre_rubber,28
7740,Radial_car_tyre_stack_003/Stacked_car_tyre_007/Tread_block_214_543,Radial_car_tyre_stack_003,Tyre_rubber,28
7741,Radial_car_tyre_stack_003/Stacked_car_tyre_007/Tread_block_215_544,Radial_car_tyre_stack_003,Tyre_rubber,28
7742,Radial_car_tyre_stack_003/Stacked_car_tyre_007/Tread_block_216_545,Radial_car_tyre_stack_003,Tyre_rubber,28
7743,Radial_car_tyre_stack_003/Stacked_car_tyre_007/Tread_block_217_546,Radial_car_tyre_stack_003,Tyre_rubber,28
7744,Radial_car_tyre_stack_003/Stacked_car_tyre_007/Tread_block_218_547,Radial_car_tyre_stack_003,Tyre_rubber,28
7745,Radial_car_tyre_stack_003/Stacked_car_tyre_007/Tread_block_219_548,Radial_car_tyre_stack_003,Tyre_rubber,28
7746,Radial_car_tyre_stack_003/Stacked_car_tyre_007/Tread_block_220_549,Radial_car_tyre_stack_003,Tyre_rubber,28
7747,Radial_car_tyre_stack_003/Stacked_car_tyre_007/Tread_block_221_550,Radial_car_tyre_stack_003,Tyre_rubber,28
7748,Radial_car_tyre_stack_003/Stacked_car_tyre_007/Tread_block_222_551,Radial_car_tyre_stack_003,Tyre_rubber,28
7749,Radial_car_tyre_stack_003/Stacked_car_tyre_007/Tread_block_223_552,Radial_car_tyre_stack_003,Tyre_rubber,28
7750,Radial_car_tyre_stack_003/Stacked_car_tyre_007/Tread_block_224_553,Radial_car_tyre_stack_003,Tyre_rubber,28
7751,Radial_car_tyre_stack_003/Stacked_car_tyre_007/Tread_block_225_554,Radial_car_tyre_stack_003,Tyre_rubber,28
7752,Radial_car_tyre_stack_003/Stacked_car_tyre_007/Tread_block_226_555,Radial_car_tyre_stack_003,Tyre_rubber,28
7753,Radial_car_tyre_stack_003/Stacked_car_tyre_007/Tread_block_227_556,Radial_car_tyre_stack_003,Tyre_rubber,28
7754,Radial_car_tyre_stack_003/Stacked_car_tyre_007/Tread_block_228_557,Radial_car_tyre_stack_003,Tyre_rubber,28
7755,Radial_car_tyre_stack_003/Stacked_car_tyre_007/Tread_block_229_558,Radial_car_tyre_stack_003,Tyre_rubber,28
7756,Radial_car_tyre_stack_003/Stacked_car_tyre_007/Tread_block_230_559,Radial_car_tyre_stack_003,Tyre_rubber,28
7757,Radial_car_tyre_stack_003/Stacked_car_tyre_007/Tread_block_231_560,Radial_car_tyre_stack_003,Tyre_rubber,28
7758,Radial_car_tyre_stack_003/Stacked_car_tyre_007/Tread_block_232_561,Radial_car_tyre_stack_003,Tyre_rubber,28
7759,Radial_car_tyre_stack_003/Stacked_car_tyre_007/Tread_block_233_562,Radial_car_tyre_stack_003,Tyre_rubber,28
7760,Radial_car_tyre_stack_003/Stacked_car_tyre_007/Tread_block_234_563,Radial_car_tyre_stack_003,Tyre_rubber,28
7761,Radial_car_tyre_stack_003/Stacked_car_tyre_007/Tread_block_235_564,Radial_car_tyre_stack_003,Tyre_rubber,28
7762,Radial_car_tyre_stack_003/Stacked_car_tyre_007/Tread_block_236_565,Radial_car_tyre_stack_003,Tyre_rubber,28
7763,Radial_car_tyre_stack_003/Stacked_car_tyre_007/Tread_block_237_566,Radial_car_tyre_stack_003,Tyre_rubber,28
7764,Radial_car_tyre_stack_003/Stacked_car_tyre_007/Tread_block_238_567,Radial_car_tyre_stack_003,Tyre_rubber,28
7765,Radial_car_tyre_stack_003/Stacked_car_tyre_007/Tread_block_239_568,Radial_car_tyre_stack_003,Tyre_rubber,28
7766,Radial_car_tyre_stack_003/Stacked_car_tyre_007/Tread_block_240_569,Radial_car_tyre_stack_003,Tyre_rubber,28
7767,Radial_car_tyre_stack_003/Stacked_car_tyre_007/Tread_block_241_570,Radial_car_tyre_stack_003,Tyre_rubber,28
7768,Radial_car_tyre_stack_003/Stacked_car_tyre_007/Tread_block_242_571,Radial_car_tyre_stack_003,Tyre_rubber,28
7769,Radial_car_tyre_stack_003/Stacked_car_tyre_007/Tread_block_243_572,Radial_car_tyre_stack_003,Tyre_rubber,28
7770,Radial_car_tyre_stack_003/Stacked_car_tyre_007/Tread_block_244_573,Radial_car_tyre_stack_003,Tyre_rubber,28
7771,Radial_car_tyre_stack_003/Stacked_car_tyre_007/Tread_block_245_574,Radial_car_tyre_stack_003,Tyre_rubber,28
7772,Radial_car_tyre_stack_003/Stacked_car_tyre_007/Tread_block_246_575,Radial_car_tyre_stack_003,Tyre_rubber,28
7773,Radial_car_tyre_stack_003/Stacked_car_tyre_007/Tread_block_247_576,Radial_car_tyre_stack_003,Tyre_rubber,28
7774,Radial_car_tyre_stack_003/Stacked_car_tyre_007/Tread_block_248_577,Radial_car_tyre_stack_003,Tyre_rubber,28
7775,Radial_car_tyre_stack_003/Stacked_car_tyre_007/Tread_block_249_578,Radial_car_tyre_stack_003,Tyre_rubber,28
7776,Radial_car_tyre_stack_003/Stacked_car_tyre_007/Tread_block_250_579,Radial_car_tyre_stack_003,Tyre_rubber,28
7777,Radial_car_tyre_stack_003/Stacked_car_tyre_007/Tread_block_251_580,Radial_car_tyre_stack_003,Tyre_rubber,28
7778,Radial_car_tyre_stack_003/Stacked_car_tyre_007/Tread_block_252_581,Radial_car_tyre_stack_003,Tyre_rubber,28
7779,Radial_car_tyre_stack_003/Stacked_car_tyre_007/Tread_block_253_582,Radial_car_tyre_stack_003,Tyre_rubber,28
7780,Radial_car_tyre_stack_003/Stacked_car_tyre_007/Tread_block_254_583,Radial_car_tyre_stack_003,Tyre_rubber,28
7781,Radial_car_tyre_stack_003/Stacked_car_tyre_007/Tread_block_255_584,Radial_car_tyre_stack_003,Tyre_rubber,28
7782,Radial_car_tyre_stack_003/Stacked_car_tyre_007/Tread_block_256_585,Radial_car_tyre_stack_003,Tyre_rubber,28
7783,Radial_car_tyre_stack_003/Stacked_car_tyre_007/Tread_block_257_586,Radial_car_tyre_stack_003,Tyre_rubber,28
7784,Radial_car_tyre_stack_003/Stacked_car_tyre_007/Tread_block_258_587,Radial_car_tyre_stack_003,Tyre_rubber,28
7785,Radial_car_tyre_stack_003/Stacked_car_tyre_007/Tread_block_259_588,Radial_car_tyre_stack_003,Tyre_rubber,28
7786,Radial_car_tyre_stack_003/Stacked_car_tyre_007/Tread_block_260_589,Radial_car_tyre_stack_003,Tyre_rubber,28
7787,Radial_car_tyre_stack_003/Stacked_car_tyre_007/Tread_block_261_590,Radial_car_tyre_stack_003,Tyre_rubber,28
7788,Radial_car_tyre_stack_003/Stacked_car_tyre_007/Tread_block_262_591,Radial_car_tyre_stack_003,Tyre_rubber,28
7789,Radial_car_tyre_stack_003/Stacked_car_tyre_007/Tread_block_263_592,Radial_car_tyre_stack_003,Tyre_rubber,28
7790,Radial_car_tyre_stack_003/Stacked_car_tyre_007/Tread_block_264_593,Radial_car_tyre_stack_003,Tyre_rubber,28
7791,Radial_car_tyre_stack_003/Stacked_car_tyre_007/Tread_block_265_594,Radial_car_tyre_stack_003,Tyre_rubber,28
7792,Radial_car_tyre_stack_003/Stacked_car_tyre_007/Tread_block_266_595,Radial_car_tyre_stack_003,Tyre_rubber,28
7793,Radial_car_tyre_stack_003/Stacked_car_tyre_007/Tread_block_267_596,Radial_car_tyre_stack_003,Tyre_rubber,28
7794,Radial_car_tyre_stack_003/Stacked_car_tyre_007/Tread_block_268_597,Radial_car_tyre_stack_003,Tyre_rubber,28
7795,Radial_car_tyre_stack_003/Stacked_car_tyre_007/Tread_block_269_598,Radial_car_tyre_stack_003,Tyre_rubber,28
7796,Radial_car_tyre_stack_003/Stacked_car_tyre_007/Tread_block_270_599,Radial_car_tyre_stack_003,Tyre_rubber,28
7797,Radial_car_tyre_stack_003/Stacked_car_tyre_007/Tread_block_271_600,Radial_car_tyre_stack_003,Tyre_rubber,28
7798,Radial_car_tyre_stack_003/Stacked_car_tyre_007/Tread_block_272_601,Radial_car_tyre_stack_003,Tyre_rubber,28
7799,Radial_car_tyre_stack_003/Stacked_car_tyre_007/Tread_block_273_602,Radial_car_tyre_stack_003,Tyre_rubber,28
7800,Radial_car_tyre_stack_003/Stacked_car_tyre_007/Tread_block_274_603,Radial_car_tyre_stack_003,Tyre_rubber,28
7801,Radial_car_tyre_stack_003/Stacked_car_tyre_007/Tread_block_275_604,Radial_car_tyre_stack_003,Tyre_rubber,28
7802,Radial_car_tyre_stack_003/Stacked_car_tyre_007/Tread_block_276_605,Radial_car_tyre_stack_003,Tyre_rubber,28
7803,Radial_car_tyre_stack_003/Stacked_car_tyre_007/Tread_block_277_606,Radial_car_tyre_stack_003,Tyre_rubber,28
7804,Radial_car_tyre_stack_003/Stacked_car_tyre_007/Tread_block_278_607,Radial_car_tyre_stack_003,Tyre_rubber,28
7805,Radial_car_tyre_stack_003/Stacked_car_tyre_007/Tread_block_279_608,Radial_car_tyre_stack_003,Tyre_rubber,28
7806,Radial_car_tyre_stack_003/Stacked_car_tyre_007/Tread_block_280_609,Radial_car_tyre_stack_003,Tyre_rubber,28
7807,Radial_car_tyre_stack_003/Stacked_car_tyre_007/Tread_block_281_610,Radial_car_tyre_stack_003,Tyre_rubber,28
7808,Radial_car_tyre_stack_003/Stacked_car_tyre_007/Tread_block_282_611,Radial_car_tyre_stack_003,Tyre_rubber,28
7809,Radial_car_tyre_stack_003/Stacked_car_tyre_007/Tread_block_283_612,Radial_car_tyre_stack_003,Tyre_rubber,28
7810,Radial_car_tyre_stack_003/Stacked_car_tyre_007/Tread_block_284_613,Radial_car_tyre_stack_003,Tyre_rubber,28
7811,Radial_car_tyre_stack_003/Stacked_car_tyre_007/Tread_block_285_614,Radial_car_tyre_stack_003,Tyre_rubber,28
7812,Radial_car_tyre_stack_003/Stacked_car_tyre_007/Tread_block_286_615,Radial_car_tyre_stack_003,Tyre_rubber,28
7813,Radial_car_tyre_stack_003/Stacked_car_tyre_007/Tread_block_287_616,Radial_car_tyre_stack_003,Tyre_rubber,28
7814,Radial_car_tyre_stack_003/Stacked_car_tyre_007/Tread_block_288_617,Radial_car_tyre_stack_003,Tyre_rubber,28
7815,Radial_car_tyre_stack_003/Stacked_car_tyre_007/Tread_block_289_618,Radial_car_tyre_stack_003,Tyre_rubber,28
7816,Radial_car_tyre_stack_003/Stacked_car_tyre_007/Tread_block_290_619,Radial_car_tyre_stack_003,Tyre_rubber,28
7817,Radial_car_tyre_stack_003/Stacked_car_tyre_007/Tread_block_291_620,Radial_car_tyre_stack_003,Tyre_rubber,28
7818,Radial_car_tyre_stack_003/Stacked_car_tyre_007/Tread_block_292_621,Radial_car_tyre_stack_003,Tyre_rubber,28
7819,Radial_car_tyre_stack_003/Stacked_car_tyre_007/Tread_block_293_622,Radial_car_tyre_stack_003,Tyre_rubber,28
7820,Radial_car_tyre_stack_003/Stacked_car_tyre_007/Tread_block_294_623,Radial_car_tyre_stack_003,Tyre_rubber,28
7821,Radial_car_tyre_stack_003/Stacked_car_tyre_007/Tread_block_295_624,Radial_car_tyre_stack_003,Tyre_rubber,28
7822,Radial_car_tyre_stack_003/Stacked_car_tyre_007/Tread_block_296_625,Radial_car_tyre_stack_003,Tyre_rubber,28
7823,Radial_car_tyre_stack_003/Stacked_car_tyre_007/Tread_block_297_626,Radial_car_tyre_stack_003,Tyre_rubber,28
7824,Radial_car_tyre_stack_003/Stacked_car_tyre_007/Tread_block_298_627,Radial_car_tyre_stack_003,Tyre_rubber,28
7825,Radial_car_tyre_stack_003/Stacked_car_tyre_007/Tread_block_299_628,Radial_car_tyre_stack_003,Tyre_rubber,28
7826,Radial_car_tyre_stack_003/Stacked_car_tyre_007/Tread_block_300_629,Radial_car_tyre_stack_003,Tyre_rubber,28
7827,Radial_car_tyre_stack_003/Stacked_car_tyre_007/Tread_block_301_630,Radial_car_tyre_stack_003,Tyre_rubber,28
7828,Radial_car_tyre_stack_003/Stacked_car_tyre_007/Tread_block_302_631,Radial_car_tyre_stack_003,Tyre_rubber,28
7829,Radial_car_tyre_stack_003/Stacked_car_tyre_007/Tread_block_303_632,Radial_car_tyre_stack_003,Tyre_rubber,28
7830,Radial_car_tyre_stack_003/Stacked_car_tyre_007/Tread_block_304_633,Radial_car_tyre_stack_003,Tyre_rubber,28
7831,Radial_car_tyre_stack_003/Stacked_car_tyre_007/Tread_block_305_634,Radial_car_tyre_stack_003,Tyre_rubber,28
7832,Radial_car_tyre_stack_003/Stacked_car_tyre_007/Tread_block_306_635,Radial_car_tyre_stack_003,Tyre_rubber,28
7833,Radial_car_tyre_stack_003/Stacked_car_tyre_007/Tread_block_307_636,Radial_car_tyre_stack_003,Tyre_rubber,28
7834,Radial_car_tyre_stack_003/Stacked_car_tyre_007/Tread_block_308_637,Radial_car_tyre_stack_003,Tyre_rubber,28
7835,Radial_car_tyre_stack_003/Stacked_car_tyre_007/Tread_block_309_638,Radial_car_tyre_stack_003,Tyre_rubber,28
7836,Radial_car_tyre_stack_003/Stacked_car_tyre_007/Tread_block_310_639,Radial_car_tyre_stack_003,Tyre_rubber,28
7837,Radial_car_tyre_stack_003/Stacked_car_tyre_007/Tread_block_311_640,Radial_car_tyre_stack_003,Tyre_rubber,28
7838,Radial_car_tyre_stack_003/Stacked_car_tyre_007/Tread_block_312_641,Radial_car_tyre_stack_003,Tyre_rubber,28
7839,Radial_car_tyre_stack_003/Stacked_car_tyre_007/Tread_block_313_642,Radial_car_tyre_stack_003,Tyre_rubber,28
7840,Radial_car_tyre_stack_003/Stacked_car_tyre_007/Tread_block_314_643,Radial_car_tyre_stack_003,Tyre_rubber,28
7841,Radial_car_tyre_stack_003/Stacked_car_tyre_007/Tread_block_315_644,Radial_car_tyre_stack_003,Tyre_rubber,28
7842,Radial_car_tyre_stack_003/Stacked_car_tyre_007/Tread_block_316_645,Radial_car_tyre_stack_003,Tyre_rubber,28
7843,Radial_car_tyre_stack_003/Stacked_car_tyre_007/Tread_block_317_646,Radial_car_tyre_stack_003,Tyre_rubber,28
7844,Radial_car_tyre_stack_003/Stacked_car_tyre_007/Tread_block_318_647,Radial_car_tyre_stack_003,Tyre_rubber,28
7845,Radial_car_tyre_stack_003/Stacked_car_tyre_007/Tread_block_319_648,Radial_car_tyre_stack_003,Tyre_rubber,28
7846,Radial_car_tyre_stack_003/Stacked_car_tyre_007/Tread_block_320_649,Radial_car_tyre_stack_003,Tyre_rubber,28
7847,Radial_car_tyre_stack_003/Stacked_car_tyre_007/Bead_lip_321_650,Radial_car_tyre_stack_003,Tyre_rubber,768
7848,Radial_car_tyre_stack_003/Stacked_car_tyre_007/Moulded_sidewall_line_322_651,Radial_car_tyre_stack_003,Tyre_rubber,512
7849,Radial_car_tyre_stack_003/Stacked_car_tyre_007/Inner_sidewall_line_323_652,Radial_car_tyre_stack_003,Tyre_rubber,512
7850,Radial_car_tyre_stack_003/Stacked_car_tyre_007/Bead_lip_324_653,Radial_car_tyre_stack_003,Tyre_rubber,768
7851,Radial_car_tyre_stack_003/Stacked_car_tyre_007/Moulded_sidewall_line_325_654,Radial_car_tyre_stack_003,Tyre_rubber,512
7852,Radial_car_tyre_stack_003/Stacked_car_tyre_007/Inner_sidewall_line_326_655,Radial_car_tyre_stack_003,Tyre_rubber,512
7853,Radial_car_tyre_stack_003/Stacked_car_tyre_007/Embossed_tyre_specification_327_656,Radial_car_tyre_stack_003,Moulded_tyresize_205_55_R16,128
7854,Radial_car_tyre_stack_003/Stacked_car_tyre_007/Embossed_tyre_specification_reverse_328_657,Radial_car_tyre_stack_003,Moulded_tyresize_205_55_R16,128
7855,Radial_car_tyre_stack_003/Stacked_car_tyre_008/Tyre_carcass_205_55_R16_000_658,Radial_car_tyre_stack_003,Tyre_rubber,3072
7856,Radial_car_tyre_stack_003/Stacked_car_tyre_008/Tread_block_001_659,Radial_car_tyre_stack_003,Tyre_rubber,28
7857,Radial_car_tyre_stack_003/Stacked_car_tyre_008/Tread_block_002_660,Radial_car_tyre_stack_003,Tyre_rubber,28
7858,Radial_car_tyre_stack_003/Stacked_car_tyre_008/Tread_block_003_661,Radial_car_tyre_stack_003,Tyre_rubber,28
7859,Radial_car_tyre_stack_003/Stacked_car_tyre_008/Tread_block_004_662,Radial_car_tyre_stack_003,Tyre_rubber,28
7860,Radial_car_tyre_stack_003/Stacked_car_tyre_008/Tread_block_005_663,Radial_car_tyre_stack_003,Tyre_rubber,28
7861,Radial_car_tyre_stack_003/Stacked_car_tyre_008/Tread_block_006_664,Radial_car_tyre_stack_003,Tyre_rubber,28
7862,Radial_car_tyre_stack_003/Stacked_car_tyre_008/Tread_block_007_665,Radial_car_tyre_stack_003,Tyre_rubber,28
7863,Radial_car_tyre_stack_003/Stacked_car_tyre_008/Tread_block_008_666,Radial_car_tyre_stack_003,Tyre_rubber,28
7864,Radial_car_tyre_stack_003/Stacked_car_tyre_008/Tread_block_009_667,Radial_car_tyre_stack_003,Tyre_rubber,28
7865,Radial_car_tyre_stack_003/Stacked_car_tyre_008/Tread_block_010_668,Radial_car_tyre_stack_003,Tyre_rubber,28
7866,Radial_car_tyre_stack_003/Stacked_car_tyre_008/Tread_block_011_669,Radial_car_tyre_stack_003,Tyre_rubber,28
7867,Radial_car_tyre_stack_003/Stacked_car_tyre_008/Tread_block_012_670,Radial_car_tyre_stack_003,Tyre_rubber,28
7868,Radial_car_tyre_stack_003/Stacked_car_tyre_008/Tread_block_013_671,Radial_car_tyre_stack_003,Tyre_rubber,28
7869,Radial_car_tyre_stack_003/Stacked_car_tyre_008/Tread_block_014_672,Radial_car_tyre_stack_003,Tyre_rubber,28
7870,Radial_car_tyre_stack_003/Stacked_car_tyre_008/Tread_block_015_673,Radial_car_tyre_stack_003,Tyre_rubber,28
7871,Radial_car_tyre_stack_003/Stacked_car_tyre_008/Tread_block_016_674,Radial_car_tyre_stack_003,Tyre_rubber,28
7872,Radial_car_tyre_stack_003/Stacked_car_tyre_008/Tread_block_017_675,Radial_car_tyre_stack_003,Tyre_rubber,28
7873,Radial_car_tyre_stack_003/Stacked_car_tyre_008/Tread_block_018_676,Radial_car_tyre_stack_003,Tyre_rubber,28
7874,Radial_car_tyre_stack_003/Stacked_car_tyre_008/Tread_block_019_677,Radial_car_tyre_stack_003,Tyre_rubber,28
7875,Radial_car_tyre_stack_003/Stacked_car_tyre_008/Tread_block_020_678,Radial_car_tyre_stack_003,Tyre_rubber,28
7876,Radial_car_tyre_stack_003/Stacked_car_tyre_008/Tread_block_021_679,Radial_car_tyre_stack_003,Tyre_rubber,28
7877,Radial_car_tyre_stack_003/Stacked_car_tyre_008/Tread_block_022_680,Radial_car_tyre_stack_003,Tyre_rubber,28
7878,Radial_car_tyre_stack_003/Stacked_car_tyre_008/Tread_block_023_681,Radial_car_tyre_stack_003,Tyre_rubber,28
7879,Radial_car_tyre_stack_003/Stacked_car_tyre_008/Tread_block_024_682,Radial_car_tyre_stack_003,Tyre_rubber,28
7880,Radial_car_tyre_stack_003/Stacked_car_tyre_008/Tread_block_025_683,Radial_car_tyre_stack_003,Tyre_rubber,28
7881,Radial_car_tyre_stack_003/Stacked_car_tyre_008/Tread_block_026_684,Radial_car_tyre_stack_003,Tyre_rubber,28
7882,Radial_car_tyre_stack_003/Stacked_car_tyre_008/Tread_block_027_685,Radial_car_tyre_stack_003,Tyre_rubber,28
7883,Radial_car_tyre_stack_003/Stacked_car_tyre_008/Tread_block_028_686,Radial_car_tyre_stack_003,Tyre_rubber,28
7884,Radial_car_tyre_stack_003/Stacked_car_tyre_008/Tread_block_029_687,Radial_car_tyre_stack_003,Tyre_rubber,28
7885,Radial_car_tyre_stack_003/Stacked_car_tyre_008/Tread_block_030_688,Radial_car_tyre_stack_003,Tyre_rubber,28
7886,Radial_car_tyre_stack_003/Stacked_car_tyre_008/Tread_block_031_689,Radial_car_tyre_stack_003,Tyre_rubber,28
7887,Radial_car_tyre_stack_003/Stacked_car_tyre_008/Tread_block_032_690,Radial_car_tyre_stack_003,Tyre_rubber,28
7888,Radial_car_tyre_stack_003/Stacked_car_tyre_008/Tread_block_033_691,Radial_car_tyre_stack_003,Tyre_rubber,28
7889,Radial_car_tyre_stack_003/Stacked_car_tyre_008/Tread_block_034_692,Radial_car_tyre_stack_003,Tyre_rubber,28
7890,Radial_car_tyre_stack_003/Stacked_car_tyre_008/Tread_block_035_693,Radial_car_tyre_stack_003,Tyre_rubber,28
7891,Radial_car_tyre_stack_003/Stacked_car_tyre_008/Tread_block_036_694,Radial_car_tyre_stack_003,Tyre_rubber,28
7892,Radial_car_tyre_stack_003/Stacked_car_tyre_008/Tread_block_037_695,Radial_car_tyre_stack_003,Tyre_rubber,28
7893,Radial_car_tyre_stack_003/Stacked_car_tyre_008/Tread_block_038_696,Radial_car_tyre_stack_003,Tyre_rubber,28
7894,Radial_car_tyre_stack_003/Stacked_car_tyre_008/Tread_block_039_697,Radial_car_tyre_stack_003,Tyre_rubber,28
7895,Radial_car_tyre_stack_003/Stacked_car_tyre_008/Tread_block_040_698,Radial_car_tyre_stack_003,Tyre_rubber,28
7896,Radial_car_tyre_stack_003/Stacked_car_tyre_008/Tread_block_041_699,Radial_car_tyre_stack_003,Tyre_rubber,28
7897,Radial_car_tyre_stack_003/Stacked_car_tyre_008/Tread_block_042_700,Radial_car_tyre_stack_003,Tyre_rubber,28
7898,Radial_car_tyre_stack_003/Stacked_car_tyre_008/Tread_block_043_701,Radial_car_tyre_stack_003,Tyre_rubber,28
7899,Radial_car_tyre_stack_003/Stacked_car_tyre_008/Tread_block_044_702,Radial_car_tyre_stack_003,Tyre_rubber,28
7900,Radial_car_tyre_stack_003/Stacked_car_tyre_008/Tread_block_045_703,Radial_car_tyre_stack_003,Tyre_rubber,28
7901,Radial_car_tyre_stack_003/Stacked_car_tyre_008/Tread_block_046_704,Radial_car_tyre_stack_003,Tyre_rubber,28
7902,Radial_car_tyre_stack_003/Stacked_car_tyre_008/Tread_block_047_705,Radial_car_tyre_stack_003,Tyre_rubber,28
7903,Radial_car_tyre_stack_003/Stacked_car_tyre_008/Tread_block_048_706,Radial_car_tyre_stack_003,Tyre_rubber,28
7904,Radial_car_tyre_stack_003/Stacked_car_tyre_008/Tread_block_049_707,Radial_car_tyre_stack_003,Tyre_rubber,28
7905,Radial_car_tyre_stack_003/Stacked_car_tyre_008/Tread_block_050_708,Radial_car_tyre_stack_003,Tyre_rubber,28
7906,Radial_car_tyre_stack_003/Stacked_car_tyre_008/Tread_block_051_709,Radial_car_tyre_stack_003,Tyre_rubber,28
7907,Radial_car_tyre_stack_003/Stacked_car_tyre_008/Tread_block_052_710,Radial_car_tyre_stack_003,Tyre_rubber,28
7908,Radial_car_tyre_stack_003/Stacked_car_tyre_008/Tread_block_053_711,Radial_car_tyre_stack_003,Tyre_rubber,28
7909,Radial_car_tyre_stack_003/Stacked_car_tyre_008/Tread_block_054_712,Radial_car_tyre_stack_003,Tyre_rubber,28
7910,Radial_car_tyre_stack_003/Stacked_car_tyre_008/Tread_block_055_713,Radial_car_tyre_stack_003,Tyre_rubber,28
7911,Radial_car_tyre_stack_003/Stacked_car_tyre_008/Tread_block_056_714,Radial_car_tyre_stack_003,Tyre_rubber,28
7912,Radial_car_tyre_stack_003/Stacked_car_tyre_008/Tread_block_057_715,Radial_car_tyre_stack_003,Tyre_rubber,28
7913,Radial_car_tyre_stack_003/Stacked_car_tyre_008/Tread_block_058_716,Radial_car_tyre_stack_003,Tyre_rubber,28
7914,Radial_car_tyre_stack_003/Stacked_car_tyre_008/Tread_block_059_717,Radial_car_tyre_stack_003,Tyre_rubber,28
7915,Radial_car_tyre_stack_003/Stacked_car_tyre_008/Tread_block_060_718,Radial_car_tyre_stack_003,Tyre_rubber,28
7916,Radial_car_tyre_stack_003/Stacked_car_tyre_008/Tread_block_061_719,Radial_car_tyre_stack_003,Tyre_rubber,28
7917,Radial_car_tyre_stack_003/Stacked_car_tyre_008/Tread_block_062_720,Radial_car_tyre_stack_003,Tyre_rubber,28
7918,Radial_car_tyre_stack_003/Stacked_car_tyre_008/Tread_block_063_721,Radial_car_tyre_stack_003,Tyre_rubber,28
7919,Radial_car_tyre_stack_003/Stacked_car_tyre_008/Tread_block_064_722,Radial_car_tyre_stack_003,Tyre_rubber,28
7920,Radial_car_tyre_stack_003/Stacked_car_tyre_008/Tread_block_065_723,Radial_car_tyre_stack_003,Tyre_rubber,28
7921,Radial_car_tyre_stack_003/Stacked_car_tyre_008/Tread_block_066_724,Radial_car_tyre_stack_003,Tyre_rubber,28
7922,Radial_car_tyre_stack_003/Stacked_car_tyre_008/Tread_block_067_725,Radial_car_tyre_stack_003,Tyre_rubber,28
7923,Radial_car_tyre_stack_003/Stacked_car_tyre_008/Tread_block_068_726,Radial_car_tyre_stack_003,Tyre_rubber,28
7924,Radial_car_tyre_stack_003/Stacked_car_tyre_008/Tread_block_069_727,Radial_car_tyre_stack_003,Tyre_rubber,28
7925,Radial_car_tyre_stack_003/Stacked_car_tyre_008/Tread_block_070_728,Radial_car_tyre_stack_003,Tyre_rubber,28
7926,Radial_car_tyre_stack_003/Stacked_car_tyre_008/Tread_block_071_729,Radial_car_tyre_stack_003,Tyre_rubber,28
7927,Radial_car_tyre_stack_003/Stacked_car_tyre_008/Tread_block_072_730,Radial_car_tyre_stack_003,Tyre_rubber,28
7928,Radial_car_tyre_stack_003/Stacked_car_tyre_008/Tread_block_073_731,Radial_car_tyre_stack_003,Tyre_rubber,28
7929,Radial_car_tyre_stack_003/Stacked_car_tyre_008/Tread_block_074_732,Radial_car_tyre_stack_003,Tyre_rubber,28
7930,Radial_car_tyre_stack_003/Stacked_car_tyre_008/Tread_block_075_733,Radial_car_tyre_stack_003,Tyre_rubber,28
7931,Radial_car_tyre_stack_003/Stacked_car_tyre_008/Tread_block_076_734,Radial_car_tyre_stack_003,Tyre_rubber,28
7932,Radial_car_tyre_stack_003/Stacked_car_tyre_008/Tread_block_077_735,Radial_car_tyre_stack_003,Tyre_rubber,28
7933,Radial_car_tyre_stack_003/Stacked_car_tyre_008/Tread_block_078_736,Radial_car_tyre_stack_003,Tyre_rubber,28
7934,Radial_car_tyre_stack_003/Stacked_car_tyre_008/Tread_block_079_737,Radial_car_tyre_stack_003,Tyre_rubber,28
7935,Radial_car_tyre_stack_003/Stacked_car_tyre_008/Tread_block_080_738,Radial_car_tyre_stack_003,Tyre_rubber,28
7936,Radial_car_tyre_stack_003/Stacked_car_tyre_008/Tread_block_081_739,Radial_car_tyre_stack_003,Tyre_rubber,28
7937,Radial_car_tyre_stack_003/Stacked_car_tyre_008/Tread_block_082_740,Radial_car_tyre_stack_003,Tyre_rubber,28
7938,Radial_car_tyre_stack_003/Stacked_car_tyre_008/Tread_block_083_741,Radial_car_tyre_stack_003,Tyre_rubber,28
7939,Radial_car_tyre_stack_003/Stacked_car_tyre_008/Tread_block_084_742,Radial_car_tyre_stack_003,Tyre_rubber,28
7940,Radial_car_tyre_stack_003/Stacked_car_tyre_008/Tread_block_085_743,Radial_car_tyre_stack_003,Tyre_rubber,28
7941,Radial_car_tyre_stack_003/Stacked_car_tyre_008/Tread_block_086_744,Radial_car_tyre_stack_003,Tyre_rubber,28
7942,Radial_car_tyre_stack_003/Stacked_car_tyre_008/Tread_block_087_745,Radial_car_tyre_stack_003,Tyre_rubber,28
7943,Radial_car_tyre_stack_003/Stacked_car_tyre_008/Tread_block_088_746,Radial_car_tyre_stack_003,Tyre_rubber,28
7944,Radial_car_tyre_stack_003/Stacked_car_tyre_008/Tread_block_089_747,Radial_car_tyre_stack_003,Tyre_rubber,28
7945,Radial_car_tyre_stack_003/Stacked_car_tyre_008/Tread_block_090_748,Radial_car_tyre_stack_003,Tyre_rubber,28
7946,Radial_car_tyre_stack_003/Stacked_car_tyre_008/Tread_block_091_749,Radial_car_tyre_stack_003,Tyre_rubber,28
7947,Radial_car_tyre_stack_003/Stacked_car_tyre_008/Tread_block_092_750,Radial_car_tyre_stack_003,Tyre_rubber,28
7948,Radial_car_tyre_stack_003/Stacked_car_tyre_008/Tread_block_093_751,Radial_car_tyre_stack_003,Tyre_rubber,28
7949,Radial_car_tyre_stack_003/Stacked_car_tyre_008/Tread_block_094_752,Radial_car_tyre_stack_003,Tyre_rubber,28
7950,Radial_car_tyre_stack_003/Stacked_car_tyre_008/Tread_block_095_753,Radial_car_tyre_stack_003,Tyre_rubber,28
7951,Radial_car_tyre_stack_003/Stacked_car_tyre_008/Tread_block_096_754,Radial_car_tyre_stack_003,Tyre_rubber,28
7952,Radial_car_tyre_stack_003/Stacked_car_tyre_008/Tread_block_097_755,Radial_car_tyre_stack_003,Tyre_rubber,28
7953,Radial_car_tyre_stack_003/Stacked_car_tyre_008/Tread_block_098_756,Radial_car_tyre_stack_003,Tyre_rubber,28
7954,Radial_car_tyre_stack_003/Stacked_car_tyre_008/Tread_block_099_757,Radial_car_tyre_stack_003,Tyre_rubber,28
7955,Radial_car_tyre_stack_003/Stacked_car_tyre_008/Tread_block_100_758,Radial_car_tyre_stack_003,Tyre_rubber,28
7956,Radial_car_tyre_stack_003/Stacked_car_tyre_008/Tread_block_101_759,Radial_car_tyre_stack_003,Tyre_rubber,28
7957,Radial_car_tyre_stack_003/Stacked_car_tyre_008/Tread_block_102_760,Radial_car_tyre_stack_003,Tyre_rubber,28
7958,Radial_car_tyre_stack_003/Stacked_car_tyre_008/Tread_block_103_761,Radial_car_tyre_stack_003,Tyre_rubber,28
7959,Radial_car_tyre_stack_003/Stacked_car_tyre_008/Tread_block_104_762,Radial_car_tyre_stack_003,Tyre_rubber,28
7960,Radial_car_tyre_stack_003/Stacked_car_tyre_008/Tread_block_105_763,Radial_car_tyre_stack_003,Tyre_rubber,28
7961,Radial_car_tyre_stack_003/Stacked_car_tyre_008/Tread_block_106_764,Radial_car_tyre_stack_003,Tyre_rubber,28
7962,Radial_car_tyre_stack_003/Stacked_car_tyre_008/Tread_block_107_765,Radial_car_tyre_stack_003,Tyre_rubber,28
7963,Radial_car_tyre_stack_003/Stacked_car_tyre_008/Tread_block_108_766,Radial_car_tyre_stack_003,Tyre_rubber,28
7964,Radial_car_tyre_stack_003/Stacked_car_tyre_008/Tread_block_109_767,Radial_car_tyre_stack_003,Tyre_rubber,28
7965,Radial_car_tyre_stack_003/Stacked_car_tyre_008/Tread_block_110_768,Radial_car_tyre_stack_003,Tyre_rubber,28
7966,Radial_car_tyre_stack_003/Stacked_car_tyre_008/Tread_block_111_769,Radial_car_tyre_stack_003,Tyre_rubber,28
7967,Radial_car_tyre_stack_003/Stacked_car_tyre_008/Tread_block_112_770,Radial_car_tyre_stack_003,Tyre_rubber,28
7968,Radial_car_tyre_stack_003/Stacked_car_tyre_008/Tread_block_113_771,Radial_car_tyre_stack_003,Tyre_rubber,28
7969,Radial_car_tyre_stack_003/Stacked_car_tyre_008/Tread_block_114_772,Radial_car_tyre_stack_003,Tyre_rubber,28
7970,Radial_car_tyre_stack_003/Stacked_car_tyre_008/Tread_block_115_773,Radial_car_tyre_stack_003,Tyre_rubber,28
7971,Radial_car_tyre_stack_003/Stacked_car_tyre_008/Tread_block_116_774,Radial_car_tyre_stack_003,Tyre_rubber,28
7972,Radial_car_tyre_stack_003/Stacked_car_tyre_008/Tread_block_117_775,Radial_car_tyre_stack_003,Tyre_rubber,28
7973,Radial_car_tyre_stack_003/Stacked_car_tyre_008/Tread_block_118_776,Radial_car_tyre_stack_003,Tyre_rubber,28
7974,Radial_car_tyre_stack_003/Stacked_car_tyre_008/Tread_block_119_777,Radial_car_tyre_stack_003,Tyre_rubber,28
7975,Radial_car_tyre_stack_003/Stacked_car_tyre_008/Tread_block_120_778,Radial_car_tyre_stack_003,Tyre_rubber,28
7976,Radial_car_tyre_stack_003/Stacked_car_tyre_008/Tread_block_121_779,Radial_car_tyre_stack_003,Tyre_rubber,28
7977,Radial_car_tyre_stack_003/Stacked_car_tyre_008/Tread_block_122_780,Radial_car_tyre_stack_003,Tyre_rubber,28
7978,Radial_car_tyre_stack_003/Stacked_car_tyre_008/Tread_block_123_781,Radial_car_tyre_stack_003,Tyre_rubber,28
7979,Radial_car_tyre_stack_003/Stacked_car_tyre_008/Tread_block_124_782,Radial_car_tyre_stack_003,Tyre_rubber,28
7980,Radial_car_tyre_stack_003/Stacked_car_tyre_008/Tread_block_125_783,Radial_car_tyre_stack_003,Tyre_rubber,28
7981,Radial_car_tyre_stack_003/Stacked_car_tyre_008/Tread_block_126_784,Radial_car_tyre_stack_003,Tyre_rubber,28
7982,Radial_car_tyre_stack_003/Stacked_car_tyre_008/Tread_block_127_785,Radial_car_tyre_stack_003,Tyre_rubber,28
7983,Radial_car_tyre_stack_003/Stacked_car_tyre_008/Tread_block_128_786,Radial_car_tyre_stack_003,Tyre_rubber,28
7984,Radial_car_tyre_stack_003/Stacked_car_tyre_008/Tread_block_129_787,Radial_car_tyre_stack_003,Tyre_rubber,28
7985,Radial_car_tyre_stack_003/Stacked_car_tyre_008/Tread_block_130_788,Radial_car_tyre_stack_003,Tyre_rubber,28
7986,Radial_car_tyre_stack_003/Stacked_car_tyre_008/Tread_block_131_789,Radial_car_tyre_stack_003,Tyre_rubber,28
7987,Radial_car_tyre_stack_003/Stacked_car_tyre_008/Tread_block_132_790,Radial_car_tyre_stack_003,Tyre_rubber,28
7988,Radial_car_tyre_stack_003/Stacked_car_tyre_008/Tread_block_133_791,Radial_car_tyre_stack_003,Tyre_rubber,28
7989,Radial_car_tyre_stack_003/Stacked_car_tyre_008/Tread_block_134_792,Radial_car_tyre_stack_003,Tyre_rubber,28
7990,Radial_car_tyre_stack_003/Stacked_car_tyre_008/Tread_block_135_793,Radial_car_tyre_stack_003,Tyre_rubber,28
7991,Radial_car_tyre_stack_003/Stacked_car_tyre_008/Tread_block_136_794,Radial_car_tyre_stack_003,Tyre_rubber,28
7992,Radial_car_tyre_stack_003/Stacked_car_tyre_008/Tread_block_137_795,Radial_car_tyre_stack_003,Tyre_rubber,28
7993,Radial_car_tyre_stack_003/Stacked_car_tyre_008/Tread_block_138_796,Radial_car_tyre_stack_003,Tyre_rubber,28
7994,Radial_car_tyre_stack_003/Stacked_car_tyre_008/Tread_block_139_797,Radial_car_tyre_stack_003,Tyre_rubber,28
7995,Radial_car_tyre_stack_003/Stacked_car_tyre_008/Tread_block_140_798,Radial_car_tyre_stack_003,Tyre_rubber,28
7996,Radial_car_tyre_stack_003/Stacked_car_tyre_008/Tread_block_141_799,Radial_car_tyre_stack_003,Tyre_rubber,28
7997,Radial_car_tyre_stack_003/Stacked_car_tyre_008/Tread_block_142_800,Radial_car_tyre_stack_003,Tyre_rubber,28
7998,Radial_car_tyre_stack_003/Stacked_car_tyre_008/Tread_block_143_801,Radial_car_tyre_stack_003,Tyre_rubber,28
7999,Radial_car_tyre_stack_003/Stacked_car_tyre_008/Tread_block_144_802,Radial_car_tyre_stack_003,Tyre_rubber,28
8000,Radial_car_tyre_stack_003/Stacked_car_tyre_008/Tread_block_145_803,Radial_car_tyre_stack_003,Tyre_rubber,28
8001,Radial_car_tyre_stack_003/Stacked_car_tyre_008/Tread_block_146_804,Radial_car_tyre_stack_003,Tyre_rubber,28
8002,Radial_car_tyre_stack_003/Stacked_car_tyre_008/Tread_block_147_805,Radial_car_tyre_stack_003,Tyre_rubber,28
8003,Radial_car_tyre_stack_003/Stacked_car_tyre_008/Tread_block_148_806,Radial_car_tyre_stack_003,Tyre_rubber,28
8004,Radial_car_tyre_stack_003/Stacked_car_tyre_008/Tread_block_149_807,Radial_car_tyre_stack_003,Tyre_rubber,28
8005,Radial_car_tyre_stack_003/Stacked_car_tyre_008/Tread_block_150_808,Radial_car_tyre_stack_003,Tyre_rubber,28
8006,Radial_car_tyre_stack_003/Stacked_car_tyre_008/Tread_block_151_809,Radial_car_tyre_stack_003,Tyre_rubber,28
8007,Radial_car_tyre_stack_003/Stacked_car_tyre_008/Tread_block_152_810,Radial_car_tyre_stack_003,Tyre_rubber,28
8008,Radial_car_tyre_stack_003/Stacked_car_tyre_008/Tread_block_153_811,Radial_car_tyre_stack_003,Tyre_rubber,28
8009,Radial_car_tyre_stack_003/Stacked_car_tyre_008/Tread_block_154_812,Radial_car_tyre_stack_003,Tyre_rubber,28
8010,Radial_car_tyre_stack_003/Stacked_car_tyre_008/Tread_block_155_813,Radial_car_tyre_stack_003,Tyre_rubber,28
8011,Radial_car_tyre_stack_003/Stacked_car_tyre_008/Tread_block_156_814,Radial_car_tyre_stack_003,Tyre_rubber,28
8012,Radial_car_tyre_stack_003/Stacked_car_tyre_008/Tread_block_157_815,Radial_car_tyre_stack_003,Tyre_rubber,28
8013,Radial_car_tyre_stack_003/Stacked_car_tyre_008/Tread_block_158_816,Radial_car_tyre_stack_003,Tyre_rubber,28
8014,Radial_car_tyre_stack_003/Stacked_car_tyre_008/Tread_block_159_817,Radial_car_tyre_stack_003,Tyre_rubber,28
8015,Radial_car_tyre_stack_003/Stacked_car_tyre_008/Tread_block_160_818,Radial_car_tyre_stack_003,Tyre_rubber,28
8016,Radial_car_tyre_stack_003/Stacked_car_tyre_008/Tread_block_161_819,Radial_car_tyre_stack_003,Tyre_rubber,28
8017,Radial_car_tyre_stack_003/Stacked_car_tyre_008/Tread_block_162_820,Radial_car_tyre_stack_003,Tyre_rubber,28
8018,Radial_car_tyre_stack_003/Stacked_car_tyre_008/Tread_block_163_821,Radial_car_tyre_stack_003,Tyre_rubber,28
8019,Radial_car_tyre_stack_003/Stacked_car_tyre_008/Tread_block_164_822,Radial_car_tyre_stack_003,Tyre_rubber,28
8020,Radial_car_tyre_stack_003/Stacked_car_tyre_008/Tread_block_165_823,Radial_car_tyre_stack_003,Tyre_rubber,28
8021,Radial_car_tyre_stack_003/Stacked_car_tyre_008/Tread_block_166_824,Radial_car_tyre_stack_003,Tyre_rubber,28
8022,Radial_car_tyre_stack_003/Stacked_car_tyre_008/Tread_block_167_825,Radial_car_tyre_stack_003,Tyre_rubber,28
8023,Radial_car_tyre_stack_003/Stacked_car_tyre_008/Tread_block_168_826,Radial_car_tyre_stack_003,Tyre_rubber,28
8024,Radial_car_tyre_stack_003/Stacked_car_tyre_008/Tread_block_169_827,Radial_car_tyre_stack_003,Tyre_rubber,28
8025,Radial_car_tyre_stack_003/Stacked_car_tyre_008/Tread_block_170_828,Radial_car_tyre_stack_003,Tyre_rubber,28
8026,Radial_car_tyre_stack_003/Stacked_car_tyre_008/Tread_block_171_829,Radial_car_tyre_stack_003,Tyre_rubber,28
8027,Radial_car_tyre_stack_003/Stacked_car_tyre_008/Tread_block_172_830,Radial_car_tyre_stack_003,Tyre_rubber,28
8028,Radial_car_tyre_stack_003/Stacked_car_tyre_008/Tread_block_173_831,Radial_car_tyre_stack_003,Tyre_rubber,28
8029,Radial_car_tyre_stack_003/Stacked_car_tyre_008/Tread_block_174_832,Radial_car_tyre_stack_003,Tyre_rubber,28
8030,Radial_car_tyre_stack_003/Stacked_car_tyre_008/Tread_block_175_833,Radial_car_tyre_stack_003,Tyre_rubber,28
8031,Radial_car_tyre_stack_003/Stacked_car_tyre_008/Tread_block_176_834,Radial_car_tyre_stack_003,Tyre_rubber,28
8032,Radial_car_tyre_stack_003/Stacked_car_tyre_008/Tread_block_177_835,Radial_car_tyre_stack_003,Tyre_rubber,28
8033,Radial_car_tyre_stack_003/Stacked_car_tyre_008/Tread_block_178_836,Radial_car_tyre_stack_003,Tyre_rubber,28
8034,Radial_car_tyre_stack_003/Stacked_car_tyre_008/Tread_block_179_837,Radial_car_tyre_stack_003,Tyre_rubber,28
8035,Radial_car_tyre_stack_003/Stacked_car_tyre_008/Tread_block_180_838,Radial_car_tyre_stack_003,Tyre_rubber,28
8036,Radial_car_tyre_stack_003/Stacked_car_tyre_008/Tread_block_181_839,Radial_car_tyre_stack_003,Tyre_rubber,28
8037,Radial_car_tyre_stack_003/Stacked_car_tyre_008/Tread_block_182_840,Radial_car_tyre_stack_003,Tyre_rubber,28
8038,Radial_car_tyre_stack_003/Stacked_car_tyre_008/Tread_block_183_841,Radial_car_tyre_stack_003,Tyre_rubber,28
8039,Radial_car_tyre_stack_003/Stacked_car_tyre_008/Tread_block_184_842,Radial_car_tyre_stack_003,Tyre_rubber,28
8040,Radial_car_tyre_stack_003/Stacked_car_tyre_008/Tread_block_185_843,Radial_car_tyre_stack_003,Tyre_rubber,28
8041,Radial_car_tyre_stack_003/Stacked_car_tyre_008/Tread_block_186_844,Radial_car_tyre_stack_003,Tyre_rubber,28
8042,Radial_car_tyre_stack_003/Stacked_car_tyre_008/Tread_block_187_845,Radial_car_tyre_stack_003,Tyre_rubber,28
8043,Radial_car_tyre_stack_003/Stacked_car_tyre_008/Tread_block_188_846,Radial_car_tyre_stack_003,Tyre_rubber,28
8044,Radial_car_tyre_stack_003/Stacked_car_tyre_008/Tread_block_189_847,Radial_car_tyre_stack_003,Tyre_rubber,28
8045,Radial_car_tyre_stack_003/Stacked_car_tyre_008/Tread_block_190_848,Radial_car_tyre_stack_003,Tyre_rubber,28
8046,Radial_car_tyre_stack_003/Stacked_car_tyre_008/Tread_block_191_849,Radial_car_tyre_stack_003,Tyre_rubber,28
8047,Radial_car_tyre_stack_003/Stacked_car_tyre_008/Tread_block_192_850,Radial_car_tyre_stack_003,Tyre_rubber,28
8048,Radial_car_tyre_stack_003/Stacked_car_tyre_008/Tread_block_193_851,Radial_car_tyre_stack_003,Tyre_rubber,28
8049,Radial_car_tyre_stack_003/Stacked_car_tyre_008/Tread_block_194_852,Radial_car_tyre_stack_003,Tyre_rubber,28
8050,Radial_car_tyre_stack_003/Stacked_car_tyre_008/Tread_block_195_853,Radial_car_tyre_stack_003,Tyre_rubber,28
8051,Radial_car_tyre_stack_003/Stacked_car_tyre_008/Tread_block_196_854,Radial_car_tyre_stack_003,Tyre_rubber,28
8052,Radial_car_tyre_stack_003/Stacked_car_tyre_008/Tread_block_197_855,Radial_car_tyre_stack_003,Tyre_rubber,28
8053,Radial_car_tyre_stack_003/Stacked_car_tyre_008/Tread_block_198_856,Radial_car_tyre_stack_003,Tyre_rubber,28
8054,Radial_car_tyre_stack_003/Stacked_car_tyre_008/Tread_block_199_857,Radial_car_tyre_stack_003,Tyre_rubber,28
8055,Radial_car_tyre_stack_003/Stacked_car_tyre_008/Tread_block_200_858,Radial_car_tyre_stack_003,Tyre_rubber,28
8056,Radial_car_tyre_stack_003/Stacked_car_tyre_008/Tread_block_201_859,Radial_car_tyre_stack_003,Tyre_rubber,28
8057,Radial_car_tyre_stack_003/Stacked_car_tyre_008/Tread_block_202_860,Radial_car_tyre_stack_003,Tyre_rubber,28
8058,Radial_car_tyre_stack_003/Stacked_car_tyre_008/Tread_block_203_861,Radial_car_tyre_stack_003,Tyre_rubber,28
8059,Radial_car_tyre_stack_003/Stacked_car_tyre_008/Tread_block_204_862,Radial_car_tyre_stack_003,Tyre_rubber,28
8060,Radial_car_tyre_stack_003/Stacked_car_tyre_008/Tread_block_205_863,Radial_car_tyre_stack_003,Tyre_rubber,28
8061,Radial_car_tyre_stack_003/Stacked_car_tyre_008/Tread_block_206_864,Radial_car_tyre_stack_003,Tyre_rubber,28
8062,Radial_car_tyre_stack_003/Stacked_car_tyre_008/Tread_block_207_865,Radial_car_tyre_stack_003,Tyre_rubber,28
8063,Radial_car_tyre_stack_003/Stacked_car_tyre_008/Tread_block_208_866,Radial_car_tyre_stack_003,Tyre_rubber,28
8064,Radial_car_tyre_stack_003/Stacked_car_tyre_008/Tread_block_209_867,Radial_car_tyre_stack_003,Tyre_rubber,28
8065,Radial_car_tyre_stack_003/Stacked_car_tyre_008/Tread_block_210_868,Radial_car_tyre_stack_003,Tyre_rubber,28
8066,Radial_car_tyre_stack_003/Stacked_car_tyre_008/Tread_block_211_869,Radial_car_tyre_stack_003,Tyre_rubber,28
8067,Radial_car_tyre_stack_003/Stacked_car_tyre_008/Tread_block_212_870,Radial_car_tyre_stack_003,Tyre_rubber,28
8068,Radial_car_tyre_stack_003/Stacked_car_tyre_008/Tread_block_213_871,Radial_car_tyre_stack_003,Tyre_rubber,28
8069,Radial_car_tyre_stack_003/Stacked_car_tyre_008/Tread_block_214_872,Radial_car_tyre_stack_003,Tyre_rubber,28
8070,Radial_car_tyre_stack_003/Stacked_car_tyre_008/Tread_block_215_873,Radial_car_tyre_stack_003,Tyre_rubber,28
8071,Radial_car_tyre_stack_003/Stacked_car_tyre_008/Tread_block_216_874,Radial_car_tyre_stack_003,Tyre_rubber,28
8072,Radial_car_tyre_stack_003/Stacked_car_tyre_008/Tread_block_217_875,Radial_car_tyre_stack_003,Tyre_rubber,28
8073,Radial_car_tyre_stack_003/Stacked_car_tyre_008/Tread_block_218_876,Radial_car_tyre_stack_003,Tyre_rubber,28
8074,Radial_car_tyre_stack_003/Stacked_car_tyre_008/Tread_block_219_877,Radial_car_tyre_stack_003,Tyre_rubber,28
8075,Radial_car_tyre_stack_003/Stacked_car_tyre_008/Tread_block_220_878,Radial_car_tyre_stack_003,Tyre_rubber,28
8076,Radial_car_tyre_stack_003/Stacked_car_tyre_008/Tread_block_221_879,Radial_car_tyre_stack_003,Tyre_rubber,28
8077,Radial_car_tyre_stack_003/Stacked_car_tyre_008/Tread_block_222_880,Radial_car_tyre_stack_003,Tyre_rubber,28
8078,Radial_car_tyre_stack_003/Stacked_car_tyre_008/Tread_block_223_881,Radial_car_tyre_stack_003,Tyre_rubber,28
8079,Radial_car_tyre_stack_003/Stacked_car_tyre_008/Tread_block_224_882,Radial_car_tyre_stack_003,Tyre_rubber,28
8080,Radial_car_tyre_stack_003/Stacked_car_tyre_008/Tread_block_225_883,Radial_car_tyre_stack_003,Tyre_rubber,28
8081,Radial_car_tyre_stack_003/Stacked_car_tyre_008/Tread_block_226_884,Radial_car_tyre_stack_003,Tyre_rubber,28
8082,Radial_car_tyre_stack_003/Stacked_car_tyre_008/Tread_block_227_885,Radial_car_tyre_stack_003,Tyre_rubber,28
8083,Radial_car_tyre_stack_003/Stacked_car_tyre_008/Tread_block_228_886,Radial_car_tyre_stack_003,Tyre_rubber,28
8084,Radial_car_tyre_stack_003/Stacked_car_tyre_008/Tread_block_229_887,Radial_car_tyre_stack_003,Tyre_rubber,28
8085,Radial_car_tyre_stack_003/Stacked_car_tyre_008/Tread_block_230_888,Radial_car_tyre_stack_003,Tyre_rubber,28
8086,Radial_car_tyre_stack_003/Stacked_car_tyre_008/Tread_block_231_889,Radial_car_tyre_stack_003,Tyre_rubber,28
8087,Radial_car_tyre_stack_003/Stacked_car_tyre_008/Tread_block_232_890,Radial_car_tyre_stack_003,Tyre_rubber,28
8088,Radial_car_tyre_stack_003/Stacked_car_tyre_008/Tread_block_233_891,Radial_car_tyre_stack_003,Tyre_rubber,28
8089,Radial_car_tyre_stack_003/Stacked_car_tyre_008/Tread_block_234_892,Radial_car_tyre_stack_003,Tyre_rubber,28
8090,Radial_car_tyre_stack_003/Stacked_car_tyre_008/Tread_block_235_893,Radial_car_tyre_stack_003,Tyre_rubber,28
8091,Radial_car_tyre_stack_003/Stacked_car_tyre_008/Tread_block_236_894,Radial_car_tyre_stack_003,Tyre_rubber,28
8092,Radial_car_tyre_stack_003/Stacked_car_tyre_008/Tread_block_237_895,Radial_car_tyre_stack_003,Tyre_rubber,28
8093,Radial_car_tyre_stack_003/Stacked_car_tyre_008/Tread_block_238_896,Radial_car_tyre_stack_003,Tyre_rubber,28
8094,Radial_car_tyre_stack_003/Stacked_car_tyre_008/Tread_block_239_897,Radial_car_tyre_stack_003,Tyre_rubber,28
8095,Radial_car_tyre_stack_003/Stacked_car_tyre_008/Tread_block_240_898,Radial_car_tyre_stack_003,Tyre_rubber,28
8096,Radial_car_tyre_stack_003/Stacked_car_tyre_008/Tread_block_241_899,Radial_car_tyre_stack_003,Tyre_rubber,28
8097,Radial_car_tyre_stack_003/Stacked_car_tyre_008/Tread_block_242_900,Radial_car_tyre_stack_003,Tyre_rubber,28
8098,Radial_car_tyre_stack_003/Stacked_car_tyre_008/Tread_block_243_901,Radial_car_tyre_stack_003,Tyre_rubber,28
8099,Radial_car_tyre_stack_003/Stacked_car_tyre_008/Tread_block_244_902,Radial_car_tyre_stack_003,Tyre_rubber,28
8100,Radial_car_tyre_stack_003/Stacked_car_tyre_008/Tread_block_245_903,Radial_car_tyre_stack_003,Tyre_rubber,28
8101,Radial_car_tyre_stack_003/Stacked_car_tyre_008/Tread_block_246_904,Radial_car_tyre_stack_003,Tyre_rubber,28
8102,Radial_car_tyre_stack_003/Stacked_car_tyre_008/Tread_block_247_905,Radial_car_tyre_stack_003,Tyre_rubber,28
8103,Radial_car_tyre_stack_003/Stacked_car_tyre_008/Tread_block_248_906,Radial_car_tyre_stack_003,Tyre_rubber,28
8104,Radial_car_tyre_stack_003/Stacked_car_tyre_008/Tread_block_249_907,Radial_car_tyre_stack_003,Tyre_rubber,28
8105,Radial_car_tyre_stack_003/Stacked_car_tyre_008/Tread_block_250_908,Radial_car_tyre_stack_003,Tyre_rubber,28
8106,Radial_car_tyre_stack_003/Stacked_car_tyre_008/Tread_block_251_909,Radial_car_tyre_stack_003,Tyre_rubber,28
8107,Radial_car_tyre_stack_003/Stacked_car_tyre_008/Tread_block_252_910,Radial_car_tyre_stack_003,Tyre_rubber,28
8108,Radial_car_tyre_stack_003/Stacked_car_tyre_008/Tread_block_253_911,Radial_car_tyre_stack_003,Tyre_rubber,28
8109,Radial_car_tyre_stack_003/Stacked_car_tyre_008/Tread_block_254_912,Radial_car_tyre_stack_003,Tyre_rubber,28
8110,Radial_car_tyre_stack_003/Stacked_car_tyre_008/Tread_block_255_913,Radial_car_tyre_stack_003,Tyre_rubber,28
8111,Radial_car_tyre_stack_003/Stacked_car_tyre_008/Tread_block_256_914,Radial_car_tyre_stack_003,Tyre_rubber,28
8112,Radial_car_tyre_stack_003/Stacked_car_tyre_008/Tread_block_257_915,Radial_car_tyre_stack_003,Tyre_rubber,28
8113,Radial_car_tyre_stack_003/Stacked_car_tyre_008/Tread_block_258_916,Radial_car_tyre_stack_003,Tyre_rubber,28
8114,Radial_car_tyre_stack_003/Stacked_car_tyre_008/Tread_block_259_917,Radial_car_tyre_stack_003,Tyre_rubber,28
8115,Radial_car_tyre_stack_003/Stacked_car_tyre_008/Tread_block_260_918,Radial_car_tyre_stack_003,Tyre_rubber,28
8116,Radial_car_tyre_stack_003/Stacked_car_tyre_008/Tread_block_261_919,Radial_car_tyre_stack_003,Tyre_rubber,28
8117,Radial_car_tyre_stack_003/Stacked_car_tyre_008/Tread_block_262_920,Radial_car_tyre_stack_003,Tyre_rubber,28
8118,Radial_car_tyre_stack_003/Stacked_car_tyre_008/Tread_block_263_921,Radial_car_tyre_stack_003,Tyre_rubber,28
8119,Radial_car_tyre_stack_003/Stacked_car_tyre_008/Tread_block_264_922,Radial_car_tyre_stack_003,Tyre_rubber,28
8120,Radial_car_tyre_stack_003/Stacked_car_tyre_008/Tread_block_265_923,Radial_car_tyre_stack_003,Tyre_rubber,28
8121,Radial_car_tyre_stack_003/Stacked_car_tyre_008/Tread_block_266_924,Radial_car_tyre_stack_003,Tyre_rubber,28
8122,Radial_car_tyre_stack_003/Stacked_car_tyre_008/Tread_block_267_925,Radial_car_tyre_stack_003,Tyre_rubber,28
8123,Radial_car_tyre_stack_003/Stacked_car_tyre_008/Tread_block_268_926,Radial_car_tyre_stack_003,Tyre_rubber,28
8124,Radial_car_tyre_stack_003/Stacked_car_tyre_008/Tread_block_269_927,Radial_car_tyre_stack_003,Tyre_rubber,28
8125,Radial_car_tyre_stack_003/Stacked_car_tyre_008/Tread_block_270_928,Radial_car_tyre_stack_003,Tyre_rubber,28
8126,Radial_car_tyre_stack_003/Stacked_car_tyre_008/Tread_block_271_929,Radial_car_tyre_stack_003,Tyre_rubber,28
8127,Radial_car_tyre_stack_003/Stacked_car_tyre_008/Tread_block_272_930,Radial_car_tyre_stack_003,Tyre_rubber,28
8128,Radial_car_tyre_stack_003/Stacked_car_tyre_008/Tread_block_273_931,Radial_car_tyre_stack_003,Tyre_rubber,28
8129,Radial_car_tyre_stack_003/Stacked_car_tyre_008/Tread_block_274_932,Radial_car_tyre_stack_003,Tyre_rubber,28
8130,Radial_car_tyre_stack_003/Stacked_car_tyre_008/Tread_block_275_933,Radial_car_tyre_stack_003,Tyre_rubber,28
8131,Radial_car_tyre_stack_003/Stacked_car_tyre_008/Tread_block_276_934,Radial_car_tyre_stack_003,Tyre_rubber,28
8132,Radial_car_tyre_stack_003/Stacked_car_tyre_008/Tread_block_277_935,Radial_car_tyre_stack_003,Tyre_rubber,28
8133,Radial_car_tyre_stack_003/Stacked_car_tyre_008/Tread_block_278_936,Radial_car_tyre_stack_003,Tyre_rubber,28
8134,Radial_car_tyre_stack_003/Stacked_car_tyre_008/Tread_block_279_937,Radial_car_tyre_stack_003,Tyre_rubber,28
8135,Radial_car_tyre_stack_003/Stacked_car_tyre_008/Tread_block_280_938,Radial_car_tyre_stack_003,Tyre_rubber,28
8136,Radial_car_tyre_stack_003/Stacked_car_tyre_008/Tread_block_281_939,Radial_car_tyre_stack_003,Tyre_rubber,28
8137,Radial_car_tyre_stack_003/Stacked_car_tyre_008/Tread_block_282_940,Radial_car_tyre_stack_003,Tyre_rubber,28
8138,Radial_car_tyre_stack_003/Stacked_car_tyre_008/Tread_block_283_941,Radial_car_tyre_stack_003,Tyre_rubber,28
8139,Radial_car_tyre_stack_003/Stacked_car_tyre_008/Tread_block_284_942,Radial_car_tyre_stack_003,Tyre_rubber,28
8140,Radial_car_tyre_stack_003/Stacked_car_tyre_008/Tread_block_285_943,Radial_car_tyre_stack_003,Tyre_rubber,28
8141,Radial_car_tyre_stack_003/Stacked_car_tyre_008/Tread_block_286_944,Radial_car_tyre_stack_003,Tyre_rubber,28
8142,Radial_car_tyre_stack_003/Stacked_car_tyre_008/Tread_block_287_945,Radial_car_tyre_stack_003,Tyre_rubber,28
8143,Radial_car_tyre_stack_003/Stacked_car_tyre_008/Tread_block_288_946,Radial_car_tyre_stack_003,Tyre_rubber,28
8144,Radial_car_tyre_stack_003/Stacked_car_tyre_008/Tread_block_289_947,Radial_car_tyre_stack_003,Tyre_rubber,28
8145,Radial_car_tyre_stack_003/Stacked_car_tyre_008/Tread_block_290_948,Radial_car_tyre_stack_003,Tyre_rubber,28
8146,Radial_car_tyre_stack_003/Stacked_car_tyre_008/Tread_block_291_949,Radial_car_tyre_stack_003,Tyre_rubber,28
8147,Radial_car_tyre_stack_003/Stacked_car_tyre_008/Tread_block_292_950,Radial_car_tyre_stack_003,Tyre_rubber,28
8148,Radial_car_tyre_stack_003/Stacked_car_tyre_008/Tread_block_293_951,Radial_car_tyre_stack_003,Tyre_rubber,28
8149,Radial_car_tyre_stack_003/Stacked_car_tyre_008/Tread_block_294_952,Radial_car_tyre_stack_003,Tyre_rubber,28
8150,Radial_car_tyre_stack_003/Stacked_car_tyre_008/Tread_block_295_953,Radial_car_tyre_stack_003,Tyre_rubber,28
8151,Radial_car_tyre_stack_003/Stacked_car_tyre_008/Tread_block_296_954,Radial_car_tyre_stack_003,Tyre_rubber,28
8152,Radial_car_tyre_stack_003/Stacked_car_tyre_008/Tread_block_297_955,Radial_car_tyre_stack_003,Tyre_rubber,28
8153,Radial_car_tyre_stack_003/Stacked_car_tyre_008/Tread_block_298_956,Radial_car_tyre_stack_003,Tyre_rubber,28
8154,Radial_car_tyre_stack_003/Stacked_car_tyre_008/Tread_block_299_957,Radial_car_tyre_stack_003,Tyre_rubber,28
8155,Radial_car_tyre_stack_003/Stacked_car_tyre_008/Tread_block_300_958,Radial_car_tyre_stack_003,Tyre_rubber,28
8156,Radial_car_tyre_stack_003/Stacked_car_tyre_008/Tread_block_301_959,Radial_car_tyre_stack_003,Tyre_rubber,28
8157,Radial_car_tyre_stack_003/Stacked_car_tyre_008/Tread_block_302_960,Radial_car_tyre_stack_003,Tyre_rubber,28
8158,Radial_car_tyre_stack_003/Stacked_car_tyre_008/Tread_block_303_961,Radial_car_tyre_stack_003,Tyre_rubber,28
8159,Radial_car_tyre_stack_003/Stacked_car_tyre_008/Tread_block_304_962,Radial_car_tyre_stack_003,Tyre_rubber,28
8160,Radial_car_tyre_stack_003/Stacked_car_tyre_008/Tread_block_305_963,Radial_car_tyre_stack_003,Tyre_rubber,28
8161,Radial_car_tyre_stack_003/Stacked_car_tyre_008/Tread_block_306_964,Radial_car_tyre_stack_003,Tyre_rubber,28
8162,Radial_car_tyre_stack_003/Stacked_car_tyre_008/Tread_block_307_965,Radial_car_tyre_stack_003,Tyre_rubber,28
8163,Radial_car_tyre_stack_003/Stacked_car_tyre_008/Tread_block_308_966,Radial_car_tyre_stack_003,Tyre_rubber,28
8164,Radial_car_tyre_stack_003/Stacked_car_tyre_008/Tread_block_309_967,Radial_car_tyre_stack_003,Tyre_rubber,28
8165,Radial_car_tyre_stack_003/Stacked_car_tyre_008/Tread_block_310_968,Radial_car_tyre_stack_003,Tyre_rubber,28
8166,Radial_car_tyre_stack_003/Stacked_car_tyre_008/Tread_block_311_969,Radial_car_tyre_stack_003,Tyre_rubber,28
8167,Radial_car_tyre_stack_003/Stacked_car_tyre_008/Tread_block_312_970,Radial_car_tyre_stack_003,Tyre_rubber,28
8168,Radial_car_tyre_stack_003/Stacked_car_tyre_008/Tread_block_313_971,Radial_car_tyre_stack_003,Tyre_rubber,28
8169,Radial_car_tyre_stack_003/Stacked_car_tyre_008/Tread_block_314_972,Radial_car_tyre_stack_003,Tyre_rubber,28
8170,Radial_car_tyre_stack_003/Stacked_car_tyre_008/Tread_block_315_973,Radial_car_tyre_stack_003,Tyre_rubber,28
8171,Radial_car_tyre_stack_003/Stacked_car_tyre_008/Tread_block_316_974,Radial_car_tyre_stack_003,Tyre_rubber,28
8172,Radial_car_tyre_stack_003/Stacked_car_tyre_008/Tread_block_317_975,Radial_car_tyre_stack_003,Tyre_rubber,28
8173,Radial_car_tyre_stack_003/Stacked_car_tyre_008/Tread_block_318_976,Radial_car_tyre_stack_003,Tyre_rubber,28
8174,Radial_car_tyre_stack_003/Stacked_car_tyre_008/Tread_block_319_977,Radial_car_tyre_stack_003,Tyre_rubber,28
8175,Radial_car_tyre_stack_003/Stacked_car_tyre_008/Tread_block_320_978,Radial_car_tyre_stack_003,Tyre_rubber,28
8176,Radial_car_tyre_stack_003/Stacked_car_tyre_008/Bead_lip_321_979,Radial_car_tyre_stack_003,Tyre_rubber,768
8177,Radial_car_tyre_stack_003/Stacked_car_tyre_008/Moulded_sidewall_line_322_980,Radial_car_tyre_stack_003,Tyre_rubber,512
8178,Radial_car_tyre_stack_003/Stacked_car_tyre_008/Inner_sidewall_line_323_981,Radial_car_tyre_stack_003,Tyre_rubber,512
8179,Radial_car_tyre_stack_003/Stacked_car_tyre_008/Bead_lip_324_982,Radial_car_tyre_stack_003,Tyre_rubber,768
8180,Radial_car_tyre_stack_003/Stacked_car_tyre_008/Moulded_sidewall_line_325_983,Radial_car_tyre_stack_003,Tyre_rubber,512
8181,Radial_car_tyre_stack_003/Stacked_car_tyre_008/Inner_sidewall_line_326_984,Radial_car_tyre_stack_003,Tyre_rubber,512
8182,Radial_car_tyre_stack_003/Stacked_car_tyre_008/Embossed_tyre_specification_327_985,Radial_car_tyre_stack_003,Moulded_tyresize_205_55_R16,128
8183,Radial_car_tyre_stack_003/Stacked_car_tyre_008/Embossed_tyre_specification_reverse_328_986,Radial_car_tyre_stack_003,Moulded_tyresize_205_55_R16,128
8184,Loose_car_alloy_wheel_001/Tyre_carcass_225_45_R17_000,Loose_car_alloy_wheel_001,Tyre_rubber,3072
8185,Loose_car_alloy_wheel_001/Tread_block_001,Loose_car_alloy_wheel_001,Tyre_rubber,28
8186,Loose_car_alloy_wheel_001/Tread_block_002,Loose_car_alloy_wheel_001,Tyre_rubber,28
8187,Loose_car_alloy_wheel_001/Tread_block_003,Loose_car_alloy_wheel_001,Tyre_rubber,28
8188,Loose_car_alloy_wheel_001/Tread_block_004,Loose_car_alloy_wheel_001,Tyre_rubber,28
8189,Loose_car_alloy_wheel_001/Tread_block_005,Loose_car_alloy_wheel_001,Tyre_rubber,28
8190,Loose_car_alloy_wheel_001/Tread_block_006,Loose_car_alloy_wheel_001,Tyre_rubber,28
8191,Loose_car_alloy_wheel_001/Tread_block_007,Loose_car_alloy_wheel_001,Tyre_rubber,28
8192,Loose_car_alloy_wheel_001/Tread_block_008,Loose_car_alloy_wheel_001,Tyre_rubber,28
8193,Loose_car_alloy_wheel_001/Tread_block_009,Loose_car_alloy_wheel_001,Tyre_rubber,28
8194,Loose_car_alloy_wheel_001/Tread_block_010,Loose_car_alloy_wheel_001,Tyre_rubber,28
8195,Loose_car_alloy_wheel_001/Tread_block_011,Loose_car_alloy_wheel_001,Tyre_rubber,28
8196,Loose_car_alloy_wheel_001/Tread_block_012,Loose_car_alloy_wheel_001,Tyre_rubber,28
8197,Loose_car_alloy_wheel_001/Tread_block_013,Loose_car_alloy_wheel_001,Tyre_rubber,28
8198,Loose_car_alloy_wheel_001/Tread_block_014,Loose_car_alloy_wheel_001,Tyre_rubber,28
8199,Loose_car_alloy_wheel_001/Tread_block_015,Loose_car_alloy_wheel_001,Tyre_rubber,28
8200,Loose_car_alloy_wheel_001/Tread_block_016,Loose_car_alloy_wheel_001,Tyre_rubber,28
8201,Loose_car_alloy_wheel_001/Tread_block_017,Loose_car_alloy_wheel_001,Tyre_rubber,28
8202,Loose_car_alloy_wheel_001/Tread_block_018,Loose_car_alloy_wheel_001,Tyre_rubber,28
8203,Loose_car_alloy_wheel_001/Tread_block_019,Loose_car_alloy_wheel_001,Tyre_rubber,28
8204,Loose_car_alloy_wheel_001/Tread_block_020,Loose_car_alloy_wheel_001,Tyre_rubber,28
8205,Loose_car_alloy_wheel_001/Tread_block_021,Loose_car_alloy_wheel_001,Tyre_rubber,28
8206,Loose_car_alloy_wheel_001/Tread_block_022,Loose_car_alloy_wheel_001,Tyre_rubber,28
8207,Loose_car_alloy_wheel_001/Tread_block_023,Loose_car_alloy_wheel_001,Tyre_rubber,28
8208,Loose_car_alloy_wheel_001/Tread_block_024,Loose_car_alloy_wheel_001,Tyre_rubber,28
8209,Loose_car_alloy_wheel_001/Tread_block_025,Loose_car_alloy_wheel_001,Tyre_rubber,28
8210,Loose_car_alloy_wheel_001/Tread_block_026,Loose_car_alloy_wheel_001,Tyre_rubber,28
8211,Loose_car_alloy_wheel_001/Tread_block_027,Loose_car_alloy_wheel_001,Tyre_rubber,28
8212,Loose_car_alloy_wheel_001/Tread_block_028,Loose_car_alloy_wheel_001,Tyre_rubber,28
8213,Loose_car_alloy_wheel_001/Tread_block_029,Loose_car_alloy_wheel_001,Tyre_rubber,28
8214,Loose_car_alloy_wheel_001/Tread_block_030,Loose_car_alloy_wheel_001,Tyre_rubber,28
8215,Loose_car_alloy_wheel_001/Tread_block_031,Loose_car_alloy_wheel_001,Tyre_rubber,28
8216,Loose_car_alloy_wheel_001/Tread_block_032,Loose_car_alloy_wheel_001,Tyre_rubber,28
8217,Loose_car_alloy_wheel_001/Tread_block_033,Loose_car_alloy_wheel_001,Tyre_rubber,28
8218,Loose_car_alloy_wheel_001/Tread_block_034,Loose_car_alloy_wheel_001,Tyre_rubber,28
8219,Loose_car_alloy_wheel_001/Tread_block_035,Loose_car_alloy_wheel_001,Tyre_rubber,28
8220,Loose_car_alloy_wheel_001/Tread_block_036,Loose_car_alloy_wheel_001,Tyre_rubber,28
8221,Loose_car_alloy_wheel_001/Tread_block_037,Loose_car_alloy_wheel_001,Tyre_rubber,28
8222,Loose_car_alloy_wheel_001/Tread_block_038,Loose_car_alloy_wheel_001,Tyre_rubber,28
8223,Loose_car_alloy_wheel_001/Tread_block_039,Loose_car_alloy_wheel_001,Tyre_rubber,28
8224,Loose_car_alloy_wheel_001/Tread_block_040,Loose_car_alloy_wheel_001,Tyre_rubber,28
8225,Loose_car_alloy_wheel_001/Tread_block_041,Loose_car_alloy_wheel_001,Tyre_rubber,28
8226,Loose_car_alloy_wheel_001/Tread_block_042,Loose_car_alloy_wheel_001,Tyre_rubber,28
8227,Loose_car_alloy_wheel_001/Tread_block_043,Loose_car_alloy_wheel_001,Tyre_rubber,28
8228,Loose_car_alloy_wheel_001/Tread_block_044,Loose_car_alloy_wheel_001,Tyre_rubber,28
8229,Loose_car_alloy_wheel_001/Tread_block_045,Loose_car_alloy_wheel_001,Tyre_rubber,28
8230,Loose_car_alloy_wheel_001/Tread_block_046,Loose_car_alloy_wheel_001,Tyre_rubber,28
8231,Loose_car_alloy_wheel_001/Tread_block_047,Loose_car_alloy_wheel_001,Tyre_rubber,28
8232,Loose_car_alloy_wheel_001/Tread_block_048,Loose_car_alloy_wheel_001,Tyre_rubber,28
8233,Loose_car_alloy_wheel_001/Tread_block_049,Loose_car_alloy_wheel_001,Tyre_rubber,28
8234,Loose_car_alloy_wheel_001/Tread_block_050,Loose_car_alloy_wheel_001,Tyre_rubber,28
8235,Loose_car_alloy_wheel_001/Tread_block_051,Loose_car_alloy_wheel_001,Tyre_rubber,28
8236,Loose_car_alloy_wheel_001/Tread_block_052,Loose_car_alloy_wheel_001,Tyre_rubber,28
8237,Loose_car_alloy_wheel_001/Tread_block_053,Loose_car_alloy_wheel_001,Tyre_rubber,28
8238,Loose_car_alloy_wheel_001/Tread_block_054,Loose_car_alloy_wheel_001,Tyre_rubber,28
8239,Loose_car_alloy_wheel_001/Tread_block_055,Loose_car_alloy_wheel_001,Tyre_rubber,28
8240,Loose_car_alloy_wheel_001/Tread_block_056,Loose_car_alloy_wheel_001,Tyre_rubber,28
8241,Loose_car_alloy_wheel_001/Tread_block_057,Loose_car_alloy_wheel_001,Tyre_rubber,28
8242,Loose_car_alloy_wheel_001/Tread_block_058,Loose_car_alloy_wheel_001,Tyre_rubber,28
8243,Loose_car_alloy_wheel_001/Tread_block_059,Loose_car_alloy_wheel_001,Tyre_rubber,28
8244,Loose_car_alloy_wheel_001/Tread_block_060,Loose_car_alloy_wheel_001,Tyre_rubber,28
8245,Loose_car_alloy_wheel_001/Tread_block_061,Loose_car_alloy_wheel_001,Tyre_rubber,28
8246,Loose_car_alloy_wheel_001/Tread_block_062,Loose_car_alloy_wheel_001,Tyre_rubber,28
8247,Loose_car_alloy_wheel_001/Tread_block_063,Loose_car_alloy_wheel_001,Tyre_rubber,28
8248,Loose_car_alloy_wheel_001/Tread_block_064,Loose_car_alloy_wheel_001,Tyre_rubber,28
8249,Loose_car_alloy_wheel_001/Tread_block_065,Loose_car_alloy_wheel_001,Tyre_rubber,28
8250,Loose_car_alloy_wheel_001/Tread_block_066,Loose_car_alloy_wheel_001,Tyre_rubber,28
8251,Loose_car_alloy_wheel_001/Tread_block_067,Loose_car_alloy_wheel_001,Tyre_rubber,28
8252,Loose_car_alloy_wheel_001/Tread_block_068,Loose_car_alloy_wheel_001,Tyre_rubber,28
8253,Loose_car_alloy_wheel_001/Tread_block_069,Loose_car_alloy_wheel_001,Tyre_rubber,28
8254,Loose_car_alloy_wheel_001/Tread_block_070,Loose_car_alloy_wheel_001,Tyre_rubber,28
8255,Loose_car_alloy_wheel_001/Tread_block_071,Loose_car_alloy_wheel_001,Tyre_rubber,28
8256,Loose_car_alloy_wheel_001/Tread_block_072,Loose_car_alloy_wheel_001,Tyre_rubber,28
8257,Loose_car_alloy_wheel_001/Tread_block_073,Loose_car_alloy_wheel_001,Tyre_rubber,28
8258,Loose_car_alloy_wheel_001/Tread_block_074,Loose_car_alloy_wheel_001,Tyre_rubber,28
8259,Loose_car_alloy_wheel_001/Tread_block_075,Loose_car_alloy_wheel_001,Tyre_rubber,28
8260,Loose_car_alloy_wheel_001/Tread_block_076,Loose_car_alloy_wheel_001,Tyre_rubber,28
8261,Loose_car_alloy_wheel_001/Tread_block_077,Loose_car_alloy_wheel_001,Tyre_rubber,28
8262,Loose_car_alloy_wheel_001/Tread_block_078,Loose_car_alloy_wheel_001,Tyre_rubber,28
8263,Loose_car_alloy_wheel_001/Tread_block_079,Loose_car_alloy_wheel_001,Tyre_rubber,28
8264,Loose_car_alloy_wheel_001/Tread_block_080,Loose_car_alloy_wheel_001,Tyre_rubber,28
8265,Loose_car_alloy_wheel_001/Tread_block_081,Loose_car_alloy_wheel_001,Tyre_rubber,28
8266,Loose_car_alloy_wheel_001/Tread_block_082,Loose_car_alloy_wheel_001,Tyre_rubber,28
8267,Loose_car_alloy_wheel_001/Tread_block_083,Loose_car_alloy_wheel_001,Tyre_rubber,28
8268,Loose_car_alloy_wheel_001/Tread_block_084,Loose_car_alloy_wheel_001,Tyre_rubber,28
8269,Loose_car_alloy_wheel_001/Tread_block_085,Loose_car_alloy_wheel_001,Tyre_rubber,28
8270,Loose_car_alloy_wheel_001/Tread_block_086,Loose_car_alloy_wheel_001,Tyre_rubber,28
8271,Loose_car_alloy_wheel_001/Tread_block_087,Loose_car_alloy_wheel_001,Tyre_rubber,28
8272,Loose_car_alloy_wheel_001/Tread_block_088,Loose_car_alloy_wheel_001,Tyre_rubber,28
8273,Loose_car_alloy_wheel_001/Tread_block_089,Loose_car_alloy_wheel_001,Tyre_rubber,28
8274,Loose_car_alloy_wheel_001/Tread_block_090,Loose_car_alloy_wheel_001,Tyre_rubber,28
8275,Loose_car_alloy_wheel_001/Tread_block_091,Loose_car_alloy_wheel_001,Tyre_rubber,28
8276,Loose_car_alloy_wheel_001/Tread_block_092,Loose_car_alloy_wheel_001,Tyre_rubber,28
8277,Loose_car_alloy_wheel_001/Tread_block_093,Loose_car_alloy_wheel_001,Tyre_rubber,28
8278,Loose_car_alloy_wheel_001/Tread_block_094,Loose_car_alloy_wheel_001,Tyre_rubber,28
8279,Loose_car_alloy_wheel_001/Tread_block_095,Loose_car_alloy_wheel_001,Tyre_rubber,28
8280,Loose_car_alloy_wheel_001/Tread_block_096,Loose_car_alloy_wheel_001,Tyre_rubber,28
8281,Loose_car_alloy_wheel_001/Tread_block_097,Loose_car_alloy_wheel_001,Tyre_rubber,28
8282,Loose_car_alloy_wheel_001/Tread_block_098,Loose_car_alloy_wheel_001,Tyre_rubber,28
8283,Loose_car_alloy_wheel_001/Tread_block_099,Loose_car_alloy_wheel_001,Tyre_rubber,28
8284,Loose_car_alloy_wheel_001/Tread_block_100,Loose_car_alloy_wheel_001,Tyre_rubber,28
8285,Loose_car_alloy_wheel_001/Tread_block_101,Loose_car_alloy_wheel_001,Tyre_rubber,28
8286,Loose_car_alloy_wheel_001/Tread_block_102,Loose_car_alloy_wheel_001,Tyre_rubber,28
8287,Loose_car_alloy_wheel_001/Tread_block_103,Loose_car_alloy_wheel_001,Tyre_rubber,28
8288,Loose_car_alloy_wheel_001/Tread_block_104,Loose_car_alloy_wheel_001,Tyre_rubber,28
8289,Loose_car_alloy_wheel_001/Tread_block_105,Loose_car_alloy_wheel_001,Tyre_rubber,28
8290,Loose_car_alloy_wheel_001/Tread_block_106,Loose_car_alloy_wheel_001,Tyre_rubber,28
8291,Loose_car_alloy_wheel_001/Tread_block_107,Loose_car_alloy_wheel_001,Tyre_rubber,28
8292,Loose_car_alloy_wheel_001/Tread_block_108,Loose_car_alloy_wheel_001,Tyre_rubber,28
8293,Loose_car_alloy_wheel_001/Tread_block_109,Loose_car_alloy_wheel_001,Tyre_rubber,28
8294,Loose_car_alloy_wheel_001/Tread_block_110,Loose_car_alloy_wheel_001,Tyre_rubber,28
8295,Loose_car_alloy_wheel_001/Tread_block_111,Loose_car_alloy_wheel_001,Tyre_rubber,28
8296,Loose_car_alloy_wheel_001/Tread_block_112,Loose_car_alloy_wheel_001,Tyre_rubber,28
8297,Loose_car_alloy_wheel_001/Tread_block_113,Loose_car_alloy_wheel_001,Tyre_rubber,28
8298,Loose_car_alloy_wheel_001/Tread_block_114,Loose_car_alloy_wheel_001,Tyre_rubber,28
8299,Loose_car_alloy_wheel_001/Tread_block_115,Loose_car_alloy_wheel_001,Tyre_rubber,28
8300,Loose_car_alloy_wheel_001/Tread_block_116,Loose_car_alloy_wheel_001,Tyre_rubber,28
8301,Loose_car_alloy_wheel_001/Tread_block_117,Loose_car_alloy_wheel_001,Tyre_rubber,28
8302,Loose_car_alloy_wheel_001/Tread_block_118,Loose_car_alloy_wheel_001,Tyre_rubber,28
8303,Loose_car_alloy_wheel_001/Tread_block_119,Loose_car_alloy_wheel_001,Tyre_rubber,28
8304,Loose_car_alloy_wheel_001/Tread_block_120,Loose_car_alloy_wheel_001,Tyre_rubber,28
8305,Loose_car_alloy_wheel_001/Tread_block_121,Loose_car_alloy_wheel_001,Tyre_rubber,28
8306,Loose_car_alloy_wheel_001/Tread_block_122,Loose_car_alloy_wheel_001,Tyre_rubber,28
8307,Loose_car_alloy_wheel_001/Tread_block_123,Loose_car_alloy_wheel_001,Tyre_rubber,28
8308,Loose_car_alloy_wheel_001/Tread_block_124,Loose_car_alloy_wheel_001,Tyre_rubber,28
8309,Loose_car_alloy_wheel_001/Tread_block_125,Loose_car_alloy_wheel_001,Tyre_rubber,28
8310,Loose_car_alloy_wheel_001/Tread_block_126,Loose_car_alloy_wheel_001,Tyre_rubber,28
8311,Loose_car_alloy_wheel_001/Tread_block_127,Loose_car_alloy_wheel_001,Tyre_rubber,28
8312,Loose_car_alloy_wheel_001/Tread_block_128,Loose_car_alloy_wheel_001,Tyre_rubber,28
8313,Loose_car_alloy_wheel_001/Tread_block_129,Loose_car_alloy_wheel_001,Tyre_rubber,28
8314,Loose_car_alloy_wheel_001/Tread_block_130,Loose_car_alloy_wheel_001,Tyre_rubber,28
8315,Loose_car_alloy_wheel_001/Tread_block_131,Loose_car_alloy_wheel_001,Tyre_rubber,28
8316,Loose_car_alloy_wheel_001/Tread_block_132,Loose_car_alloy_wheel_001,Tyre_rubber,28
8317,Loose_car_alloy_wheel_001/Tread_block_133,Loose_car_alloy_wheel_001,Tyre_rubber,28
8318,Loose_car_alloy_wheel_001/Tread_block_134,Loose_car_alloy_wheel_001,Tyre_rubber,28
8319,Loose_car_alloy_wheel_001/Tread_block_135,Loose_car_alloy_wheel_001,Tyre_rubber,28
8320,Loose_car_alloy_wheel_001/Tread_block_136,Loose_car_alloy_wheel_001,Tyre_rubber,28
8321,Loose_car_alloy_wheel_001/Tread_block_137,Loose_car_alloy_wheel_001,Tyre_rubber,28
8322,Loose_car_alloy_wheel_001/Tread_block_138,Loose_car_alloy_wheel_001,Tyre_rubber,28
8323,Loose_car_alloy_wheel_001/Tread_block_139,Loose_car_alloy_wheel_001,Tyre_rubber,28
8324,Loose_car_alloy_wheel_001/Tread_block_140,Loose_car_alloy_wheel_001,Tyre_rubber,28
8325,Loose_car_alloy_wheel_001/Tread_block_141,Loose_car_alloy_wheel_001,Tyre_rubber,28
8326,Loose_car_alloy_wheel_001/Tread_block_142,Loose_car_alloy_wheel_001,Tyre_rubber,28
8327,Loose_car_alloy_wheel_001/Tread_block_143,Loose_car_alloy_wheel_001,Tyre_rubber,28
8328,Loose_car_alloy_wheel_001/Tread_block_144,Loose_car_alloy_wheel_001,Tyre_rubber,28
8329,Loose_car_alloy_wheel_001/Tread_block_145,Loose_car_alloy_wheel_001,Tyre_rubber,28
8330,Loose_car_alloy_wheel_001/Tread_block_146,Loose_car_alloy_wheel_001,Tyre_rubber,28
8331,Loose_car_alloy_wheel_001/Tread_block_147,Loose_car_alloy_wheel_001,Tyre_rubber,28
8332,Loose_car_alloy_wheel_001/Tread_block_148,Loose_car_alloy_wheel_001,Tyre_rubber,28
8333,Loose_car_alloy_wheel_001/Tread_block_149,Loose_car_alloy_wheel_001,Tyre_rubber,28
8334,Loose_car_alloy_wheel_001/Tread_block_150,Loose_car_alloy_wheel_001,Tyre_rubber,28
8335,Loose_car_alloy_wheel_001/Tread_block_151,Loose_car_alloy_wheel_001,Tyre_rubber,28
8336,Loose_car_alloy_wheel_001/Tread_block_152,Loose_car_alloy_wheel_001,Tyre_rubber,28
8337,Loose_car_alloy_wheel_001/Tread_block_153,Loose_car_alloy_wheel_001,Tyre_rubber,28
8338,Loose_car_alloy_wheel_001/Tread_block_154,Loose_car_alloy_wheel_001,Tyre_rubber,28
8339,Loose_car_alloy_wheel_001/Tread_block_155,Loose_car_alloy_wheel_001,Tyre_rubber,28
8340,Loose_car_alloy_wheel_001/Tread_block_156,Loose_car_alloy_wheel_001,Tyre_rubber,28
8341,Loose_car_alloy_wheel_001/Tread_block_157,Loose_car_alloy_wheel_001,Tyre_rubber,28
8342,Loose_car_alloy_wheel_001/Tread_block_158,Loose_car_alloy_wheel_001,Tyre_rubber,28
8343,Loose_car_alloy_wheel_001/Tread_block_159,Loose_car_alloy_wheel_001,Tyre_rubber,28
8344,Loose_car_alloy_wheel_001/Tread_block_160,Loose_car_alloy_wheel_001,Tyre_rubber,28
8345,Loose_car_alloy_wheel_001/Tread_block_161,Loose_car_alloy_wheel_001,Tyre_rubber,28
8346,Loose_car_alloy_wheel_001/Tread_block_162,Loose_car_alloy_wheel_001,Tyre_rubber,28
8347,Loose_car_alloy_wheel_001/Tread_block_163,Loose_car_alloy_wheel_001,Tyre_rubber,28
8348,Loose_car_alloy_wheel_001/Tread_block_164,Loose_car_alloy_wheel_001,Tyre_rubber,28
8349,Loose_car_alloy_wheel_001/Tread_block_165,Loose_car_alloy_wheel_001,Tyre_rubber,28
8350,Loose_car_alloy_wheel_001/Tread_block_166,Loose_car_alloy_wheel_001,Tyre_rubber,28
8351,Loose_car_alloy_wheel_001/Tread_block_167,Loose_car_alloy_wheel_001,Tyre_rubber,28
8352,Loose_car_alloy_wheel_001/Tread_block_168,Loose_car_alloy_wheel_001,Tyre_rubber,28
8353,Loose_car_alloy_wheel_001/Tread_block_169,Loose_car_alloy_wheel_001,Tyre_rubber,28
8354,Loose_car_alloy_wheel_001/Tread_block_170,Loose_car_alloy_wheel_001,Tyre_rubber,28
8355,Loose_car_alloy_wheel_001/Tread_block_171,Loose_car_alloy_wheel_001,Tyre_rubber,28
8356,Loose_car_alloy_wheel_001/Tread_block_172,Loose_car_alloy_wheel_001,Tyre_rubber,28
8357,Loose_car_alloy_wheel_001/Tread_block_173,Loose_car_alloy_wheel_001,Tyre_rubber,28
8358,Loose_car_alloy_wheel_001/Tread_block_174,Loose_car_alloy_wheel_001,Tyre_rubber,28
8359,Loose_car_alloy_wheel_001/Tread_block_175,Loose_car_alloy_wheel_001,Tyre_rubber,28
8360,Loose_car_alloy_wheel_001/Tread_block_176,Loose_car_alloy_wheel_001,Tyre_rubber,28
8361,Loose_car_alloy_wheel_001/Tread_block_177,Loose_car_alloy_wheel_001,Tyre_rubber,28
8362,Loose_car_alloy_wheel_001/Tread_block_178,Loose_car_alloy_wheel_001,Tyre_rubber,28
8363,Loose_car_alloy_wheel_001/Tread_block_179,Loose_car_alloy_wheel_001,Tyre_rubber,28
8364,Loose_car_alloy_wheel_001/Tread_block_180,Loose_car_alloy_wheel_001,Tyre_rubber,28
8365,Loose_car_alloy_wheel_001/Tread_block_181,Loose_car_alloy_wheel_001,Tyre_rubber,28
8366,Loose_car_alloy_wheel_001/Tread_block_182,Loose_car_alloy_wheel_001,Tyre_rubber,28
8367,Loose_car_alloy_wheel_001/Tread_block_183,Loose_car_alloy_wheel_001,Tyre_rubber,28
8368,Loose_car_alloy_wheel_001/Tread_block_184,Loose_car_alloy_wheel_001,Tyre_rubber,28
8369,Loose_car_alloy_wheel_001/Tread_block_185,Loose_car_alloy_wheel_001,Tyre_rubber,28
8370,Loose_car_alloy_wheel_001/Tread_block_186,Loose_car_alloy_wheel_001,Tyre_rubber,28
8371,Loose_car_alloy_wheel_001/Tread_block_187,Loose_car_alloy_wheel_001,Tyre_rubber,28
8372,Loose_car_alloy_wheel_001/Tread_block_188,Loose_car_alloy_wheel_001,Tyre_rubber,28
8373,Loose_car_alloy_wheel_001/Tread_block_189,Loose_car_alloy_wheel_001,Tyre_rubber,28
8374,Loose_car_alloy_wheel_001/Tread_block_190,Loose_car_alloy_wheel_001,Tyre_rubber,28
8375,Loose_car_alloy_wheel_001/Tread_block_191,Loose_car_alloy_wheel_001,Tyre_rubber,28
8376,Loose_car_alloy_wheel_001/Tread_block_192,Loose_car_alloy_wheel_001,Tyre_rubber,28
8377,Loose_car_alloy_wheel_001/Tread_block_193,Loose_car_alloy_wheel_001,Tyre_rubber,28
8378,Loose_car_alloy_wheel_001/Tread_block_194,Loose_car_alloy_wheel_001,Tyre_rubber,28
8379,Loose_car_alloy_wheel_001/Tread_block_195,Loose_car_alloy_wheel_001,Tyre_rubber,28
8380,Loose_car_alloy_wheel_001/Tread_block_196,Loose_car_alloy_wheel_001,Tyre_rubber,28
8381,Loose_car_alloy_wheel_001/Tread_block_197,Loose_car_alloy_wheel_001,Tyre_rubber,28
8382,Loose_car_alloy_wheel_001/Tread_block_198,Loose_car_alloy_wheel_001,Tyre_rubber,28
8383,Loose_car_alloy_wheel_001/Tread_block_199,Loose_car_alloy_wheel_001,Tyre_rubber,28
8384,Loose_car_alloy_wheel_001/Tread_block_200,Loose_car_alloy_wheel_001,Tyre_rubber,28
8385,Loose_car_alloy_wheel_001/Tread_block_201,Loose_car_alloy_wheel_001,Tyre_rubber,28
8386,Loose_car_alloy_wheel_001/Tread_block_202,Loose_car_alloy_wheel_001,Tyre_rubber,28
8387,Loose_car_alloy_wheel_001/Tread_block_203,Loose_car_alloy_wheel_001,Tyre_rubber,28
8388,Loose_car_alloy_wheel_001/Tread_block_204,Loose_car_alloy_wheel_001,Tyre_rubber,28
8389,Loose_car_alloy_wheel_001/Tread_block_205,Loose_car_alloy_wheel_001,Tyre_rubber,28
8390,Loose_car_alloy_wheel_001/Tread_block_206,Loose_car_alloy_wheel_001,Tyre_rubber,28
8391,Loose_car_alloy_wheel_001/Tread_block_207,Loose_car_alloy_wheel_001,Tyre_rubber,28
8392,Loose_car_alloy_wheel_001/Tread_block_208,Loose_car_alloy_wheel_001,Tyre_rubber,28
8393,Loose_car_alloy_wheel_001/Tread_block_209,Loose_car_alloy_wheel_001,Tyre_rubber,28
8394,Loose_car_alloy_wheel_001/Tread_block_210,Loose_car_alloy_wheel_001,Tyre_rubber,28
8395,Loose_car_alloy_wheel_001/Tread_block_211,Loose_car_alloy_wheel_001,Tyre_rubber,28
8396,Loose_car_alloy_wheel_001/Tread_block_212,Loose_car_alloy_wheel_001,Tyre_rubber,28
8397,Loose_car_alloy_wheel_001/Tread_block_213,Loose_car_alloy_wheel_001,Tyre_rubber,28
8398,Loose_car_alloy_wheel_001/Tread_block_214,Loose_car_alloy_wheel_001,Tyre_rubber,28
8399,Loose_car_alloy_wheel_001/Tread_block_215,Loose_car_alloy_wheel_001,Tyre_rubber,28
8400,Loose_car_alloy_wheel_001/Tread_block_216,Loose_car_alloy_wheel_001,Tyre_rubber,28
8401,Loose_car_alloy_wheel_001/Tread_block_217,Loose_car_alloy_wheel_001,Tyre_rubber,28
8402,Loose_car_alloy_wheel_001/Tread_block_218,Loose_car_alloy_wheel_001,Tyre_rubber,28
8403,Loose_car_alloy_wheel_001/Tread_block_219,Loose_car_alloy_wheel_001,Tyre_rubber,28
8404,Loose_car_alloy_wheel_001/Tread_block_220,Loose_car_alloy_wheel_001,Tyre_rubber,28
8405,Loose_car_alloy_wheel_001/Tread_block_221,Loose_car_alloy_wheel_001,Tyre_rubber,28
8406,Loose_car_alloy_wheel_001/Tread_block_222,Loose_car_alloy_wheel_001,Tyre_rubber,28
8407,Loose_car_alloy_wheel_001/Tread_block_223,Loose_car_alloy_wheel_001,Tyre_rubber,28
8408,Loose_car_alloy_wheel_001/Tread_block_224,Loose_car_alloy_wheel_001,Tyre_rubber,28
8409,Loose_car_alloy_wheel_001/Tread_block_225,Loose_car_alloy_wheel_001,Tyre_rubber,28
8410,Loose_car_alloy_wheel_001/Tread_block_226,Loose_car_alloy_wheel_001,Tyre_rubber,28
8411,Loose_car_alloy_wheel_001/Tread_block_227,Loose_car_alloy_wheel_001,Tyre_rubber,28
8412,Loose_car_alloy_wheel_001/Tread_block_228,Loose_car_alloy_wheel_001,Tyre_rubber,28
8413,Loose_car_alloy_wheel_001/Tread_block_229,Loose_car_alloy_wheel_001,Tyre_rubber,28
8414,Loose_car_alloy_wheel_001/Tread_block_230,Loose_car_alloy_wheel_001,Tyre_rubber,28
8415,Loose_car_alloy_wheel_001/Tread_block_231,Loose_car_alloy_wheel_001,Tyre_rubber,28
8416,Loose_car_alloy_wheel_001/Tread_block_232,Loose_car_alloy_wheel_001,Tyre_rubber,28
8417,Loose_car_alloy_wheel_001/Tread_block_233,Loose_car_alloy_wheel_001,Tyre_rubber,28
8418,Loose_car_alloy_wheel_001/Tread_block_234,Loose_car_alloy_wheel_001,Tyre_rubber,28
8419,Loose_car_alloy_wheel_001/Tread_block_235,Loose_car_alloy_wheel_001,Tyre_rubber,28
8420,Loose_car_alloy_wheel_001/Tread_block_236,Loose_car_alloy_wheel_001,Tyre_rubber,28
8421,Loose_car_alloy_wheel_001/Tread_block_237,Loose_car_alloy_wheel_001,Tyre_rubber,28
8422,Loose_car_alloy_wheel_001/Tread_block_238,Loose_car_alloy_wheel_001,Tyre_rubber,28
8423,Loose_car_alloy_wheel_001/Tread_block_239,Loose_car_alloy_wheel_001,Tyre_rubber,28
8424,Loose_car_alloy_wheel_001/Tread_block_240,Loose_car_alloy_wheel_001,Tyre_rubber,28
8425,Loose_car_alloy_wheel_001/Tread_block_241,Loose_car_alloy_wheel_001,Tyre_rubber,28
8426,Loose_car_alloy_wheel_001/Tread_block_242,Loose_car_alloy_wheel_001,Tyre_rubber,28
8427,Loose_car_alloy_wheel_001/Tread_block_243,Loose_car_alloy_wheel_001,Tyre_rubber,28
8428,Loose_car_alloy_wheel_001/Tread_block_244,Loose_car_alloy_wheel_001,Tyre_rubber,28
8429,Loose_car_alloy_wheel_001/Tread_block_245,Loose_car_alloy_wheel_001,Tyre_rubber,28
8430,Loose_car_alloy_wheel_001/Tread_block_246,Loose_car_alloy_wheel_001,Tyre_rubber,28
8431,Loose_car_alloy_wheel_001/Tread_block_247,Loose_car_alloy_wheel_001,Tyre_rubber,28
8432,Loose_car_alloy_wheel_001/Tread_block_248,Loose_car_alloy_wheel_001,Tyre_rubber,28
8433,Loose_car_alloy_wheel_001/Tread_block_249,Loose_car_alloy_wheel_001,Tyre_rubber,28
8434,Loose_car_alloy_wheel_001/Tread_block_250,Loose_car_alloy_wheel_001,Tyre_rubber,28
8435,Loose_car_alloy_wheel_001/Tread_block_251,Loose_car_alloy_wheel_001,Tyre_rubber,28
8436,Loose_car_alloy_wheel_001/Tread_block_252,Loose_car_alloy_wheel_001,Tyre_rubber,28
8437,Loose_car_alloy_wheel_001/Tread_block_253,Loose_car_alloy_wheel_001,Tyre_rubber,28
8438,Loose_car_alloy_wheel_001/Tread_block_254,Loose_car_alloy_wheel_001,Tyre_rubber,28
8439,Loose_car_alloy_wheel_001/Tread_block_255,Loose_car_alloy_wheel_001,Tyre_rubber,28
8440,Loose_car_alloy_wheel_001/Tread_block_256,Loose_car_alloy_wheel_001,Tyre_rubber,28
8441,Loose_car_alloy_wheel_001/Tread_block_257,Loose_car_alloy_wheel_001,Tyre_rubber,28
8442,Loose_car_alloy_wheel_001/Tread_block_258,Loose_car_alloy_wheel_001,Tyre_rubber,28
8443,Loose_car_alloy_wheel_001/Tread_block_259,Loose_car_alloy_wheel_001,Tyre_rubber,28
8444,Loose_car_alloy_wheel_001/Tread_block_260,Loose_car_alloy_wheel_001,Tyre_rubber,28
8445,Loose_car_alloy_wheel_001/Tread_block_261,Loose_car_alloy_wheel_001,Tyre_rubber,28
8446,Loose_car_alloy_wheel_001/Tread_block_262,Loose_car_alloy_wheel_001,Tyre_rubber,28
8447,Loose_car_alloy_wheel_001/Tread_block_263,Loose_car_alloy_wheel_001,Tyre_rubber,28
8448,Loose_car_alloy_wheel_001/Tread_block_264,Loose_car_alloy_wheel_001,Tyre_rubber,28
8449,Loose_car_alloy_wheel_001/Tread_block_265,Loose_car_alloy_wheel_001,Tyre_rubber,28
8450,Loose_car_alloy_wheel_001/Tread_block_266,Loose_car_alloy_wheel_001,Tyre_rubber,28
8451,Loose_car_alloy_wheel_001/Tread_block_267,Loose_car_alloy_wheel_001,Tyre_rubber,28
8452,Loose_car_alloy_wheel_001/Tread_block_268,Loose_car_alloy_wheel_001,Tyre_rubber,28
8453,Loose_car_alloy_wheel_001/Tread_block_269,Loose_car_alloy_wheel_001,Tyre_rubber,28
8454,Loose_car_alloy_wheel_001/Tread_block_270,Loose_car_alloy_wheel_001,Tyre_rubber,28
8455,Loose_car_alloy_wheel_001/Tread_block_271,Loose_car_alloy_wheel_001,Tyre_rubber,28
8456,Loose_car_alloy_wheel_001/Tread_block_272,Loose_car_alloy_wheel_001,Tyre_rubber,28
8457,Loose_car_alloy_wheel_001/Tread_block_273,Loose_car_alloy_wheel_001,Tyre_rubber,28
8458,Loose_car_alloy_wheel_001/Tread_block_274,Loose_car_alloy_wheel_001,Tyre_rubber,28
8459,Loose_car_alloy_wheel_001/Tread_block_275,Loose_car_alloy_wheel_001,Tyre_rubber,28
8460,Loose_car_alloy_wheel_001/Tread_block_276,Loose_car_alloy_wheel_001,Tyre_rubber,28
8461,Loose_car_alloy_wheel_001/Tread_block_277,Loose_car_alloy_wheel_001,Tyre_rubber,28
8462,Loose_car_alloy_wheel_001/Tread_block_278,Loose_car_alloy_wheel_001,Tyre_rubber,28
8463,Loose_car_alloy_wheel_001/Tread_block_279,Loose_car_alloy_wheel_001,Tyre_rubber,28
8464,Loose_car_alloy_wheel_001/Tread_block_280,Loose_car_alloy_wheel_001,Tyre_rubber,28
8465,Loose_car_alloy_wheel_001/Tread_block_281,Loose_car_alloy_wheel_001,Tyre_rubber,28
8466,Loose_car_alloy_wheel_001/Tread_block_282,Loose_car_alloy_wheel_001,Tyre_rubber,28
8467,Loose_car_alloy_wheel_001/Tread_block_283,Loose_car_alloy_wheel_001,Tyre_rubber,28
8468,Loose_car_alloy_wheel_001/Tread_block_284,Loose_car_alloy_wheel_001,Tyre_rubber,28
8469,Loose_car_alloy_wheel_001/Tread_block_285,Loose_car_alloy_wheel_001,Tyre_rubber,28
8470,Loose_car_alloy_wheel_001/Tread_block_286,Loose_car_alloy_wheel_001,Tyre_rubber,28
8471,Loose_car_alloy_wheel_001/Tread_block_287,Loose_car_alloy_wheel_001,Tyre_rubber,28
8472,Loose_car_alloy_wheel_001/Tread_block_288,Loose_car_alloy_wheel_001,Tyre_rubber,28
8473,Loose_car_alloy_wheel_001/Tread_block_289,Loose_car_alloy_wheel_001,Tyre_rubber,28
8474,Loose_car_alloy_wheel_001/Tread_block_290,Loose_car_alloy_wheel_001,Tyre_rubber,28
8475,Loose_car_alloy_wheel_001/Tread_block_291,Loose_car_alloy_wheel_001,Tyre_rubber,28
8476,Loose_car_alloy_wheel_001/Tread_block_292,Loose_car_alloy_wheel_001,Tyre_rubber,28
8477,Loose_car_alloy_wheel_001/Tread_block_293,Loose_car_alloy_wheel_001,Tyre_rubber,28
8478,Loose_car_alloy_wheel_001/Tread_block_294,Loose_car_alloy_wheel_001,Tyre_rubber,28
8479,Loose_car_alloy_wheel_001/Tread_block_295,Loose_car_alloy_wheel_001,Tyre_rubber,28
8480,Loose_car_alloy_wheel_001/Tread_block_296,Loose_car_alloy_wheel_001,Tyre_rubber,28
8481,Loose_car_alloy_wheel_001/Tread_block_297,Loose_car_alloy_wheel_001,Tyre_rubber,28
8482,Loose_car_alloy_wheel_001/Tread_block_298,Loose_car_alloy_wheel_001,Tyre_rubber,28
8483,Loose_car_alloy_wheel_001/Tread_block_299,Loose_car_alloy_wheel_001,Tyre_rubber,28
8484,Loose_car_alloy_wheel_001/Tread_block_300,Loose_car_alloy_wheel_001,Tyre_rubber,28
8485,Loose_car_alloy_wheel_001/Tread_block_301,Loose_car_alloy_wheel_001,Tyre_rubber,28
8486,Loose_car_alloy_wheel_001/Tread_block_302,Loose_car_alloy_wheel_001,Tyre_rubber,28
8487,Loose_car_alloy_wheel_001/Tread_block_303,Loose_car_alloy_wheel_001,Tyre_rubber,28
8488,Loose_car_alloy_wheel_001/Tread_block_304,Loose_car_alloy_wheel_001,Tyre_rubber,28
8489,Loose_car_alloy_wheel_001/Tread_block_305,Loose_car_alloy_wheel_001,Tyre_rubber,28
8490,Loose_car_alloy_wheel_001/Tread_block_306,Loose_car_alloy_wheel_001,Tyre_rubber,28
8491,Loose_car_alloy_wheel_001/Tread_block_307,Loose_car_alloy_wheel_001,Tyre_rubber,28
8492,Loose_car_alloy_wheel_001/Tread_block_308,Loose_car_alloy_wheel_001,Tyre_rubber,28
8493,Loose_car_alloy_wheel_001/Tread_block_309,Loose_car_alloy_wheel_001,Tyre_rubber,28
8494,Loose_car_alloy_wheel_001/Tread_block_310,Loose_car_alloy_wheel_001,Tyre_rubber,28
8495,Loose_car_alloy_wheel_001/Tread_block_311,Loose_car_alloy_wheel_001,Tyre_rubber,28
8496,Loose_car_alloy_wheel_001/Tread_block_312,Loose_car_alloy_wheel_001,Tyre_rubber,28
8497,Loose_car_alloy_wheel_001/Tread_block_313,Loose_car_alloy_wheel_001,Tyre_rubber,28
8498,Loose_car_alloy_wheel_001/Tread_block_314,Loose_car_alloy_wheel_001,Tyre_rubber,28
8499,Loose_car_alloy_wheel_001/Tread_block_315,Loose_car_alloy_wheel_001,Tyre_rubber,28
8500,Loose_car_alloy_wheel_001/Tread_block_316,Loose_car_alloy_wheel_001,Tyre_rubber,28
8501,Loose_car_alloy_wheel_001/Tread_block_317,Loose_car_alloy_wheel_001,Tyre_rubber,28
8502,Loose_car_alloy_wheel_001/Tread_block_318,Loose_car_alloy_wheel_001,Tyre_rubber,28
8503,Loose_car_alloy_wheel_001/Tread_block_319,Loose_car_alloy_wheel_001,Tyre_rubber,28
8504,Loose_car_alloy_wheel_001/Tread_block_320,Loose_car_alloy_wheel_001,Tyre_rubber,28
8505,Loose_car_alloy_wheel_001/Bead_lip_321,Loose_car_alloy_wheel_001,Tyre_rubber,768
8506,Loose_car_alloy_wheel_001/Moulded_sidewall_line_322,Loose_car_alloy_wheel_001,Tyre_rubber,512
8507,Loose_car_alloy_wheel_001/Inner_sidewall_line_323,Loose_car_alloy_wheel_001,Tyre_rubber,512
8508,Loose_car_alloy_wheel_001/Bead_lip_324,Loose_car_alloy_wheel_001,Tyre_rubber,768
8509,Loose_car_alloy_wheel_001/Moulded_sidewall_line_325,Loose_car_alloy_wheel_001,Tyre_rubber,512
8510,Loose_car_alloy_wheel_001/Inner_sidewall_line_326,Loose_car_alloy_wheel_001,Tyre_rubber,512
8511,Loose_car_alloy_wheel_001/Embossed_tyre_specification_327,Loose_car_alloy_wheel_001,Moulded_tyresize_225_45_R17,128
8512,Loose_car_alloy_wheel_001/Embossed_tyre_specification_reverse_328,Loose_car_alloy_wheel_001,Moulded_tyresize_225_45_R17,128
8513,Loose_car_alloy_wheel_001/Alloy_wheel_barrel_329,Loose_car_alloy_wheel_001,Brushed_alloy,512
8514,Loose_car_alloy_wheel_001/Polished_rim_lip_330,Loose_car_alloy_wheel_001,Brushed_alloy,768
8515,Loose_car_alloy_wheel_001/Rim_back_lip_331,Loose_car_alloy_wheel_001,Brushed_alloy,768
8516,Loose_car_alloy_wheel_001/Cast_alloy_spoke_332,Loose_car_alloy_wheel_001,Brushed_alloy,44
8517,Loose_car_alloy_wheel_001/Cast_alloy_spoke_333,Loose_car_alloy_wheel_001,Brushed_alloy,44
8518,Loose_car_alloy_wheel_001/Cast_alloy_spoke_334,Loose_car_alloy_wheel_001,Brushed_alloy,44
8519,Loose_car_alloy_wheel_001/Cast_alloy_spoke_335,Loose_car_alloy_wheel_001,Brushed_alloy,44
8520,Loose_car_alloy_wheel_001/Cast_alloy_spoke_336,Loose_car_alloy_wheel_001,Brushed_alloy,44
8521,Loose_car_alloy_wheel_001/Cast_alloy_spoke_337,Loose_car_alloy_wheel_001,Brushed_alloy,44
8522,Loose_car_alloy_wheel_001/Cast_alloy_spoke_338,Loose_car_alloy_wheel_001,Brushed_alloy,44
8523,Loose_car_alloy_wheel_001/Cast_alloy_spoke_339,Loose_car_alloy_wheel_001,Brushed_alloy,44
8524,Loose_car_alloy_wheel_001/Cast_alloy_spoke_340,Loose_car_alloy_wheel_001,Brushed_alloy,44
8525,Loose_car_alloy_wheel_001/Cast_alloy_spoke_341,Loose_car_alloy_wheel_001,Brushed_alloy,44
8526,Loose_car_alloy_wheel_001/Wheel_hub_342,Loose_car_alloy_wheel_001,Aged_black_steel,128
8527,Loose_car_alloy_wheel_001/Center_cap_343,Loose_car_alloy_wheel_001,Brushed_alloy,96
8528,Loose_car_alloy_wheel_001/Wheel_lug_nut_344,Loose_car_alloy_wheel_001,Brushed_alloy,24
8529,Loose_car_alloy_wheel_001/Wheel_lug_nut_345,Loose_car_alloy_wheel_001,Brushed_alloy,24
8530,Loose_car_alloy_wheel_001/Wheel_lug_nut_346,Loose_car_alloy_wheel_001,Brushed_alloy,24
8531,Loose_car_alloy_wheel_001/Wheel_lug_nut_347,Loose_car_alloy_wheel_001,Brushed_alloy,24
8532,Loose_car_alloy_wheel_001/Wheel_lug_nut_348,Loose_car_alloy_wheel_001,Brushed_alloy,24
8533,Loose_car_alloy_wheel_001/Air_valve_stem_349,Loose_car_alloy_wheel_001,Tyre_rubber,48
8534,Loose_car_alloy_wheel_001/Valve_dust_cap_350,Loose_car_alloy_wheel_001,Aged_black_steel,48
8535,Loose_car_alloy_wheel_002/Tyre_carcass_275_35_R19_000,Loose_car_alloy_wheel_002,Tyre_rubber,3072
8536,Loose_car_alloy_wheel_002/Tread_block_001,Loose_car_alloy_wheel_002,Tyre_rubber,28
8537,Loose_car_alloy_wheel_002/Tread_block_002,Loose_car_alloy_wheel_002,Tyre_rubber,28
8538,Loose_car_alloy_wheel_002/Tread_block_003,Loose_car_alloy_wheel_002,Tyre_rubber,28
8539,Loose_car_alloy_wheel_002/Tread_block_004,Loose_car_alloy_wheel_002,Tyre_rubber,28
8540,Loose_car_alloy_wheel_002/Tread_block_005,Loose_car_alloy_wheel_002,Tyre_rubber,28
8541,Loose_car_alloy_wheel_002/Tread_block_006,Loose_car_alloy_wheel_002,Tyre_rubber,28
8542,Loose_car_alloy_wheel_002/Tread_block_007,Loose_car_alloy_wheel_002,Tyre_rubber,28
8543,Loose_car_alloy_wheel_002/Tread_block_008,Loose_car_alloy_wheel_002,Tyre_rubber,28
8544,Loose_car_alloy_wheel_002/Tread_block_009,Loose_car_alloy_wheel_002,Tyre_rubber,28
8545,Loose_car_alloy_wheel_002/Tread_block_010,Loose_car_alloy_wheel_002,Tyre_rubber,28
8546,Loose_car_alloy_wheel_002/Tread_block_011,Loose_car_alloy_wheel_002,Tyre_rubber,28
8547,Loose_car_alloy_wheel_002/Tread_block_012,Loose_car_alloy_wheel_002,Tyre_rubber,28
8548,Loose_car_alloy_wheel_002/Tread_block_013,Loose_car_alloy_wheel_002,Tyre_rubber,28
8549,Loose_car_alloy_wheel_002/Tread_block_014,Loose_car_alloy_wheel_002,Tyre_rubber,28
8550,Loose_car_alloy_wheel_002/Tread_block_015,Loose_car_alloy_wheel_002,Tyre_rubber,28
8551,Loose_car_alloy_wheel_002/Tread_block_016,Loose_car_alloy_wheel_002,Tyre_rubber,28
8552,Loose_car_alloy_wheel_002/Tread_block_017,Loose_car_alloy_wheel_002,Tyre_rubber,28
8553,Loose_car_alloy_wheel_002/Tread_block_018,Loose_car_alloy_wheel_002,Tyre_rubber,28
8554,Loose_car_alloy_wheel_002/Tread_block_019,Loose_car_alloy_wheel_002,Tyre_rubber,28
8555,Loose_car_alloy_wheel_002/Tread_block_020,Loose_car_alloy_wheel_002,Tyre_rubber,28
8556,Loose_car_alloy_wheel_002/Tread_block_021,Loose_car_alloy_wheel_002,Tyre_rubber,28
8557,Loose_car_alloy_wheel_002/Tread_block_022,Loose_car_alloy_wheel_002,Tyre_rubber,28
8558,Loose_car_alloy_wheel_002/Tread_block_023,Loose_car_alloy_wheel_002,Tyre_rubber,28
8559,Loose_car_alloy_wheel_002/Tread_block_024,Loose_car_alloy_wheel_002,Tyre_rubber,28
8560,Loose_car_alloy_wheel_002/Tread_block_025,Loose_car_alloy_wheel_002,Tyre_rubber,28
8561,Loose_car_alloy_wheel_002/Tread_block_026,Loose_car_alloy_wheel_002,Tyre_rubber,28
8562,Loose_car_alloy_wheel_002/Tread_block_027,Loose_car_alloy_wheel_002,Tyre_rubber,28
8563,Loose_car_alloy_wheel_002/Tread_block_028,Loose_car_alloy_wheel_002,Tyre_rubber,28
8564,Loose_car_alloy_wheel_002/Tread_block_029,Loose_car_alloy_wheel_002,Tyre_rubber,28
8565,Loose_car_alloy_wheel_002/Tread_block_030,Loose_car_alloy_wheel_002,Tyre_rubber,28
8566,Loose_car_alloy_wheel_002/Tread_block_031,Loose_car_alloy_wheel_002,Tyre_rubber,28
8567,Loose_car_alloy_wheel_002/Tread_block_032,Loose_car_alloy_wheel_002,Tyre_rubber,28
8568,Loose_car_alloy_wheel_002/Tread_block_033,Loose_car_alloy_wheel_002,Tyre_rubber,28
8569,Loose_car_alloy_wheel_002/Tread_block_034,Loose_car_alloy_wheel_002,Tyre_rubber,28
8570,Loose_car_alloy_wheel_002/Tread_block_035,Loose_car_alloy_wheel_002,Tyre_rubber,28
8571,Loose_car_alloy_wheel_002/Tread_block_036,Loose_car_alloy_wheel_002,Tyre_rubber,28
8572,Loose_car_alloy_wheel_002/Tread_block_037,Loose_car_alloy_wheel_002,Tyre_rubber,28
8573,Loose_car_alloy_wheel_002/Tread_block_038,Loose_car_alloy_wheel_002,Tyre_rubber,28
8574,Loose_car_alloy_wheel_002/Tread_block_039,Loose_car_alloy_wheel_002,Tyre_rubber,28
8575,Loose_car_alloy_wheel_002/Tread_block_040,Loose_car_alloy_wheel_002,Tyre_rubber,28
8576,Loose_car_alloy_wheel_002/Tread_block_041,Loose_car_alloy_wheel_002,Tyre_rubber,28
8577,Loose_car_alloy_wheel_002/Tread_block_042,Loose_car_alloy_wheel_002,Tyre_rubber,28
8578,Loose_car_alloy_wheel_002/Tread_block_043,Loose_car_alloy_wheel_002,Tyre_rubber,28
8579,Loose_car_alloy_wheel_002/Tread_block_044,Loose_car_alloy_wheel_002,Tyre_rubber,28
8580,Loose_car_alloy_wheel_002/Tread_block_045,Loose_car_alloy_wheel_002,Tyre_rubber,28
8581,Loose_car_alloy_wheel_002/Tread_block_046,Loose_car_alloy_wheel_002,Tyre_rubber,28
8582,Loose_car_alloy_wheel_002/Tread_block_047,Loose_car_alloy_wheel_002,Tyre_rubber,28
8583,Loose_car_alloy_wheel_002/Tread_block_048,Loose_car_alloy_wheel_002,Tyre_rubber,28
8584,Loose_car_alloy_wheel_002/Tread_block_049,Loose_car_alloy_wheel_002,Tyre_rubber,28
8585,Loose_car_alloy_wheel_002/Tread_block_050,Loose_car_alloy_wheel_002,Tyre_rubber,28
8586,Loose_car_alloy_wheel_002/Tread_block_051,Loose_car_alloy_wheel_002,Tyre_rubber,28
8587,Loose_car_alloy_wheel_002/Tread_block_052,Loose_car_alloy_wheel_002,Tyre_rubber,28
8588,Loose_car_alloy_wheel_002/Tread_block_053,Loose_car_alloy_wheel_002,Tyre_rubber,28
8589,Loose_car_alloy_wheel_002/Tread_block_054,Loose_car_alloy_wheel_002,Tyre_rubber,28
8590,Loose_car_alloy_wheel_002/Tread_block_055,Loose_car_alloy_wheel_002,Tyre_rubber,28
8591,Loose_car_alloy_wheel_002/Tread_block_056,Loose_car_alloy_wheel_002,Tyre_rubber,28
8592,Loose_car_alloy_wheel_002/Tread_block_057,Loose_car_alloy_wheel_002,Tyre_rubber,28
8593,Loose_car_alloy_wheel_002/Tread_block_058,Loose_car_alloy_wheel_002,Tyre_rubber,28
8594,Loose_car_alloy_wheel_002/Tread_block_059,Loose_car_alloy_wheel_002,Tyre_rubber,28
8595,Loose_car_alloy_wheel_002/Tread_block_060,Loose_car_alloy_wheel_002,Tyre_rubber,28
8596,Loose_car_alloy_wheel_002/Tread_block_061,Loose_car_alloy_wheel_002,Tyre_rubber,28
8597,Loose_car_alloy_wheel_002/Tread_block_062,Loose_car_alloy_wheel_002,Tyre_rubber,28
8598,Loose_car_alloy_wheel_002/Tread_block_063,Loose_car_alloy_wheel_002,Tyre_rubber,28
8599,Loose_car_alloy_wheel_002/Tread_block_064,Loose_car_alloy_wheel_002,Tyre_rubber,28
8600,Loose_car_alloy_wheel_002/Tread_block_065,Loose_car_alloy_wheel_002,Tyre_rubber,28
8601,Loose_car_alloy_wheel_002/Tread_block_066,Loose_car_alloy_wheel_002,Tyre_rubber,28
8602,Loose_car_alloy_wheel_002/Tread_block_067,Loose_car_alloy_wheel_002,Tyre_rubber,28
8603,Loose_car_alloy_wheel_002/Tread_block_068,Loose_car_alloy_wheel_002,Tyre_rubber,28
8604,Loose_car_alloy_wheel_002/Tread_block_069,Loose_car_alloy_wheel_002,Tyre_rubber,28
8605,Loose_car_alloy_wheel_002/Tread_block_070,Loose_car_alloy_wheel_002,Tyre_rubber,28
8606,Loose_car_alloy_wheel_002/Tread_block_071,Loose_car_alloy_wheel_002,Tyre_rubber,28
8607,Loose_car_alloy_wheel_002/Tread_block_072,Loose_car_alloy_wheel_002,Tyre_rubber,28
8608,Loose_car_alloy_wheel_002/Tread_block_073,Loose_car_alloy_wheel_002,Tyre_rubber,28
8609,Loose_car_alloy_wheel_002/Tread_block_074,Loose_car_alloy_wheel_002,Tyre_rubber,28
8610,Loose_car_alloy_wheel_002/Tread_block_075,Loose_car_alloy_wheel_002,Tyre_rubber,28
8611,Loose_car_alloy_wheel_002/Tread_block_076,Loose_car_alloy_wheel_002,Tyre_rubber,28
8612,Loose_car_alloy_wheel_002/Tread_block_077,Loose_car_alloy_wheel_002,Tyre_rubber,28
8613,Loose_car_alloy_wheel_002/Tread_block_078,Loose_car_alloy_wheel_002,Tyre_rubber,28
8614,Loose_car_alloy_wheel_002/Tread_block_079,Loose_car_alloy_wheel_002,Tyre_rubber,28
8615,Loose_car_alloy_wheel_002/Tread_block_080,Loose_car_alloy_wheel_002,Tyre_rubber,28
8616,Loose_car_alloy_wheel_002/Tread_block_081,Loose_car_alloy_wheel_002,Tyre_rubber,28
8617,Loose_car_alloy_wheel_002/Tread_block_082,Loose_car_alloy_wheel_002,Tyre_rubber,28
8618,Loose_car_alloy_wheel_002/Tread_block_083,Loose_car_alloy_wheel_002,Tyre_rubber,28
8619,Loose_car_alloy_wheel_002/Tread_block_084,Loose_car_alloy_wheel_002,Tyre_rubber,28
8620,Loose_car_alloy_wheel_002/Tread_block_085,Loose_car_alloy_wheel_002,Tyre_rubber,28
8621,Loose_car_alloy_wheel_002/Tread_block_086,Loose_car_alloy_wheel_002,Tyre_rubber,28
8622,Loose_car_alloy_wheel_002/Tread_block_087,Loose_car_alloy_wheel_002,Tyre_rubber,28
8623,Loose_car_alloy_wheel_002/Tread_block_088,Loose_car_alloy_wheel_002,Tyre_rubber,28
8624,Loose_car_alloy_wheel_002/Tread_block_089,Loose_car_alloy_wheel_002,Tyre_rubber,28
8625,Loose_car_alloy_wheel_002/Tread_block_090,Loose_car_alloy_wheel_002,Tyre_rubber,28
8626,Loose_car_alloy_wheel_002/Tread_block_091,Loose_car_alloy_wheel_002,Tyre_rubber,28
8627,Loose_car_alloy_wheel_002/Tread_block_092,Loose_car_alloy_wheel_002,Tyre_rubber,28
8628,Loose_car_alloy_wheel_002/Tread_block_093,Loose_car_alloy_wheel_002,Tyre_rubber,28
8629,Loose_car_alloy_wheel_002/Tread_block_094,Loose_car_alloy_wheel_002,Tyre_rubber,28
8630,Loose_car_alloy_wheel_002/Tread_block_095,Loose_car_alloy_wheel_002,Tyre_rubber,28
8631,Loose_car_alloy_wheel_002/Tread_block_096,Loose_car_alloy_wheel_002,Tyre_rubber,28
8632,Loose_car_alloy_wheel_002/Tread_block_097,Loose_car_alloy_wheel_002,Tyre_rubber,28
8633,Loose_car_alloy_wheel_002/Tread_block_098,Loose_car_alloy_wheel_002,Tyre_rubber,28
8634,Loose_car_alloy_wheel_002/Tread_block_099,Loose_car_alloy_wheel_002,Tyre_rubber,28
8635,Loose_car_alloy_wheel_002/Tread_block_100,Loose_car_alloy_wheel_002,Tyre_rubber,28
8636,Loose_car_alloy_wheel_002/Tread_block_101,Loose_car_alloy_wheel_002,Tyre_rubber,28
8637,Loose_car_alloy_wheel_002/Tread_block_102,Loose_car_alloy_wheel_002,Tyre_rubber,28
8638,Loose_car_alloy_wheel_002/Tread_block_103,Loose_car_alloy_wheel_002,Tyre_rubber,28
8639,Loose_car_alloy_wheel_002/Tread_block_104,Loose_car_alloy_wheel_002,Tyre_rubber,28
8640,Loose_car_alloy_wheel_002/Tread_block_105,Loose_car_alloy_wheel_002,Tyre_rubber,28
8641,Loose_car_alloy_wheel_002/Tread_block_106,Loose_car_alloy_wheel_002,Tyre_rubber,28
8642,Loose_car_alloy_wheel_002/Tread_block_107,Loose_car_alloy_wheel_002,Tyre_rubber,28
8643,Loose_car_alloy_wheel_002/Tread_block_108,Loose_car_alloy_wheel_002,Tyre_rubber,28
8644,Loose_car_alloy_wheel_002/Tread_block_109,Loose_car_alloy_wheel_002,Tyre_rubber,28
8645,Loose_car_alloy_wheel_002/Tread_block_110,Loose_car_alloy_wheel_002,Tyre_rubber,28
8646,Loose_car_alloy_wheel_002/Tread_block_111,Loose_car_alloy_wheel_002,Tyre_rubber,28
8647,Loose_car_alloy_wheel_002/Tread_block_112,Loose_car_alloy_wheel_002,Tyre_rubber,28
8648,Loose_car_alloy_wheel_002/Tread_block_113,Loose_car_alloy_wheel_002,Tyre_rubber,28
8649,Loose_car_alloy_wheel_002/Tread_block_114,Loose_car_alloy_wheel_002,Tyre_rubber,28
8650,Loose_car_alloy_wheel_002/Tread_block_115,Loose_car_alloy_wheel_002,Tyre_rubber,28
8651,Loose_car_alloy_wheel_002/Tread_block_116,Loose_car_alloy_wheel_002,Tyre_rubber,28
8652,Loose_car_alloy_wheel_002/Tread_block_117,Loose_car_alloy_wheel_002,Tyre_rubber,28
8653,Loose_car_alloy_wheel_002/Tread_block_118,Loose_car_alloy_wheel_002,Tyre_rubber,28
8654,Loose_car_alloy_wheel_002/Tread_block_119,Loose_car_alloy_wheel_002,Tyre_rubber,28
8655,Loose_car_alloy_wheel_002/Tread_block_120,Loose_car_alloy_wheel_002,Tyre_rubber,28
8656,Loose_car_alloy_wheel_002/Tread_block_121,Loose_car_alloy_wheel_002,Tyre_rubber,28
8657,Loose_car_alloy_wheel_002/Tread_block_122,Loose_car_alloy_wheel_002,Tyre_rubber,28
8658,Loose_car_alloy_wheel_002/Tread_block_123,Loose_car_alloy_wheel_002,Tyre_rubber,28
8659,Loose_car_alloy_wheel_002/Tread_block_124,Loose_car_alloy_wheel_002,Tyre_rubber,28
8660,Loose_car_alloy_wheel_002/Tread_block_125,Loose_car_alloy_wheel_002,Tyre_rubber,28
8661,Loose_car_alloy_wheel_002/Tread_block_126,Loose_car_alloy_wheel_002,Tyre_rubber,28
8662,Loose_car_alloy_wheel_002/Tread_block_127,Loose_car_alloy_wheel_002,Tyre_rubber,28
8663,Loose_car_alloy_wheel_002/Tread_block_128,Loose_car_alloy_wheel_002,Tyre_rubber,28
8664,Loose_car_alloy_wheel_002/Tread_block_129,Loose_car_alloy_wheel_002,Tyre_rubber,28
8665,Loose_car_alloy_wheel_002/Tread_block_130,Loose_car_alloy_wheel_002,Tyre_rubber,28
8666,Loose_car_alloy_wheel_002/Tread_block_131,Loose_car_alloy_wheel_002,Tyre_rubber,28
8667,Loose_car_alloy_wheel_002/Tread_block_132,Loose_car_alloy_wheel_002,Tyre_rubber,28
8668,Loose_car_alloy_wheel_002/Tread_block_133,Loose_car_alloy_wheel_002,Tyre_rubber,28
8669,Loose_car_alloy_wheel_002/Tread_block_134,Loose_car_alloy_wheel_002,Tyre_rubber,28
8670,Loose_car_alloy_wheel_002/Tread_block_135,Loose_car_alloy_wheel_002,Tyre_rubber,28
8671,Loose_car_alloy_wheel_002/Tread_block_136,Loose_car_alloy_wheel_002,Tyre_rubber,28
8672,Loose_car_alloy_wheel_002/Tread_block_137,Loose_car_alloy_wheel_002,Tyre_rubber,28
8673,Loose_car_alloy_wheel_002/Tread_block_138,Loose_car_alloy_wheel_002,Tyre_rubber,28
8674,Loose_car_alloy_wheel_002/Tread_block_139,Loose_car_alloy_wheel_002,Tyre_rubber,28
8675,Loose_car_alloy_wheel_002/Tread_block_140,Loose_car_alloy_wheel_002,Tyre_rubber,28
8676,Loose_car_alloy_wheel_002/Tread_block_141,Loose_car_alloy_wheel_002,Tyre_rubber,28
8677,Loose_car_alloy_wheel_002/Tread_block_142,Loose_car_alloy_wheel_002,Tyre_rubber,28
8678,Loose_car_alloy_wheel_002/Tread_block_143,Loose_car_alloy_wheel_002,Tyre_rubber,28
8679,Loose_car_alloy_wheel_002/Tread_block_144,Loose_car_alloy_wheel_002,Tyre_rubber,28
8680,Loose_car_alloy_wheel_002/Tread_block_145,Loose_car_alloy_wheel_002,Tyre_rubber,28
8681,Loose_car_alloy_wheel_002/Tread_block_146,Loose_car_alloy_wheel_002,Tyre_rubber,28
8682,Loose_car_alloy_wheel_002/Tread_block_147,Loose_car_alloy_wheel_002,Tyre_rubber,28
8683,Loose_car_alloy_wheel_002/Tread_block_148,Loose_car_alloy_wheel_002,Tyre_rubber,28
8684,Loose_car_alloy_wheel_002/Tread_block_149,Loose_car_alloy_wheel_002,Tyre_rubber,28
8685,Loose_car_alloy_wheel_002/Tread_block_150,Loose_car_alloy_wheel_002,Tyre_rubber,28
8686,Loose_car_alloy_wheel_002/Tread_block_151,Loose_car_alloy_wheel_002,Tyre_rubber,28
8687,Loose_car_alloy_wheel_002/Tread_block_152,Loose_car_alloy_wheel_002,Tyre_rubber,28
8688,Loose_car_alloy_wheel_002/Tread_block_153,Loose_car_alloy_wheel_002,Tyre_rubber,28
8689,Loose_car_alloy_wheel_002/Tread_block_154,Loose_car_alloy_wheel_002,Tyre_rubber,28
8690,Loose_car_alloy_wheel_002/Tread_block_155,Loose_car_alloy_wheel_002,Tyre_rubber,28
8691,Loose_car_alloy_wheel_002/Tread_block_156,Loose_car_alloy_wheel_002,Tyre_rubber,28
8692,Loose_car_alloy_wheel_002/Tread_block_157,Loose_car_alloy_wheel_002,Tyre_rubber,28
8693,Loose_car_alloy_wheel_002/Tread_block_158,Loose_car_alloy_wheel_002,Tyre_rubber,28
8694,Loose_car_alloy_wheel_002/Tread_block_159,Loose_car_alloy_wheel_002,Tyre_rubber,28
8695,Loose_car_alloy_wheel_002/Tread_block_160,Loose_car_alloy_wheel_002,Tyre_rubber,28
8696,Loose_car_alloy_wheel_002/Tread_block_161,Loose_car_alloy_wheel_002,Tyre_rubber,28
8697,Loose_car_alloy_wheel_002/Tread_block_162,Loose_car_alloy_wheel_002,Tyre_rubber,28
8698,Loose_car_alloy_wheel_002/Tread_block_163,Loose_car_alloy_wheel_002,Tyre_rubber,28
8699,Loose_car_alloy_wheel_002/Tread_block_164,Loose_car_alloy_wheel_002,Tyre_rubber,28
8700,Loose_car_alloy_wheel_002/Tread_block_165,Loose_car_alloy_wheel_002,Tyre_rubber,28
8701,Loose_car_alloy_wheel_002/Tread_block_166,Loose_car_alloy_wheel_002,Tyre_rubber,28
8702,Loose_car_alloy_wheel_002/Tread_block_167,Loose_car_alloy_wheel_002,Tyre_rubber,28
8703,Loose_car_alloy_wheel_002/Tread_block_168,Loose_car_alloy_wheel_002,Tyre_rubber,28
8704,Loose_car_alloy_wheel_002/Tread_block_169,Loose_car_alloy_wheel_002,Tyre_rubber,28
8705,Loose_car_alloy_wheel_002/Tread_block_170,Loose_car_alloy_wheel_002,Tyre_rubber,28
8706,Loose_car_alloy_wheel_002/Tread_block_171,Loose_car_alloy_wheel_002,Tyre_rubber,28
8707,Loose_car_alloy_wheel_002/Tread_block_172,Loose_car_alloy_wheel_002,Tyre_rubber,28
8708,Loose_car_alloy_wheel_002/Tread_block_173,Loose_car_alloy_wheel_002,Tyre_rubber,28
8709,Loose_car_alloy_wheel_002/Tread_block_174,Loose_car_alloy_wheel_002,Tyre_rubber,28
8710,Loose_car_alloy_wheel_002/Tread_block_175,Loose_car_alloy_wheel_002,Tyre_rubber,28
8711,Loose_car_alloy_wheel_002/Tread_block_176,Loose_car_alloy_wheel_002,Tyre_rubber,28
8712,Loose_car_alloy_wheel_002/Tread_block_177,Loose_car_alloy_wheel_002,Tyre_rubber,28
8713,Loose_car_alloy_wheel_002/Tread_block_178,Loose_car_alloy_wheel_002,Tyre_rubber,28
8714,Loose_car_alloy_wheel_002/Tread_block_179,Loose_car_alloy_wheel_002,Tyre_rubber,28
8715,Loose_car_alloy_wheel_002/Tread_block_180,Loose_car_alloy_wheel_002,Tyre_rubber,28
8716,Loose_car_alloy_wheel_002/Tread_block_181,Loose_car_alloy_wheel_002,Tyre_rubber,28
8717,Loose_car_alloy_wheel_002/Tread_block_182,Loose_car_alloy_wheel_002,Tyre_rubber,28
8718,Loose_car_alloy_wheel_002/Tread_block_183,Loose_car_alloy_wheel_002,Tyre_rubber,28
8719,Loose_car_alloy_wheel_002/Tread_block_184,Loose_car_alloy_wheel_002,Tyre_rubber,28
8720,Loose_car_alloy_wheel_002/Tread_block_185,Loose_car_alloy_wheel_002,Tyre_rubber,28
8721,Loose_car_alloy_wheel_002/Tread_block_186,Loose_car_alloy_wheel_002,Tyre_rubber,28
8722,Loose_car_alloy_wheel_002/Tread_block_187,Loose_car_alloy_wheel_002,Tyre_rubber,28
8723,Loose_car_alloy_wheel_002/Tread_block_188,Loose_car_alloy_wheel_002,Tyre_rubber,28
8724,Loose_car_alloy_wheel_002/Tread_block_189,Loose_car_alloy_wheel_002,Tyre_rubber,28
8725,Loose_car_alloy_wheel_002/Tread_block_190,Loose_car_alloy_wheel_002,Tyre_rubber,28
8726,Loose_car_alloy_wheel_002/Tread_block_191,Loose_car_alloy_wheel_002,Tyre_rubber,28
8727,Loose_car_alloy_wheel_002/Tread_block_192,Loose_car_alloy_wheel_002,Tyre_rubber,28
8728,Loose_car_alloy_wheel_002/Tread_block_193,Loose_car_alloy_wheel_002,Tyre_rubber,28
8729,Loose_car_alloy_wheel_002/Tread_block_194,Loose_car_alloy_wheel_002,Tyre_rubber,28
8730,Loose_car_alloy_wheel_002/Tread_block_195,Loose_car_alloy_wheel_002,Tyre_rubber,28
8731,Loose_car_alloy_wheel_002/Tread_block_196,Loose_car_alloy_wheel_002,Tyre_rubber,28
8732,Loose_car_alloy_wheel_002/Tread_block_197,Loose_car_alloy_wheel_002,Tyre_rubber,28
8733,Loose_car_alloy_wheel_002/Tread_block_198,Loose_car_alloy_wheel_002,Tyre_rubber,28
8734,Loose_car_alloy_wheel_002/Tread_block_199,Loose_car_alloy_wheel_002,Tyre_rubber,28
8735,Loose_car_alloy_wheel_002/Tread_block_200,Loose_car_alloy_wheel_002,Tyre_rubber,28
8736,Loose_car_alloy_wheel_002/Tread_block_201,Loose_car_alloy_wheel_002,Tyre_rubber,28
8737,Loose_car_alloy_wheel_002/Tread_block_202,Loose_car_alloy_wheel_002,Tyre_rubber,28
8738,Loose_car_alloy_wheel_002/Tread_block_203,Loose_car_alloy_wheel_002,Tyre_rubber,28
8739,Loose_car_alloy_wheel_002/Tread_block_204,Loose_car_alloy_wheel_002,Tyre_rubber,28
8740,Loose_car_alloy_wheel_002/Tread_block_205,Loose_car_alloy_wheel_002,Tyre_rubber,28
8741,Loose_car_alloy_wheel_002/Tread_block_206,Loose_car_alloy_wheel_002,Tyre_rubber,28
8742,Loose_car_alloy_wheel_002/Tread_block_207,Loose_car_alloy_wheel_002,Tyre_rubber,28
8743,Loose_car_alloy_wheel_002/Tread_block_208,Loose_car_alloy_wheel_002,Tyre_rubber,28
8744,Loose_car_alloy_wheel_002/Tread_block_209,Loose_car_alloy_wheel_002,Tyre_rubber,28
8745,Loose_car_alloy_wheel_002/Tread_block_210,Loose_car_alloy_wheel_002,Tyre_rubber,28
8746,Loose_car_alloy_wheel_002/Tread_block_211,Loose_car_alloy_wheel_002,Tyre_rubber,28
8747,Loose_car_alloy_wheel_002/Tread_block_212,Loose_car_alloy_wheel_002,Tyre_rubber,28
8748,Loose_car_alloy_wheel_002/Tread_block_213,Loose_car_alloy_wheel_002,Tyre_rubber,28
8749,Loose_car_alloy_wheel_002/Tread_block_214,Loose_car_alloy_wheel_002,Tyre_rubber,28
8750,Loose_car_alloy_wheel_002/Tread_block_215,Loose_car_alloy_wheel_002,Tyre_rubber,28
8751,Loose_car_alloy_wheel_002/Tread_block_216,Loose_car_alloy_wheel_002,Tyre_rubber,28
8752,Loose_car_alloy_wheel_002/Tread_block_217,Loose_car_alloy_wheel_002,Tyre_rubber,28
8753,Loose_car_alloy_wheel_002/Tread_block_218,Loose_car_alloy_wheel_002,Tyre_rubber,28
8754,Loose_car_alloy_wheel_002/Tread_block_219,Loose_car_alloy_wheel_002,Tyre_rubber,28
8755,Loose_car_alloy_wheel_002/Tread_block_220,Loose_car_alloy_wheel_002,Tyre_rubber,28
8756,Loose_car_alloy_wheel_002/Tread_block_221,Loose_car_alloy_wheel_002,Tyre_rubber,28
8757,Loose_car_alloy_wheel_002/Tread_block_222,Loose_car_alloy_wheel_002,Tyre_rubber,28
8758,Loose_car_alloy_wheel_002/Tread_block_223,Loose_car_alloy_wheel_002,Tyre_rubber,28
8759,Loose_car_alloy_wheel_002/Tread_block_224,Loose_car_alloy_wheel_002,Tyre_rubber,28
8760,Loose_car_alloy_wheel_002/Tread_block_225,Loose_car_alloy_wheel_002,Tyre_rubber,28
8761,Loose_car_alloy_wheel_002/Tread_block_226,Loose_car_alloy_wheel_002,Tyre_rubber,28
8762,Loose_car_alloy_wheel_002/Tread_block_227,Loose_car_alloy_wheel_002,Tyre_rubber,28
8763,Loose_car_alloy_wheel_002/Tread_block_228,Loose_car_alloy_wheel_002,Tyre_rubber,28
8764,Loose_car_alloy_wheel_002/Tread_block_229,Loose_car_alloy_wheel_002,Tyre_rubber,28
8765,Loose_car_alloy_wheel_002/Tread_block_230,Loose_car_alloy_wheel_002,Tyre_rubber,28
8766,Loose_car_alloy_wheel_002/Tread_block_231,Loose_car_alloy_wheel_002,Tyre_rubber,28
8767,Loose_car_alloy_wheel_002/Tread_block_232,Loose_car_alloy_wheel_002,Tyre_rubber,28
8768,Loose_car_alloy_wheel_002/Tread_block_233,Loose_car_alloy_wheel_002,Tyre_rubber,28
8769,Loose_car_alloy_wheel_002/Tread_block_234,Loose_car_alloy_wheel_002,Tyre_rubber,28
8770,Loose_car_alloy_wheel_002/Tread_block_235,Loose_car_alloy_wheel_002,Tyre_rubber,28
8771,Loose_car_alloy_wheel_002/Tread_block_236,Loose_car_alloy_wheel_002,Tyre_rubber,28
8772,Loose_car_alloy_wheel_002/Tread_block_237,Loose_car_alloy_wheel_002,Tyre_rubber,28
8773,Loose_car_alloy_wheel_002/Tread_block_238,Loose_car_alloy_wheel_002,Tyre_rubber,28
8774,Loose_car_alloy_wheel_002/Tread_block_239,Loose_car_alloy_wheel_002,Tyre_rubber,28
8775,Loose_car_alloy_wheel_002/Tread_block_240,Loose_car_alloy_wheel_002,Tyre_rubber,28
8776,Loose_car_alloy_wheel_002/Tread_block_241,Loose_car_alloy_wheel_002,Tyre_rubber,28
8777,Loose_car_alloy_wheel_002/Tread_block_242,Loose_car_alloy_wheel_002,Tyre_rubber,28
8778,Loose_car_alloy_wheel_002/Tread_block_243,Loose_car_alloy_wheel_002,Tyre_rubber,28
8779,Loose_car_alloy_wheel_002/Tread_block_244,Loose_car_alloy_wheel_002,Tyre_rubber,28
8780,Loose_car_alloy_wheel_002/Tread_block_245,Loose_car_alloy_wheel_002,Tyre_rubber,28
8781,Loose_car_alloy_wheel_002/Tread_block_246,Loose_car_alloy_wheel_002,Tyre_rubber,28
8782,Loose_car_alloy_wheel_002/Tread_block_247,Loose_car_alloy_wheel_002,Tyre_rubber,28
8783,Loose_car_alloy_wheel_002/Tread_block_248,Loose_car_alloy_wheel_002,Tyre_rubber,28
8784,Loose_car_alloy_wheel_002/Tread_block_249,Loose_car_alloy_wheel_002,Tyre_rubber,28
8785,Loose_car_alloy_wheel_002/Tread_block_250,Loose_car_alloy_wheel_002,Tyre_rubber,28
8786,Loose_car_alloy_wheel_002/Tread_block_251,Loose_car_alloy_wheel_002,Tyre_rubber,28
8787,Loose_car_alloy_wheel_002/Tread_block_252,Loose_car_alloy_wheel_002,Tyre_rubber,28
8788,Loose_car_alloy_wheel_002/Tread_block_253,Loose_car_alloy_wheel_002,Tyre_rubber,28
8789,Loose_car_alloy_wheel_002/Tread_block_254,Loose_car_alloy_wheel_002,Tyre_rubber,28
8790,Loose_car_alloy_wheel_002/Tread_block_255,Loose_car_alloy_wheel_002,Tyre_rubber,28
8791,Loose_car_alloy_wheel_002/Tread_block_256,Loose_car_alloy_wheel_002,Tyre_rubber,28
8792,Loose_car_alloy_wheel_002/Tread_block_257,Loose_car_alloy_wheel_002,Tyre_rubber,28
8793,Loose_car_alloy_wheel_002/Tread_block_258,Loose_car_alloy_wheel_002,Tyre_rubber,28
8794,Loose_car_alloy_wheel_002/Tread_block_259,Loose_car_alloy_wheel_002,Tyre_rubber,28
8795,Loose_car_alloy_wheel_002/Tread_block_260,Loose_car_alloy_wheel_002,Tyre_rubber,28
8796,Loose_car_alloy_wheel_002/Tread_block_261,Loose_car_alloy_wheel_002,Tyre_rubber,28
8797,Loose_car_alloy_wheel_002/Tread_block_262,Loose_car_alloy_wheel_002,Tyre_rubber,28
8798,Loose_car_alloy_wheel_002/Tread_block_263,Loose_car_alloy_wheel_002,Tyre_rubber,28
8799,Loose_car_alloy_wheel_002/Tread_block_264,Loose_car_alloy_wheel_002,Tyre_rubber,28
8800,Loose_car_alloy_wheel_002/Tread_block_265,Loose_car_alloy_wheel_002,Tyre_rubber,28
8801,Loose_car_alloy_wheel_002/Tread_block_266,Loose_car_alloy_wheel_002,Tyre_rubber,28
8802,Loose_car_alloy_wheel_002/Tread_block_267,Loose_car_alloy_wheel_002,Tyre_rubber,28
8803,Loose_car_alloy_wheel_002/Tread_block_268,Loose_car_alloy_wheel_002,Tyre_rubber,28
8804,Loose_car_alloy_wheel_002/Tread_block_269,Loose_car_alloy_wheel_002,Tyre_rubber,28
8805,Loose_car_alloy_wheel_002/Tread_block_270,Loose_car_alloy_wheel_002,Tyre_rubber,28
8806,Loose_car_alloy_wheel_002/Tread_block_271,Loose_car_alloy_wheel_002,Tyre_rubber,28
8807,Loose_car_alloy_wheel_002/Tread_block_272,Loose_car_alloy_wheel_002,Tyre_rubber,28
8808,Loose_car_alloy_wheel_002/Tread_block_273,Loose_car_alloy_wheel_002,Tyre_rubber,28
8809,Loose_car_alloy_wheel_002/Tread_block_274,Loose_car_alloy_wheel_002,Tyre_rubber,28
8810,Loose_car_alloy_wheel_002/Tread_block_275,Loose_car_alloy_wheel_002,Tyre_rubber,28
8811,Loose_car_alloy_wheel_002/Tread_block_276,Loose_car_alloy_wheel_002,Tyre_rubber,28
8812,Loose_car_alloy_wheel_002/Tread_block_277,Loose_car_alloy_wheel_002,Tyre_rubber,28
8813,Loose_car_alloy_wheel_002/Tread_block_278,Loose_car_alloy_wheel_002,Tyre_rubber,28
8814,Loose_car_alloy_wheel_002/Tread_block_279,Loose_car_alloy_wheel_002,Tyre_rubber,28
8815,Loose_car_alloy_wheel_002/Tread_block_280,Loose_car_alloy_wheel_002,Tyre_rubber,28
8816,Loose_car_alloy_wheel_002/Tread_block_281,Loose_car_alloy_wheel_002,Tyre_rubber,28
8817,Loose_car_alloy_wheel_002/Tread_block_282,Loose_car_alloy_wheel_002,Tyre_rubber,28
8818,Loose_car_alloy_wheel_002/Tread_block_283,Loose_car_alloy_wheel_002,Tyre_rubber,28
8819,Loose_car_alloy_wheel_002/Tread_block_284,Loose_car_alloy_wheel_002,Tyre_rubber,28
8820,Loose_car_alloy_wheel_002/Tread_block_285,Loose_car_alloy_wheel_002,Tyre_rubber,28
8821,Loose_car_alloy_wheel_002/Tread_block_286,Loose_car_alloy_wheel_002,Tyre_rubber,28
8822,Loose_car_alloy_wheel_002/Tread_block_287,Loose_car_alloy_wheel_002,Tyre_rubber,28
8823,Loose_car_alloy_wheel_002/Tread_block_288,Loose_car_alloy_wheel_002,Tyre_rubber,28
8824,Loose_car_alloy_wheel_002/Tread_block_289,Loose_car_alloy_wheel_002,Tyre_rubber,28
8825,Loose_car_alloy_wheel_002/Tread_block_290,Loose_car_alloy_wheel_002,Tyre_rubber,28
8826,Loose_car_alloy_wheel_002/Tread_block_291,Loose_car_alloy_wheel_002,Tyre_rubber,28
8827,Loose_car_alloy_wheel_002/Tread_block_292,Loose_car_alloy_wheel_002,Tyre_rubber,28
8828,Loose_car_alloy_wheel_002/Tread_block_293,Loose_car_alloy_wheel_002,Tyre_rubber,28
8829,Loose_car_alloy_wheel_002/Tread_block_294,Loose_car_alloy_wheel_002,Tyre_rubber,28
8830,Loose_car_alloy_wheel_002/Tread_block_295,Loose_car_alloy_wheel_002,Tyre_rubber,28
8831,Loose_car_alloy_wheel_002/Tread_block_296,Loose_car_alloy_wheel_002,Tyre_rubber,28
8832,Loose_car_alloy_wheel_002/Tread_block_297,Loose_car_alloy_wheel_002,Tyre_rubber,28
8833,Loose_car_alloy_wheel_002/Tread_block_298,Loose_car_alloy_wheel_002,Tyre_rubber,28
8834,Loose_car_alloy_wheel_002/Tread_block_299,Loose_car_alloy_wheel_002,Tyre_rubber,28
8835,Loose_car_alloy_wheel_002/Tread_block_300,Loose_car_alloy_wheel_002,Tyre_rubber,28
8836,Loose_car_alloy_wheel_002/Tread_block_301,Loose_car_alloy_wheel_002,Tyre_rubber,28
8837,Loose_car_alloy_wheel_002/Tread_block_302,Loose_car_alloy_wheel_002,Tyre_rubber,28
8838,Loose_car_alloy_wheel_002/Tread_block_303,Loose_car_alloy_wheel_002,Tyre_rubber,28
8839,Loose_car_alloy_wheel_002/Tread_block_304,Loose_car_alloy_wheel_002,Tyre_rubber,28
8840,Loose_car_alloy_wheel_002/Tread_block_305,Loose_car_alloy_wheel_002,Tyre_rubber,28
8841,Loose_car_alloy_wheel_002/Tread_block_306,Loose_car_alloy_wheel_002,Tyre_rubber,28
8842,Loose_car_alloy_wheel_002/Tread_block_307,Loose_car_alloy_wheel_002,Tyre_rubber,28
8843,Loose_car_alloy_wheel_002/Tread_block_308,Loose_car_alloy_wheel_002,Tyre_rubber,28
8844,Loose_car_alloy_wheel_002/Tread_block_309,Loose_car_alloy_wheel_002,Tyre_rubber,28
8845,Loose_car_alloy_wheel_002/Tread_block_310,Loose_car_alloy_wheel_002,Tyre_rubber,28
8846,Loose_car_alloy_wheel_002/Tread_block_311,Loose_car_alloy_wheel_002,Tyre_rubber,28
8847,Loose_car_alloy_wheel_002/Tread_block_312,Loose_car_alloy_wheel_002,Tyre_rubber,28
8848,Loose_car_alloy_wheel_002/Tread_block_313,Loose_car_alloy_wheel_002,Tyre_rubber,28
8849,Loose_car_alloy_wheel_002/Tread_block_314,Loose_car_alloy_wheel_002,Tyre_rubber,28
8850,Loose_car_alloy_wheel_002/Tread_block_315,Loose_car_alloy_wheel_002,Tyre_rubber,28
8851,Loose_car_alloy_wheel_002/Tread_block_316,Loose_car_alloy_wheel_002,Tyre_rubber,28
8852,Loose_car_alloy_wheel_002/Tread_block_317,Loose_car_alloy_wheel_002,Tyre_rubber,28
8853,Loose_car_alloy_wheel_002/Tread_block_318,Loose_car_alloy_wheel_002,Tyre_rubber,28
8854,Loose_car_alloy_wheel_002/Tread_block_319,Loose_car_alloy_wheel_002,Tyre_rubber,28
8855,Loose_car_alloy_wheel_002/Tread_block_320,Loose_car_alloy_wheel_002,Tyre_rubber,28
8856,Loose_car_alloy_wheel_002/Bead_lip_321,Loose_car_alloy_wheel_002,Tyre_rubber,768
8857,Loose_car_alloy_wheel_002/Moulded_sidewall_line_322,Loose_car_alloy_wheel_002,Tyre_rubber,512
8858,Loose_car_alloy_wheel_002/Inner_sidewall_line_323,Loose_car_alloy_wheel_002,Tyre_rubber,512
8859,Loose_car_alloy_wheel_002/Bead_lip_324,Loose_car_alloy_wheel_002,Tyre_rubber,768
8860,Loose_car_alloy_wheel_002/Moulded_sidewall_line_325,Loose_car_alloy_wheel_002,Tyre_rubber,512
8861,Loose_car_alloy_wheel_002/Inner_sidewall_line_326,Loose_car_alloy_wheel_002,Tyre_rubber,512
8862,Loose_car_alloy_wheel_002/Embossed_tyre_specification_327,Loose_car_alloy_wheel_002,Moulded_tyresize_275_35_R19,128
8863,Loose_car_alloy_wheel_002/Embossed_tyre_specification_reverse_328,Loose_car_alloy_wheel_002,Moulded_tyresize_275_35_R19,128
8864,Loose_car_alloy_wheel_002/Alloy_wheel_barrel_329,Loose_car_alloy_wheel_002,Brushed_alloy,512
8865,Loose_car_alloy_wheel_002/Polished_rim_lip_330,Loose_car_alloy_wheel_002,Brushed_alloy,768
8866,Loose_car_alloy_wheel_002/Rim_back_lip_331,Loose_car_alloy_wheel_002,Brushed_alloy,768
8867,Loose_car_alloy_wheel_002/Cast_alloy_spoke_332,Loose_car_alloy_wheel_002,Brushed_alloy,44
8868,Loose_car_alloy_wheel_002/Cast_alloy_spoke_333,Loose_car_alloy_wheel_002,Brushed_alloy,44
8869,Loose_car_alloy_wheel_002/Cast_alloy_spoke_334,Loose_car_alloy_wheel_002,Brushed_alloy,44
8870,Loose_car_alloy_wheel_002/Cast_alloy_spoke_335,Loose_car_alloy_wheel_002,Brushed_alloy,44
8871,Loose_car_alloy_wheel_002/Cast_alloy_spoke_336,Loose_car_alloy_wheel_002,Brushed_alloy,44
8872,Loose_car_alloy_wheel_002/Cast_alloy_spoke_337,Loose_car_alloy_wheel_002,Brushed_alloy,44
8873,Loose_car_alloy_wheel_002/Cast_alloy_spoke_338,Loose_car_alloy_wheel_002,Brushed_alloy,44
8874,Loose_car_alloy_wheel_002/Cast_alloy_spoke_339,Loose_car_alloy_wheel_002,Brushed_alloy,44
8875,Loose_car_alloy_wheel_002/Cast_alloy_spoke_340,Loose_car_alloy_wheel_002,Brushed_alloy,44
8876,Loose_car_alloy_wheel_002/Cast_alloy_spoke_341,Loose_car_alloy_wheel_002,Brushed_alloy,44
8877,Loose_car_alloy_wheel_002/Wheel_hub_342,Loose_car_alloy_wheel_002,Aged_black_steel,128
8878,Loose_car_alloy_wheel_002/Center_cap_343,Loose_car_alloy_wheel_002,Brushed_alloy,96
8879,Loose_car_alloy_wheel_002/Wheel_lug_nut_344,Loose_car_alloy_wheel_002,Brushed_alloy,24
8880,Loose_car_alloy_wheel_002/Wheel_lug_nut_345,Loose_car_alloy_wheel_002,Brushed_alloy,24
8881,Loose_car_alloy_wheel_002/Wheel_lug_nut_346,Loose_car_alloy_wheel_002,Brushed_alloy,24
8882,Loose_car_alloy_wheel_002/Wheel_lug_nut_347,Loose_car_alloy_wheel_002,Brushed_alloy,24
8883,Loose_car_alloy_wheel_002/Wheel_lug_nut_348,Loose_car_alloy_wheel_002,Brushed_alloy,24
8884,Loose_car_alloy_wheel_002/Air_valve_stem_349,Loose_car_alloy_wheel_002,Tyre_rubber,48
8885,Loose_car_alloy_wheel_002/Valve_dust_cap_350,Loose_car_alloy_wheel_002,Aged_black_steel,48
8886,Axle_jack_stand_001/Tripod_leg_000,Axle_jack_stand_001,Worn_crimson_paint,44
8887,Axle_jack_stand_001/Tripod_leg_001,Axle_jack_stand_001,Worn_crimson_paint,44
8888,Axle_jack_stand_001/Tripod_leg_002,Axle_jack_stand_001,Worn_crimson_paint,44
8889,Axle_jack_stand_001/Stand_ratcheting_post_003,Axle_jack_stand_001,Brushed_alloy,64
8890,Axle_jack_stand_001/Ratchet_tooth_004,Axle_jack_stand_001,Aged_black_steel,44
8891,Axle_jack_stand_001/Ratchet_tooth_005,Axle_jack_stand_001,Aged_black_steel,44
8892,Axle_jack_stand_001/Ratchet_tooth_006,Axle_jack_stand_001,Aged_black_steel,44
8893,Axle_jack_stand_001/Ratchet_tooth_007,Axle_jack_stand_001,Aged_black_steel,44
8894,Axle_jack_stand_001/Ratchet_tooth_008,Axle_jack_stand_001,Aged_black_steel,44
8895,Axle_jack_stand_001/Axle_saddle_009,Axle_jack_stand_001,Aged_black_steel,44
8896,Axle_jack_stand_001/Saddle_upright_010,Axle_jack_stand_001,Aged_black_steel,44
8897,Axle_jack_stand_001/Saddle_upright_011,Axle_jack_stand_001,Aged_black_steel,44
8898,Axle_jack_stand_002/Tripod_leg_000,Axle_jack_stand_002,Worn_crimson_paint,44
8899,Axle_jack_stand_002/Tripod_leg_001,Axle_jack_stand_002,Worn_crimson_paint,44
8900,Axle_jack_stand_002/Tripod_leg_002,Axle_jack_stand_002,Worn_crimson_paint,44
8901,Axle_jack_stand_002/Stand_ratcheting_post_003,Axle_jack_stand_002,Brushed_alloy,64
8902,Axle_jack_stand_002/Ratchet_tooth_004,Axle_jack_stand_002,Aged_black_steel,44
8903,Axle_jack_stand_002/Ratchet_tooth_005,Axle_jack_stand_002,Aged_black_steel,44
8904,Axle_jack_stand_002/Ratchet_tooth_006,Axle_jack_stand_002,Aged_black_steel,44
8905,Axle_jack_stand_002/Ratchet_tooth_007,Axle_jack_stand_002,Aged_black_steel,44
8906,Axle_jack_stand_002/Ratchet_tooth_008,Axle_jack_stand_002,Aged_black_steel,44
8907,Axle_jack_stand_002/Axle_saddle_009,Axle_jack_stand_002,Aged_black_steel,44
8908,Axle_jack_stand_002/Saddle_upright_010,Axle_jack_stand_002,Aged_black_steel,44
8909,Axle_jack_stand_002/Saddle_upright_011,Axle_jack_stand_002,Aged_black_steel,44
8910,Axle_jack_stand_003/Tripod_leg_000,Axle_jack_stand_003,Worn_crimson_paint,44
8911,Axle_jack_stand_003/Tripod_leg_001,Axle_jack_stand_003,Worn_crimson_paint,44
8912,Axle_jack_stand_003/Tripod_leg_002,Axle_jack_stand_003,Worn_crimson_paint,44
8913,Axle_jack_stand_003/Stand_ratcheting_post_003,Axle_jack_stand_003,Brushed_alloy,64
8914,Axle_jack_stand_003/Ratchet_tooth_004,Axle_jack_stand_003,Aged_black_steel,44
8915,Axle_jack_stand_003/Ratchet_tooth_005,Axle_jack_stand_003,Aged_black_steel,44
8916,Axle_jack_stand_003/Ratchet_tooth_006,Axle_jack_stand_003,Aged_black_steel,44
8917,Axle_jack_stand_003/Ratchet_tooth_007,Axle_jack_stand_003,Aged_black_steel,44
8918,Axle_jack_stand_003/Ratchet_tooth_008,Axle_jack_stand_003,Aged_black_steel,44
8919,Axle_jack_stand_003/Axle_saddle_009,Axle_jack_stand_003,Aged_black_steel,44
8920,Axle_jack_stand_003/Saddle_upright_010,Axle_jack_stand_003,Aged_black_steel,44
8921,Axle_jack_stand_003/Saddle_upright_011,Axle_jack_stand_003,Aged_black_steel,44
8922,Axle_jack_stand_004/Tripod_leg_000,Axle_jack_stand_004,Worn_crimson_paint,44
8923,Axle_jack_stand_004/Tripod_leg_001,Axle_jack_stand_004,Worn_crimson_paint,44
8924,Axle_jack_stand_004/Tripod_leg_002,Axle_jack_stand_004,Worn_crimson_paint,44
8925,Axle_jack_stand_004/Stand_ratcheting_post_003,Axle_jack_stand_004,Brushed_alloy,64
8926,Axle_jack_stand_004/Ratchet_tooth_004,Axle_jack_stand_004,Aged_black_steel,44
8927,Axle_jack_stand_004/Ratchet_tooth_005,Axle_jack_stand_004,Aged_black_steel,44
8928,Axle_jack_stand_004/Ratchet_tooth_006,Axle_jack_stand_004,Aged_black_steel,44
8929,Axle_jack_stand_004/Ratchet_tooth_007,Axle_jack_stand_004,Aged_black_steel,44
8930,Axle_jack_stand_004/Ratchet_tooth_008,Axle_jack_stand_004,Aged_black_steel,44
8931,Axle_jack_stand_004/Axle_saddle_009,Axle_jack_stand_004,Aged_black_steel,44
8932,Axle_jack_stand_004/Saddle_upright_010,Axle_jack_stand_004,Aged_black_steel,44
8933,Axle_jack_stand_004/Saddle_upright_011,Axle_jack_stand_004,Aged_black_steel,44
8934,Loose_carton_001/Cardboard_box_000,Loose_carton_001,Storage_cartons,44
8935,Loose_carton_001/Packing_tape_001,Loose_carton_001,Printed_labels,44
8936,Loose_carton_001/Shipping_label_002,Loose_carton_001,Printed_labels,44
8937,Loose_carton_001/Label_barcode_003,Loose_carton_001,Deep_charcoal,12
8938,Loose_carton_001/Label_barcode_004,Loose_carton_001,Deep_charcoal,12
8939,Loose_carton_001/Label_barcode_005,Loose_carton_001,Deep_charcoal,12
8940,Loose_carton_001/Label_barcode_006,Loose_carton_001,Deep_charcoal,12
8941,Loose_carton_001/Label_barcode_007,Loose_carton_001,Deep_charcoal,12
8942,Loose_carton_001/Label_barcode_008,Loose_carton_001,Deep_charcoal,12
8943,Loose_carton_001/Label_barcode_009,Loose_carton_001,Deep_charcoal,12
8944,Loose_carton_001/Label_barcode_010,Loose_carton_001,Deep_charcoal,12
8945,Loose_carton_001/Label_barcode_011,Loose_carton_001,Deep_charcoal,12
8946,Loose_carton_001/Label_barcode_012,Loose_carton_001,Deep_charcoal,12
8947,Loose_carton_001/Label_barcode_013,Loose_carton_001,Deep_charcoal,12
8948,Loose_carton_001/Cardboard_edge_014,Loose_carton_001,Workbench_wood,44
8949,Loose_carton_001/Cardboard_edge_015,Loose_carton_001,Workbench_wood,44
8950,Loose_carton_002/Cardboard_box_000,Loose_carton_002,Storage_cartons,44
8951,Loose_carton_002/Packing_tape_001,Loose_carton_002,Printed_labels,44
8952,Loose_carton_002/Shipping_label_002,Loose_carton_002,Printed_labels,44
8953,Loose_carton_002/Label_barcode_003,Loose_carton_002,Deep_charcoal,12
8954,Loose_carton_002/Label_barcode_004,Loose_carton_002,Deep_charcoal,12
8955,Loose_carton_002/Label_barcode_005,Loose_carton_002,Deep_charcoal,12
8956,Loose_carton_002/Label_barcode_006,Loose_carton_002,Deep_charcoal,12
8957,Loose_carton_002/Label_barcode_007,Loose_carton_002,Deep_charcoal,12
8958,Loose_carton_002/Label_barcode_008,Loose_carton_002,Deep_charcoal,12
8959,Loose_carton_002/Label_barcode_009,Loose_carton_002,Deep_charcoal,12
8960,Loose_carton_002/Label_barcode_010,Loose_carton_002,Deep_charcoal,12
8961,Loose_carton_002/Label_barcode_011,Loose_carton_002,Deep_charcoal,12
8962,Loose_carton_002/Label_barcode_012,Loose_carton_002,Deep_charcoal,12
8963,Loose_carton_002/Label_barcode_013,Loose_carton_002,Deep_charcoal,12
8964,Loose_carton_002/Cardboard_edge_014,Loose_carton_002,Workbench_wood,44
8965,Loose_carton_002/Cardboard_edge_015,Loose_carton_002,Workbench_wood,44
8966,Loose_carton_003/Cardboard_box_000,Loose_carton_003,Storage_cartons,44
8967,Loose_carton_003/Packing_tape_001,Loose_carton_003,Printed_labels,44
8968,Loose_carton_003/Shipping_label_002,Loose_carton_003,Printed_labels,44
8969,Loose_carton_003/Label_barcode_003,Loose_carton_003,Deep_charcoal,12
8970,Loose_carton_003/Label_barcode_004,Loose_carton_003,Deep_charcoal,12
8971,Loose_carton_003/Label_barcode_005,Loose_carton_003,Deep_charcoal,12
8972,Loose_carton_003/Label_barcode_006,Loose_carton_003,Deep_charcoal,12
8973,Loose_carton_003/Label_barcode_007,Loose_carton_003,Deep_charcoal,12
8974,Loose_carton_003/Label_barcode_008,Loose_carton_003,Deep_charcoal,12
8975,Loose_carton_003/Label_barcode_009,Loose_carton_003,Deep_charcoal,12
8976,Loose_carton_003/Label_barcode_010,Loose_carton_003,Deep_charcoal,12
8977,Loose_carton_003/Label_barcode_011,Loose_carton_003,Deep_charcoal,12
8978,Loose_carton_003/Label_barcode_012,Loose_carton_003,Deep_charcoal,12
8979,Loose_carton_003/Label_barcode_013,Loose_carton_003,Deep_charcoal,12
8980,Loose_carton_003/Cardboard_edge_014,Loose_carton_003,Workbench_wood,44
8981,Loose_carton_003/Cardboard_edge_015,Loose_carton_003,Workbench_wood,44
8982,Loose_carton_004/Cardboard_box_000,Loose_carton_004,Storage_cartons,44
8983,Loose_carton_004/Packing_tape_001,Loose_carton_004,Printed_labels,44
8984,Loose_carton_004/Shipping_label_002,Loose_carton_004,Printed_labels,44
8985,Loose_carton_004/Label_barcode_003,Loose_carton_004,Deep_charcoal,12
8986,Loose_carton_004/Label_barcode_004,Loose_carton_004,Deep_charcoal,12
8987,Loose_carton_004/Label_barcode_005,Loose_carton_004,Deep_charcoal,12
8988,Loose_carton_004/Label_barcode_006,Loose_carton_004,Deep_charcoal,12
8989,Loose_carton_004/Label_barcode_007,Loose_carton_004,Deep_charcoal,12
8990,Loose_carton_004/Label_barcode_008,Loose_carton_004,Deep_charcoal,12
8991,Loose_carton_004/Label_barcode_009,Loose_carton_004,Deep_charcoal,12
8992,Loose_carton_004/Label_barcode_010,Loose_carton_004,Deep_charcoal,12
8993,Loose_carton_004/Label_barcode_011,Loose_carton_004,Deep_charcoal,12
8994,Loose_carton_004/Label_barcode_012,Loose_carton_004,Deep_charcoal,12
8995,Loose_carton_004/Label_barcode_013,Loose_carton_004,Deep_charcoal,12
8996,Loose_carton_004/Cardboard_edge_014,Loose_carton_004,Workbench_wood,44
8997,Loose_carton_004/Cardboard_edge_015,Loose_carton_004,Workbench_wood,44
8998,Loose_carton_005/Cardboard_box_000,Loose_carton_005,Storage_cartons,44
8999,Loose_carton_005/Packing_tape_001,Loose_carton_005,Printed_labels,44
9000,Loose_carton_005/Shipping_label_002,Loose_carton_005,Printed_labels,44
9001,Loose_carton_005/Label_barcode_003,Loose_carton_005,Deep_charcoal,12
9002,Loose_carton_005/Label_barcode_004,Loose_carton_005,Deep_charcoal,12
9003,Loose_carton_005/Label_barcode_005,Loose_carton_005,Deep_charcoal,12
9004,Loose_carton_005/Label_barcode_006,Loose_carton_005,Deep_charcoal,12
9005,Loose_carton_005/Label_barcode_007,Loose_carton_005,Deep_charcoal,12
9006,Loose_carton_005/Label_barcode_008,Loose_carton_005,Deep_charcoal,12
9007,Loose_carton_005/Label_barcode_009,Loose_carton_005,Deep_charcoal,12
9008,Loose_carton_005/Label_barcode_010,Loose_carton_005,Deep_charcoal,12
9009,Loose_carton_005/Label_barcode_011,Loose_carton_005,Deep_charcoal,12
9010,Loose_carton_005/Label_barcode_012,Loose_carton_005,Deep_charcoal,12
9011,Loose_carton_005/Label_barcode_013,Loose_carton_005,Deep_charcoal,12
9012,Loose_carton_005/Cardboard_edge_014,Loose_carton_005,Workbench_wood,44
9013,Loose_carton_005/Cardboard_edge_015,Loose_carton_005,Workbench_wood,44
9014,Loose_fluid_crate_001/Crate_floor_000,Loose_fluid_crate_001,Aged_black_steel,44
9015,Loose_fluid_crate_001/Crate_side_001,Loose_fluid_crate_001,Aged_black_steel,44
9016,Loose_fluid_crate_001/Crate_end_002,Loose_fluid_crate_001,Aged_black_steel,44
9017,Loose_fluid_crate_001/Crate_side_003,Loose_fluid_crate_001,Aged_black_steel,44
9018,Loose_fluid_crate_001/Crate_end_004,Loose_fluid_crate_001,Aged_black_steel,44
9019,Loose_fluid_crate_001/Crated_fluid_001/Bottle_body_000_005,Loose_fluid_crate_001,Coolant_bottle_green,80
9020,Loose_fluid_crate_001/Crated_fluid_001/Bottle_neck_001_006,Loose_fluid_crate_001,Coolant_bottle_green,64
9021,Loose_fluid_crate_001/Crated_fluid_001/Bottle_cap_002_007,Loose_fluid_crate_001,Tyre_rubber,64
9022,Loose_fluid_crate_001/Crated_fluid_001/Bottle_label_003_008,Loose_fluid_crate_001,Printed_labels,44
9023,Loose_fluid_crate_001/Crated_fluid_001/Label_print_line_004_009,Loose_fluid_crate_001,Deep_charcoal,12
9024,Loose_fluid_crate_001/Crated_fluid_001/Label_print_line_005_010,Loose_fluid_crate_001,Deep_charcoal,12
9025,Loose_fluid_crate_001/Crated_fluid_001/Label_print_line_006_011,Loose_fluid_crate_001,Deep_charcoal,12
9026,Loose_fluid_crate_001/Crated_fluid_001/Label_print_line_007_012,Loose_fluid_crate_001,Deep_charcoal,12
9027,Loose_fluid_crate_001/Crated_fluid_002/Bottle_body_000_013,Loose_fluid_crate_001,Coolant_bottle_green,80
9028,Loose_fluid_crate_001/Crated_fluid_002/Bottle_neck_001_014,Loose_fluid_crate_001,Coolant_bottle_green,64
9029,Loose_fluid_crate_001/Crated_fluid_002/Bottle_cap_002_015,Loose_fluid_crate_001,Tyre_rubber,64
9030,Loose_fluid_crate_001/Crated_fluid_002/Bottle_label_003_016,Loose_fluid_crate_001,Printed_labels,44
9031,Loose_fluid_crate_001/Crated_fluid_002/Label_print_line_004_017,Loose_fluid_crate_001,Deep_charcoal,12
9032,Loose_fluid_crate_001/Crated_fluid_002/Label_print_line_005_018,Loose_fluid_crate_001,Deep_charcoal,12
9033,Loose_fluid_crate_001/Crated_fluid_002/Label_print_line_006_019,Loose_fluid_crate_001,Deep_charcoal,12
9034,Loose_fluid_crate_001/Crated_fluid_002/Label_print_line_007_020,Loose_fluid_crate_001,Deep_charcoal,12
9035,Loose_fluid_crate_001/Crated_fluid_003/Bottle_body_000_021,Loose_fluid_crate_001,Coolant_bottle_green,80
9036,Loose_fluid_crate_001/Crated_fluid_003/Bottle_neck_001_022,Loose_fluid_crate_001,Coolant_bottle_green,64
9037,Loose_fluid_crate_001/Crated_fluid_003/Bottle_cap_002_023,Loose_fluid_crate_001,Tyre_rubber,64
9038,Loose_fluid_crate_001/Crated_fluid_003/Bottle_label_003_024,Loose_fluid_crate_001,Printed_labels,44
9039,Loose_fluid_crate_001/Crated_fluid_003/Label_print_line_004_025,Loose_fluid_crate_001,Deep_charcoal,12
9040,Loose_fluid_crate_001/Crated_fluid_003/Label_print_line_005_026,Loose_fluid_crate_001,Deep_charcoal,12
9041,Loose_fluid_crate_001/Crated_fluid_003/Label_print_line_006_027,Loose_fluid_crate_001,Deep_charcoal,12
9042,Loose_fluid_crate_001/Crated_fluid_003/Label_print_line_007_028,Loose_fluid_crate_001,Deep_charcoal,12
9043,Loose_fluid_crate_001/Crated_fluid_004/Bottle_body_000_029,Loose_fluid_crate_001,Coolant_bottle_green,80
9044,Loose_fluid_crate_001/Crated_fluid_004/Bottle_neck_001_030,Loose_fluid_crate_001,Coolant_bottle_green,64
9045,Loose_fluid_crate_001/Crated_fluid_004/Bottle_cap_002_031,Loose_fluid_crate_001,Tyre_rubber,64
9046,Loose_fluid_crate_001/Crated_fluid_004/Bottle_label_003_032,Loose_fluid_crate_001,Printed_labels,44
9047,Loose_fluid_crate_001/Crated_fluid_004/Label_print_line_004_033,Loose_fluid_crate_001,Deep_charcoal,12
9048,Loose_fluid_crate_001/Crated_fluid_004/Label_print_line_005_034,Loose_fluid_crate_001,Deep_charcoal,12
9049,Loose_fluid_crate_001/Crated_fluid_004/Label_print_line_006_035,Loose_fluid_crate_001,Deep_charcoal,12
9050,Loose_fluid_crate_001/Crated_fluid_004/Label_print_line_007_036,Loose_fluid_crate_001,Deep_charcoal,12
9051,Loose_fluid_crate_002/Crate_floor_000,Loose_fluid_crate_002,Aged_black_steel,44
9052,Loose_fluid_crate_002/Crate_side_001,Loose_fluid_crate_002,Aged_black_steel,44
9053,Loose_fluid_crate_002/Crate_end_002,Loose_fluid_crate_002,Aged_black_steel,44
9054,Loose_fluid_crate_002/Crate_side_003,Loose_fluid_crate_002,Aged_black_steel,44
9055,Loose_fluid_crate_002/Crate_end_004,Loose_fluid_crate_002,Aged_black_steel,44
9056,Loose_fluid_crate_002/Crated_fluid_005/Bottle_body_000_005,Loose_fluid_crate_002,Coolant_bottle_green,80
9057,Loose_fluid_crate_002/Crated_fluid_005/Bottle_neck_001_006,Loose_fluid_crate_002,Coolant_bottle_green,64
9058,Loose_fluid_crate_002/Crated_fluid_005/Bottle_cap_002_007,Loose_fluid_crate_002,Tyre_rubber,64
9059,Loose_fluid_crate_002/Crated_fluid_005/Bottle_label_003_008,Loose_fluid_crate_002,Printed_labels,44
9060,Loose_fluid_crate_002/Crated_fluid_005/Label_print_line_004_009,Loose_fluid_crate_002,Deep_charcoal,12
9061,Loose_fluid_crate_002/Crated_fluid_005/Label_print_line_005_010,Loose_fluid_crate_002,Deep_charcoal,12
9062,Loose_fluid_crate_002/Crated_fluid_005/Label_print_line_006_011,Loose_fluid_crate_002,Deep_charcoal,12
9063,Loose_fluid_crate_002/Crated_fluid_005/Label_print_line_007_012,Loose_fluid_crate_002,Deep_charcoal,12
9064,Loose_fluid_crate_002/Crated_fluid_006/Bottle_body_000_013,Loose_fluid_crate_002,Coolant_bottle_green,80
9065,Loose_fluid_crate_002/Crated_fluid_006/Bottle_neck_001_014,Loose_fluid_crate_002,Coolant_bottle_green,64
9066,Loose_fluid_crate_002/Crated_fluid_006/Bottle_cap_002_015,Loose_fluid_crate_002,Tyre_rubber,64
9067,Loose_fluid_crate_002/Crated_fluid_006/Bottle_label_003_016,Loose_fluid_crate_002,Printed_labels,44
9068,Loose_fluid_crate_002/Crated_fluid_006/Label_print_line_004_017,Loose_fluid_crate_002,Deep_charcoal,12
9069,Loose_fluid_crate_002/Crated_fluid_006/Label_print_line_005_018,Loose_fluid_crate_002,Deep_charcoal,12
9070,Loose_fluid_crate_002/Crated_fluid_006/Label_print_line_006_019,Loose_fluid_crate_002,Deep_charcoal,12
9071,Loose_fluid_crate_002/Crated_fluid_006/Label_print_line_007_020,Loose_fluid_crate_002,Deep_charcoal,12
9072,Loose_fluid_crate_002/Crated_fluid_007/Bottle_body_000_021,Loose_fluid_crate_002,Coolant_bottle_green,80
9073,Loose_fluid_crate_002/Crated_fluid_007/Bottle_neck_001_022,Loose_fluid_crate_002,Coolant_bottle_green,64
9074,Loose_fluid_crate_002/Crated_fluid_007/Bottle_cap_002_023,Loose_fluid_crate_002,Tyre_rubber,64
9075,Loose_fluid_crate_002/Crated_fluid_007/Bottle_label_003_024,Loose_fluid_crate_002,Printed_labels,44
9076,Loose_fluid_crate_002/Crated_fluid_007/Label_print_line_004_025,Loose_fluid_crate_002,Deep_charcoal,12
9077,Loose_fluid_crate_002/Crated_fluid_007/Label_print_line_005_026,Loose_fluid_crate_002,Deep_charcoal,12
9078,Loose_fluid_crate_002/Crated_fluid_007/Label_print_line_006_027,Loose_fluid_crate_002,Deep_charcoal,12
9079,Loose_fluid_crate_002/Crated_fluid_007/Label_print_line_007_028,Loose_fluid_crate_002,Deep_charcoal,12
9080,Loose_fluid_crate_002/Crated_fluid_008/Bottle_body_000_029,Loose_fluid_crate_002,Coolant_bottle_green,80
9081,Loose_fluid_crate_002/Crated_fluid_008/Bottle_neck_001_030,Loose_fluid_crate_002,Coolant_bottle_green,64
9082,Loose_fluid_crate_002/Crated_fluid_008/Bottle_cap_002_031,Loose_fluid_crate_002,Tyre_rubber,64
9083,Loose_fluid_crate_002/Crated_fluid_008/Bottle_label_003_032,Loose_fluid_crate_002,Printed_labels,44
9084,Loose_fluid_crate_002/Crated_fluid_008/Label_print_line_004_033,Loose_fluid_crate_002,Deep_charcoal,12
9085,Loose_fluid_crate_002/Crated_fluid_008/Label_print_line_005_034,Loose_fluid_crate_002,Deep_charcoal,12
9086,Loose_fluid_crate_002/Crated_fluid_008/Label_print_line_006_035,Loose_fluid_crate_002,Deep_charcoal,12
9087,Loose_fluid_crate_002/Crated_fluid_008/Label_print_line_007_036,Loose_fluid_crate_002,Deep_charcoal,12
9088,Air_hose_on_floor_001/Hose_loop_000,Air_hose_on_floor_001,Hand_tool_orange,384
9089,Air_hose_on_floor_001/Hose_loop_001,Air_hose_on_floor_001,Hand_tool_orange,384
9090,Air_hose_on_floor_001/Hose_loop_002,Air_hose_on_floor_001,Hand_tool_orange,384
9091,Air_hose_on_floor_001/Hose_loop_003,Air_hose_on_floor_001,Hand_tool_orange,384
9092,Air_hose_on_floor_001/Hose_loop_004,Air_hose_on_floor_001,Hand_tool_orange,384
9093,Air_hose_on_floor_001/Hose_loop_005,Air_hose_on_floor_001,Hand_tool_orange,384
9094,Air_hose_on_floor_001/Hose_loop_006,Air_hose_on_floor_001,Hand_tool_orange,384
9095,Air_hose_on_floor_001/Tube_007,Air_hose_on_floor_001,Hand_tool_orange,64
9096,Air_hose_on_floor_001/Hose_quick_coupling_008,Air_hose_on_floor_001,Valve_brass,48
9097,Air_hose_on_floor_002/Hose_loop_000,Air_hose_on_floor_002,Hand_tool_orange,384
9098,Air_hose_on_floor_002/Hose_loop_001,Air_hose_on_floor_002,Hand_tool_orange,384
9099,Air_hose_on_floor_002/Hose_loop_002,Air_hose_on_floor_002,Hand_tool_orange,384
9100,Air_hose_on_floor_002/Hose_loop_003,Air_hose_on_floor_002,Hand_tool_orange,384
9101,Air_hose_on_floor_002/Hose_loop_004,Air_hose_on_floor_002,Hand_tool_orange,384
9102,Air_hose_on_floor_002/Hose_loop_005,Air_hose_on_floor_002,Hand_tool_orange,384
9103,Air_hose_on_floor_002/Hose_loop_006,Air_hose_on_floor_002,Hand_tool_orange,384
9104,Air_hose_on_floor_002/Tube_007,Air_hose_on_floor_002,Hand_tool_orange,64
9105,Air_hose_on_floor_002/Hose_quick_coupling_008,Air_hose_on_floor_002,Valve_brass,48
9106,Workshop_stool_001/Stool_cushion_000,Workshop_stool_001,Tyre_rubber,128
9107,Workshop_stool_001/Seat_base_001,Workshop_stool_001,Aged_black_steel,128
9108,Workshop_stool_001/Stool_post_002,Workshop_stool_001,Brushed_alloy,80
9109,Workshop_stool_001/Stool_leg_003,Workshop_stool_001,Aged_black_steel,44
9110,Workshop_stool_001/Stool_castor_004,Workshop_stool_001,Tyre_rubber,64
9111,Workshop_stool_001/Stool_leg_005,Workshop_stool_001,Aged_black_steel,44
9112,Workshop_stool_001/Stool_castor_006,Workshop_stool_001,Tyre_rubber,64
9113,Workshop_stool_001/Stool_leg_007,Workshop_stool_001,Aged_black_steel,44
9114,Workshop_stool_001/Stool_castor_008,Workshop_stool_001,Tyre_rubber,64
9115,Workshop_stool_001/Stool_leg_009,Workshop_stool_001,Aged_black_steel,44
9116,Workshop_stool_001/Stool_castor_010,Workshop_stool_001,Tyre_rubber,64
9117,Workshop_stool_001/Stool_leg_011,Workshop_stool_001,Aged_black_steel,44
9118,Workshop_stool_001/Stool_castor_012,Workshop_stool_001,Tyre_rubber,64
9119,Shop_bucket_001/Bucket_body_000,Shop_bucket_001,Aged_black_steel,96
9120,Shop_bucket_001/Bucket_dark_interior_001,Shop_bucket_001,Deep_charcoal,96
9121,Shop_bucket_001/Bucket_rim_002,Shop_bucket_001,Brushed_alloy,384
9122,Shop_bucket_001/Bucket_handle_003,Shop_bucket_001,Brushed_alloy,288
9123,Shop_bucket_002/Bucket_body_000,Shop_bucket_002,Aged_black_steel,96
9124,Shop_bucket_002/Bucket_dark_interior_001,Shop_bucket_002,Deep_charcoal,96
9125,Shop_bucket_002/Bucket_rim_002,Shop_bucket_002,Brushed_alloy,384
9126,Shop_bucket_002/Bucket_handle_003,Shop_bucket_002,Brushed_alloy,288
9127,Manual_gearbox_on_floor_001/Cast_transmission_case_000,Manual_gearbox_on_floor_001,Brushed_alloy,1536
9128,Manual_gearbox_on_floor_001/Transmission_reinforcing_rib_001,Manual_gearbox_on_floor_001,Aged_black_steel,576
9129,Manual_gearbox_on_floor_001/Transmission_reinforcing_rib_002,Manual_gearbox_on_floor_001,Aged_black_steel,576
9130,Manual_gearbox_on_floor_001/Transmission_reinforcing_rib_003,Manual_gearbox_on_floor_001,Aged_black_steel,576
9131,Manual_gearbox_on_floor_001/Transmission_reinforcing_rib_004,Manual_gearbox_on_floor_001,Aged_black_steel,576
9132,Manual_gearbox_on_floor_001/Transmission_reinforcing_rib_005,Manual_gearbox_on_floor_001,Aged_black_steel,576
9133,Manual_gearbox_on_floor_001/Transmission_reinforcing_rib_006,Manual_gearbox_on_floor_001,Aged_black_steel,576
9134,Manual_gearbox_on_floor_001/Transmission_reinforcing_rib_007,Manual_gearbox_on_floor_001,Aged_black_steel,576
9135,Manual_gearbox_on_floor_001/Hex_fastener_008,Manual_gearbox_on_floor_001,Brushed_alloy,24
9136,Manual_gearbox_on_floor_001/Bellhousing_cast_rib_009,Manual_gearbox_on_floor_001,Brushed_alloy,44
9137,Manual_gearbox_on_floor_001/Hex_fastener_010,Manual_gearbox_on_floor_001,Brushed_alloy,24
9138,Manual_gearbox_on_floor_001/Bellhousing_cast_rib_011,Manual_gearbox_on_floor_001,Brushed_alloy,44
9139,Manual_gearbox_on_floor_001/Hex_fastener_012,Manual_gearbox_on_floor_001,Brushed_alloy,24
9140,Manual_gearbox_on_floor_001/Bellhousing_cast_rib_013,Manual_gearbox_on_floor_001,Brushed_alloy,44
9141,Manual_gearbox_on_floor_001/Hex_fastener_014,Manual_gearbox_on_floor_001,Brushed_alloy,24
9142,Manual_gearbox_on_floor_001/Bellhousing_cast_rib_015,Manual_gearbox_on_floor_001,Brushed_alloy,44
9143,Manual_gearbox_on_floor_001/Hex_fastener_016,Manual_gearbox_on_floor_001,Brushed_alloy,24
9144,Manual_gearbox_on_floor_001/Bellhousing_cast_rib_017,Manual_gearbox_on_floor_001,Brushed_alloy,44
9145,Manual_gearbox_on_floor_001/Hex_fastener_018,Manual_gearbox_on_floor_001,Brushed_alloy,24
9146,Manual_gearbox_on_floor_001/Bellhousing_cast_rib_019,Manual_gearbox_on_floor_001,Brushed_alloy,44
9147,Manual_gearbox_on_floor_001/Hex_fastener_020,Manual_gearbox_on_floor_001,Brushed_alloy,24
9148,Manual_gearbox_on_floor_001/Bellhousing_cast_rib_021,Manual_gearbox_on_floor_001,Brushed_alloy,44
9149,Manual_gearbox_on_floor_001/Hex_fastener_022,Manual_gearbox_on_floor_001,Brushed_alloy,24
9150,Manual_gearbox_on_floor_001/Bellhousing_cast_rib_023,Manual_gearbox_on_floor_001,Brushed_alloy,44
9151,Manual_gearbox_on_floor_001/Hex_fastener_024,Manual_gearbox_on_floor_001,Brushed_alloy,24
9152,Manual_gearbox_on_floor_001/Bellhousing_cast_rib_025,Manual_gearbox_on_floor_001,Brushed_alloy,44
9153,Manual_gearbox_on_floor_001/Bellhousing_shadow_026,Manual_gearbox_on_floor_001,Deep_charcoal,128
9154,Manual_gearbox_on_floor_001/Input_shaft_027,Manual_gearbox_on_floor_001,Brushed_alloy,80
9155,Manual_gearbox_on_floor_001/Input_shaft_spline_028,Manual_gearbox_on_floor_001,Aged_black_steel,44
9156,Manual_gearbox_on_floor_001/Input_shaft_spline_029,Manual_gearbox_on_floor_001,Aged_black_steel,44
9157,Manual_gearbox_on_floor_001/Input_shaft_spline_030,Manual_gearbox_on_floor_001,Aged_black_steel,44
9158,Manual_gearbox_on_floor_001/Input_shaft_spline_031,Manual_gearbox_on_floor_001,Aged_black_steel,44
9159,Manual_gearbox_on_floor_001/Input_shaft_spline_032,Manual_gearbox_on_floor_001,Aged_black_steel,44
9160,Manual_gearbox_on_floor_001/Input_shaft_spline_033,Manual_gearbox_on_floor_001,Aged_black_steel,44
9161,Manual_gearbox_on_floor_001/Input_shaft_spline_034,Manual_gearbox_on_floor_001,Aged_black_steel,44
9162,Manual_gearbox_on_floor_001/Input_shaft_spline_035,Manual_gearbox_on_floor_001,Aged_black_steel,44
9163,Manual_gearbox_on_floor_001/Input_shaft_spline_036,Manual_gearbox_on_floor_001,Aged_black_steel,44
9164,Manual_gearbox_on_floor_001/Input_shaft_spline_037,Manual_gearbox_on_floor_001,Aged_black_steel,44
9165,Manual_gearbox_on_floor_001/Output_shaft_038,Manual_gearbox_on_floor_001,Brushed_alloy,80
9166,Manual_gearbox_on_floor_001/Selector_housing_039,Manual_gearbox_on_floor_001,Aged_black_steel,44
9167,Manual_gearbox_on_floor_001/Hex_fastener_040,Manual_gearbox_on_floor_001,Brushed_alloy,24
9168,Manual_gearbox_on_floor_001/Hex_fastener_041,Manual_gearbox_on_floor_001,Brushed_alloy,24
9169,Leaning_intercooler_001/Intercooler_core_000,Leaning_intercooler_001,Brushed_alloy,44
9170,Leaning_intercooler_001/Horizontal_cooling_fin_001,Leaning_intercooler_001,Aged_black_steel,44
9171,Leaning_intercooler_001/Horizontal_cooling_fin_002,Leaning_intercooler_001,Aged_black_steel,44
9172,Leaning_intercooler_001/Horizontal_cooling_fin_003,Leaning_intercooler_001,Aged_black_steel,44
9173,Leaning_intercooler_001/Horizontal_cooling_fin_004,Leaning_intercooler_001,Aged_black_steel,44
9174,Leaning_intercooler_001/Horizontal_cooling_fin_005,Leaning_intercooler_001,Aged_black_steel,44
9175,Leaning_intercooler_001/Horizontal_cooling_fin_006,Leaning_intercooler_001,Aged_black_steel,44
9176,Leaning_intercooler_001/Horizontal_cooling_fin_007,Leaning_intercooler_001,Aged_black_steel,44
9177,Leaning_intercooler_001/Horizontal_cooling_fin_008,Leaning_intercooler_001,Aged_black_steel,44
9178,Leaning_intercooler_001/Horizontal_cooling_fin_009,Leaning_intercooler_001,Aged_black_steel,44
9179,Leaning_intercooler_001/Horizontal_cooling_fin_010,Leaning_intercooler_001,Aged_black_steel,44
9180,Leaning_intercooler_001/Horizontal_cooling_fin_011,Leaning_intercooler_001,Aged_black_steel,44
9181,Leaning_intercooler_001/Horizontal_cooling_fin_012,Leaning_intercooler_001,Aged_black_steel,44
9182,Leaning_intercooler_001/Horizontal_cooling_fin_013,Leaning_intercooler_001,Aged_black_steel,44
9183,Leaning_intercooler_001/Horizontal_cooling_fin_014,Leaning_intercooler_001,Aged_black_steel,44
9184,Leaning_intercooler_001/Horizontal_cooling_fin_015,Leaning_intercooler_001,Aged_black_steel,44
9185,Leaning_intercooler_001/Horizontal_cooling_fin_016,Leaning_intercooler_001,Aged_black_steel,44
9186,Leaning_intercooler_001/Horizontal_cooling_fin_017,Leaning_intercooler_001,Aged_black_steel,44
9187,Leaning_intercooler_001/Horizontal_cooling_fin_018,Leaning_intercooler_001,Aged_black_steel,44
9188,Leaning_intercooler_001/Horizontal_cooling_fin_019,Leaning_intercooler_001,Aged_black_steel,44
9189,Leaning_intercooler_001/Horizontal_cooling_fin_020,Leaning_intercooler_001,Aged_black_steel,44
9190,Leaning_intercooler_001/Horizontal_cooling_fin_021,Leaning_intercooler_001,Aged_black_steel,44
9191,Leaning_intercooler_001/Horizontal_cooling_fin_022,Leaning_intercooler_001,Aged_black_steel,44
9192,Leaning_intercooler_001/Horizontal_cooling_fin_023,Leaning_intercooler_001,Aged_black_steel,44
9193,Leaning_intercooler_001/Welded_end_tank_024,Leaning_intercooler_001,Aged_black_steel,44
9194,Leaning_intercooler_001/Boost_pipe_stub_025,Leaning_intercooler_001,Brushed_alloy,96
9195,Leaning_intercooler_001/Hose_bead_026,Leaning_intercooler_001,Brushed_alloy,288
9196,Leaning_intercooler_001/Welded_end_tank_027,Leaning_intercooler_001,Aged_black_steel,44
9197,Leaning_intercooler_001/Boost_pipe_stub_028,Leaning_intercooler_001,Brushed_alloy,96
9198,Leaning_intercooler_001/Hose_bead_029,Leaning_intercooler_001,Brushed_alloy,288
9199,Leaning_intercooler_001/Intercooler_mount_tab_030,Leaning_intercooler_001,Aged_black_steel,44
9200,Leaning_intercooler_001/Intercooler_mount_tab_031,Leaning_intercooler_001,Aged_black_steel,44
9201,Brake_service_mat_001/Oil_resistant_floor_mat_000,Brake_service_mat_001,Tyre_rubber,44
9202,Brake_service_mat_001/Used_brake_rotor_001/Brake_disc_rotor_000_001,Brake_service_mat_001,Brushed_alloy,512
9203,Brake_service_mat_001/Used_brake_rotor_001/Rotor_vent_001_002,Brake_service_mat_001,Deep_charcoal,44
9204,Brake_service_mat_001/Used_brake_rotor_001/Rotor_vent_002_003,Brake_service_mat_001,Deep_charcoal,44
9205,Brake_service_mat_001/Used_brake_rotor_001/Rotor_vent_003_004,Brake_service_mat_001,Deep_charcoal,44
9206,Brake_service_mat_001/Used_brake_rotor_001/Rotor_vent_004_005,Brake_service_mat_001,Deep_charcoal,44
9207,Brake_service_mat_001/Used_brake_rotor_001/Rotor_vent_005_006,Brake_service_mat_001,Deep_charcoal,44
9208,Brake_service_mat_001/Used_brake_rotor_001/Rotor_vent_006_007,Brake_service_mat_001,Deep_charcoal,44
9209,Brake_service_mat_001/Used_brake_rotor_001/Rotor_vent_007_008,Brake_service_mat_001,Deep_charcoal,44
9210,Brake_service_mat_001/Used_brake_rotor_001/Rotor_vent_008_009,Brake_service_mat_001,Deep_charcoal,44
9211,Brake_service_mat_001/Used_brake_rotor_001/Rotor_vent_009_010,Brake_service_mat_001,Deep_charcoal,44
9212,Brake_service_mat_001/Used_brake_rotor_001/Rotor_vent_010_011,Brake_service_mat_001,Deep_charcoal,44
9213,Brake_service_mat_001/Used_brake_rotor_001/Rotor_vent_011_012,Brake_service_mat_001,Deep_charcoal,44
9214,Brake_service_mat_001/Used_brake_rotor_001/Rotor_vent_012_013,Brake_service_mat_001,Deep_charcoal,44
9215,Brake_service_mat_001/Used_brake_rotor_001/Rotor_vent_013_014,Brake_service_mat_001,Deep_charcoal,44
9216,Brake_service_mat_001/Used_brake_rotor_001/Rotor_vent_014_015,Brake_service_mat_001,Deep_charcoal,44
9217,Brake_service_mat_001/Used_brake_rotor_001/Rotor_vent_015_016,Brake_service_mat_001,Deep_charcoal,44
9218,Brake_service_mat_001/Used_brake_rotor_001/Rotor_vent_016_017,Brake_service_mat_001,Deep_charcoal,44
9219,Brake_service_mat_001/Used_brake_rotor_001/Rotor_vent_017_018,Brake_service_mat_001,Deep_charcoal,44
9220,Brake_service_mat_001/Used_brake_rotor_001/Rotor_vent_018_019,Brake_service_mat_001,Deep_charcoal,44
9221,Brake_service_mat_001/Used_brake_rotor_001/Rotor_vent_019_020,Brake_service_mat_001,Deep_charcoal,44
9222,Brake_service_mat_001/Used_brake_rotor_001/Rotor_vent_020_021,Brake_service_mat_001,Deep_charcoal,44
9223,Brake_service_mat_001/Used_brake_rotor_001/Rotor_vent_021_022,Brake_service_mat_001,Deep_charcoal,44
9224,Brake_service_mat_001/Used_brake_rotor_001/Rotor_vent_022_023,Brake_service_mat_001,Deep_charcoal,44
9225,Brake_service_mat_001/Used_brake_rotor_001/Rotor_vent_023_024,Brake_service_mat_001,Deep_charcoal,44
9226,Brake_service_mat_001/Used_brake_rotor_001/Rotor_vent_024_025,Brake_service_mat_001,Deep_charcoal,44
9227,Brake_service_mat_001/Used_brake_rotor_001/Rotor_vent_025_026,Brake_service_mat_001,Deep_charcoal,44
9228,Brake_service_mat_001/Used_brake_rotor_001/Rotor_vent_026_027,Brake_service_mat_001,Deep_charcoal,44
9229,Brake_service_mat_001/Used_brake_rotor_001/Rotor_vent_027_028,Brake_service_mat_001,Deep_charcoal,44
9230,Brake_service_mat_001/Used_brake_rotor_001/Rotor_vent_028_029,Brake_service_mat_001,Deep_charcoal,44
9231,Brake_service_mat_001/Used_brake_rotor_001/Rotor_vent_029_030,Brake_service_mat_001,Deep_charcoal,44
9232,Brake_service_mat_001/Used_brake_rotor_001/Rotor_vent_030_031,Brake_service_mat_001,Deep_charcoal,44
9233,Brake_service_mat_001/Used_brake_rotor_001/Rotor_vent_031_032,Brake_service_mat_001,Deep_charcoal,44
9234,Brake_service_mat_001/Used_brake_rotor_001/Rotor_vent_032_033,Brake_service_mat_001,Deep_charcoal,44
9235,Brake_service_mat_001/Used_brake_rotor_001/Rotor_vent_033_034,Brake_service_mat_001,Deep_charcoal,44
9236,Brake_service_mat_001/Used_brake_rotor_001/Rotor_vent_034_035,Brake_service_mat_001,Deep_charcoal,44
9237,Brake_service_mat_001/Used_brake_rotor_001/Rotor_vent_035_036,Brake_service_mat_001,Deep_charcoal,44
9238,Brake_service_mat_001/Used_brake_rotor_001/Rotor_vent_036_037,Brake_service_mat_001,Deep_charcoal,44
9239,Brake_service_mat_001/Used_brake_rotor_001/Rotor_vent_037_038,Brake_service_mat_001,Deep_charcoal,44
9240,Brake_service_mat_001/Used_brake_rotor_001/Rotor_vent_038_039,Brake_service_mat_001,Deep_charcoal,44
9241,Brake_service_mat_001/Used_brake_rotor_001/Rotor_vent_039_040,Brake_service_mat_001,Deep_charcoal,44
9242,Brake_service_mat_001/Used_brake_rotor_001/Rotor_vent_040_041,Brake_service_mat_001,Deep_charcoal,44
9243,Brake_service_mat_001/Used_brake_rotor_001/Disc_hat_041_042,Brake_service_mat_001,Aged_black_steel,160
9244,Brake_service_mat_001/Used_brake_rotor_001/Hub_bore_042_043,Brake_service_mat_001,Deep_charcoal,128
9245,Brake_service_mat_001/Used_brake_rotor_001/Rotor_lug_hole_043_044,Brake_service_mat_001,Deep_charcoal,48
9246,Brake_service_mat_001/Used_brake_rotor_001/Rotor_lug_hole_044_045,Brake_service_mat_001,Deep_charcoal,48
9247,Brake_service_mat_001/Used_brake_rotor_001/Rotor_lug_hole_045_046,Brake_service_mat_001,Deep_charcoal,48
9248,Brake_service_mat_001/Used_brake_rotor_001/Rotor_lug_hole_046_047,Brake_service_mat_001,Deep_charcoal,48
9249,Brake_service_mat_001/Used_brake_rotor_001/Rotor_lug_hole_047_048,Brake_service_mat_001,Deep_charcoal,48
9250,Brake_service_mat_001/Used_brake_rotor_001/Drilled_rotor_hole_048_049,Brake_service_mat_001,Deep_charcoal,40
9251,Brake_service_mat_001/Used_brake_rotor_001/Drilled_rotor_hole_049_050,Brake_service_mat_001,Deep_charcoal,40
9252,Brake_service_mat_001/Used_brake_rotor_001/Drilled_rotor_hole_050_051,Brake_service_mat_001,Deep_charcoal,40
9253,Brake_service_mat_001/Used_brake_rotor_001/Drilled_rotor_hole_051_052,Brake_service_mat_001,Deep_charcoal,40
9254,Brake_service_mat_001/Used_brake_rotor_001/Drilled_rotor_hole_052_053,Brake_service_mat_001,Deep_charcoal,40
9255,Brake_service_mat_001/Used_brake_rotor_001/Drilled_rotor_hole_053_054,Brake_service_mat_001,Deep_charcoal,40
9256,Brake_service_mat_001/Used_brake_rotor_001/Drilled_rotor_hole_054_055,Brake_service_mat_001,Deep_charcoal,40
9257,Brake_service_mat_001/Used_brake_rotor_001/Drilled_rotor_hole_055_056,Brake_service_mat_001,Deep_charcoal,40
9258,Brake_service_mat_001/Used_brake_rotor_001/Drilled_rotor_hole_056_057,Brake_service_mat_001,Deep_charcoal,40
9259,Brake_service_mat_001/Used_brake_rotor_001/Drilled_rotor_hole_057_058,Brake_service_mat_001,Deep_charcoal,40
9260,Brake_service_mat_001/Used_brake_rotor_001/Drilled_rotor_hole_058_059,Brake_service_mat_001,Deep_charcoal,40
9261,Brake_service_mat_001/Used_brake_rotor_001/Drilled_rotor_hole_059_060,Brake_service_mat_001,Deep_charcoal,40
9262,Brake_service_mat_001/Used_brake_rotor_001/Drilled_rotor_hole_060_061,Brake_service_mat_001,Deep_charcoal,40
9263,Brake_service_mat_001/Used_brake_rotor_001/Drilled_rotor_hole_061_062,Brake_service_mat_001,Deep_charcoal,40
9264,Brake_service_mat_001/Used_brake_rotor_001/Drilled_rotor_hole_062_063,Brake_service_mat_001,Deep_charcoal,40
9265,Brake_service_mat_001/Used_brake_rotor_001/Drilled_rotor_hole_063_064,Brake_service_mat_001,Deep_charcoal,40
9266,Brake_service_mat_001/Used_brake_rotor_001/Drilled_rotor_hole_064_065,Brake_service_mat_001,Deep_charcoal,40
9267,Brake_service_mat_001/Used_brake_rotor_001/Drilled_rotor_hole_065_066,Brake_service_mat_001,Deep_charcoal,40
9268,Brake_service_mat_001/Used_brake_rotor_001/Drilled_rotor_hole_066_067,Brake_service_mat_001,Deep_charcoal,40
9269,Brake_service_mat_001/Used_brake_rotor_001/Drilled_rotor_hole_067_068,Brake_service_mat_001,Deep_charcoal,40
9270,Brake_service_mat_001/Used_brake_rotor_001/Drilled_rotor_hole_068_069,Brake_service_mat_001,Deep_charcoal,40
9271,Brake_service_mat_001/Used_brake_rotor_001/Drilled_rotor_hole_069_070,Brake_service_mat_001,Deep_charcoal,40
9272,Brake_service_mat_001/Used_brake_rotor_001/Drilled_rotor_hole_070_071,Brake_service_mat_001,Deep_charcoal,40
9273,Brake_service_mat_001/Used_brake_rotor_001/Drilled_rotor_hole_071_072,Brake_service_mat_001,Deep_charcoal,40
9274,Brake_service_mat_001/Used_brake_rotor_001/Drilled_rotor_hole_072_073,Brake_service_mat_001,Deep_charcoal,40
9275,Brake_service_mat_001/Used_brake_rotor_001/Drilled_rotor_hole_073_074,Brake_service_mat_001,Deep_charcoal,40
9276,Brake_service_mat_001/Used_brake_rotor_001/Drilled_rotor_hole_074_075,Brake_service_mat_001,Deep_charcoal,40
9277,Brake_service_mat_001/Used_brake_rotor_001/Drilled_rotor_hole_075_076,Brake_service_mat_001,Deep_charcoal,40
9278,Brake_service_mat_001/New_brake_rotor_001/Brake_disc_rotor_000_077,Brake_service_mat_001,Brushed_alloy,512
9279,Brake_service_mat_001/New_brake_rotor_001/Rotor_vent_001_078,Brake_service_mat_001,Deep_charcoal,44
9280,Brake_service_mat_001/New_brake_rotor_001/Rotor_vent_002_079,Brake_service_mat_001,Deep_charcoal,44
9281,Brake_service_mat_001/New_brake_rotor_001/Rotor_vent_003_080,Brake_service_mat_001,Deep_charcoal,44
9282,Brake_service_mat_001/New_brake_rotor_001/Rotor_vent_004_081,Brake_service_mat_001,Deep_charcoal,44
9283,Brake_service_mat_001/New_brake_rotor_001/Rotor_vent_005_082,Brake_service_mat_001,Deep_charcoal,44
9284,Brake_service_mat_001/New_brake_rotor_001/Rotor_vent_006_083,Brake_service_mat_001,Deep_charcoal,44
9285,Brake_service_mat_001/New_brake_rotor_001/Rotor_vent_007_084,Brake_service_mat_001,Deep_charcoal,44
9286,Brake_service_mat_001/New_brake_rotor_001/Rotor_vent_008_085,Brake_service_mat_001,Deep_charcoal,44
9287,Brake_service_mat_001/New_brake_rotor_001/Rotor_vent_009_086,Brake_service_mat_001,Deep_charcoal,44
9288,Brake_service_mat_001/New_brake_rotor_001/Rotor_vent_010_087,Brake_service_mat_001,Deep_charcoal,44
9289,Brake_service_mat_001/New_brake_rotor_001/Rotor_vent_011_088,Brake_service_mat_001,Deep_charcoal,44
9290,Brake_service_mat_001/New_brake_rotor_001/Rotor_vent_012_089,Brake_service_mat_001,Deep_charcoal,44
9291,Brake_service_mat_001/New_brake_rotor_001/Rotor_vent_013_090,Brake_service_mat_001,Deep_charcoal,44
9292,Brake_service_mat_001/New_brake_rotor_001/Rotor_vent_014_091,Brake_service_mat_001,Deep_charcoal,44
9293,Brake_service_mat_001/New_brake_rotor_001/Rotor_vent_015_092,Brake_service_mat_001,Deep_charcoal,44
9294,Brake_service_mat_001/New_brake_rotor_001/Rotor_vent_016_093,Brake_service_mat_001,Deep_charcoal,44
9295,Brake_service_mat_001/New_brake_rotor_001/Rotor_vent_017_094,Brake_service_mat_001,Deep_charcoal,44
9296,Brake_service_mat_001/New_brake_rotor_001/Rotor_vent_018_095,Brake_service_mat_001,Deep_charcoal,44
9297,Brake_service_mat_001/New_brake_rotor_001/Rotor_vent_019_096,Brake_service_mat_001,Deep_charcoal,44
9298,Brake_service_mat_001/New_brake_rotor_001/Rotor_vent_020_097,Brake_service_mat_001,Deep_charcoal,44
9299,Brake_service_mat_001/New_brake_rotor_001/Rotor_vent_021_098,Brake_service_mat_001,Deep_charcoal,44
9300,Brake_service_mat_001/New_brake_rotor_001/Rotor_vent_022_099,Brake_service_mat_001,Deep_charcoal,44
9301,Brake_service_mat_001/New_brake_rotor_001/Rotor_vent_023_100,Brake_service_mat_001,Deep_charcoal,44
9302,Brake_service_mat_001/New_brake_rotor_001/Rotor_vent_024_101,Brake_service_mat_001,Deep_charcoal,44
9303,Brake_service_mat_001/New_brake_rotor_001/Rotor_vent_025_102,Brake_service_mat_001,Deep_charcoal,44
9304,Brake_service_mat_001/New_brake_rotor_001/Rotor_vent_026_103,Brake_service_mat_001,Deep_charcoal,44
9305,Brake_service_mat_001/New_brake_rotor_001/Rotor_vent_027_104,Brake_service_mat_001,Deep_charcoal,44
9306,Brake_service_mat_001/New_brake_rotor_001/Rotor_vent_028_105,Brake_service_mat_001,Deep_charcoal,44
9307,Brake_service_mat_001/New_brake_rotor_001/Rotor_vent_029_106,Brake_service_mat_001,Deep_charcoal,44
9308,Brake_service_mat_001/New_brake_rotor_001/Rotor_vent_030_107,Brake_service_mat_001,Deep_charcoal,44
9309,Brake_service_mat_001/New_brake_rotor_001/Rotor_vent_031_108,Brake_service_mat_001,Deep_charcoal,44
9310,Brake_service_mat_001/New_brake_rotor_001/Rotor_vent_032_109,Brake_service_mat_001,Deep_charcoal,44
9311,Brake_service_mat_001/New_brake_rotor_001/Rotor_vent_033_110,Brake_service_mat_001,Deep_charcoal,44
9312,Brake_service_mat_001/New_brake_rotor_001/Rotor_vent_034_111,Brake_service_mat_001,Deep_charcoal,44
9313,Brake_service_mat_001/New_brake_rotor_001/Rotor_vent_035_112,Brake_service_mat_001,Deep_charcoal,44
9314,Brake_service_mat_001/New_brake_rotor_001/Rotor_vent_036_113,Brake_service_mat_001,Deep_charcoal,44
9315,Brake_service_mat_001/New_brake_rotor_001/Rotor_vent_037_114,Brake_service_mat_001,Deep_charcoal,44
9316,Brake_service_mat_001/New_brake_rotor_001/Rotor_vent_038_115,Brake_service_mat_001,Deep_charcoal,44
9317,Brake_service_mat_001/New_brake_rotor_001/Rotor_vent_039_116,Brake_service_mat_001,Deep_charcoal,44
9318,Brake_service_mat_001/New_brake_rotor_001/Rotor_vent_040_117,Brake_service_mat_001,Deep_charcoal,44
9319,Brake_service_mat_001/New_brake_rotor_001/Disc_hat_041_118,Brake_service_mat_001,Aged_black_steel,160
9320,Brake_service_mat_001/New_brake_rotor_001/Hub_bore_042_119,Brake_service_mat_001,Deep_charcoal,128
9321,Brake_service_mat_001/New_brake_rotor_001/Rotor_lug_hole_043_120,Brake_service_mat_001,Deep_charcoal,48
9322,Brake_service_mat_001/New_brake_rotor_001/Rotor_lug_hole_044_121,Brake_service_mat_001,Deep_charcoal,48
9323,Brake_service_mat_001/New_brake_rotor_001/Rotor_lug_hole_045_122,Brake_service_mat_001,Deep_charcoal,48
9324,Brake_service_mat_001/New_brake_rotor_001/Rotor_lug_hole_046_123,Brake_service_mat_001,Deep_charcoal,48
9325,Brake_service_mat_001/New_brake_rotor_001/Rotor_lug_hole_047_124,Brake_service_mat_001,Deep_charcoal,48
9326,Brake_service_mat_001/New_brake_rotor_001/Drilled_rotor_hole_048_125,Brake_service_mat_001,Deep_charcoal,40
9327,Brake_service_mat_001/New_brake_rotor_001/Drilled_rotor_hole_049_126,Brake_service_mat_001,Deep_charcoal,40
9328,Brake_service_mat_001/New_brake_rotor_001/Drilled_rotor_hole_050_127,Brake_service_mat_001,Deep_charcoal,40
9329,Brake_service_mat_001/New_brake_rotor_001/Drilled_rotor_hole_051_128,Brake_service_mat_001,Deep_charcoal,40
9330,Brake_service_mat_001/New_brake_rotor_001/Drilled_rotor_hole_052_129,Brake_service_mat_001,Deep_charcoal,40
9331,Brake_service_mat_001/New_brake_rotor_001/Drilled_rotor_hole_053_130,Brake_service_mat_001,Deep_charcoal,40
9332,Brake_service_mat_001/New_brake_rotor_001/Drilled_rotor_hole_054_131,Brake_service_mat_001,Deep_charcoal,40
9333,Brake_service_mat_001/New_brake_rotor_001/Drilled_rotor_hole_055_132,Brake_service_mat_001,Deep_charcoal,40
9334,Brake_service_mat_001/New_brake_rotor_001/Drilled_rotor_hole_056_133,Brake_service_mat_001,Deep_charcoal,40
9335,Brake_service_mat_001/New_brake_rotor_001/Drilled_rotor_hole_057_134,Brake_service_mat_001,Deep_charcoal,40
9336,Brake_service_mat_001/New_brake_rotor_001/Drilled_rotor_hole_058_135,Brake_service_mat_001,Deep_charcoal,40
9337,Brake_service_mat_001/New_brake_rotor_001/Drilled_rotor_hole_059_136,Brake_service_mat_001,Deep_charcoal,40
9338,Brake_service_mat_001/New_brake_rotor_001/Drilled_rotor_hole_060_137,Brake_service_mat_001,Deep_charcoal,40
9339,Brake_service_mat_001/New_brake_rotor_001/Drilled_rotor_hole_061_138,Brake_service_mat_001,Deep_charcoal,40
9340,Brake_service_mat_001/New_brake_rotor_001/Drilled_rotor_hole_062_139,Brake_service_mat_001,Deep_charcoal,40
9341,Brake_service_mat_001/New_brake_rotor_001/Drilled_rotor_hole_063_140,Brake_service_mat_001,Deep_charcoal,40
9342,Brake_service_mat_001/New_brake_rotor_001/Drilled_rotor_hole_064_141,Brake_service_mat_001,Deep_charcoal,40
9343,Brake_service_mat_001/New_brake_rotor_001/Drilled_rotor_hole_065_142,Brake_service_mat_001,Deep_charcoal,40
9344,Brake_service_mat_001/New_brake_rotor_001/Drilled_rotor_hole_066_143,Brake_service_mat_001,Deep_charcoal,40
9345,Brake_service_mat_001/New_brake_rotor_001/Drilled_rotor_hole_067_144,Brake_service_mat_001,Deep_charcoal,40
9346,Brake_service_mat_001/New_brake_rotor_001/Drilled_rotor_hole_068_145,Brake_service_mat_001,Deep_charcoal,40
9347,Brake_service_mat_001/New_brake_rotor_001/Drilled_rotor_hole_069_146,Brake_service_mat_001,Deep_charcoal,40
9348,Brake_service_mat_001/New_brake_rotor_001/Drilled_rotor_hole_070_147,Brake_service_mat_001,Deep_charcoal,40
9349,Brake_service_mat_001/New_brake_rotor_001/Drilled_rotor_hole_071_148,Brake_service_mat_001,Deep_charcoal,40
9350,Brake_service_mat_001/New_brake_rotor_001/Drilled_rotor_hole_072_149,Brake_service_mat_001,Deep_charcoal,40
9351,Brake_service_mat_001/New_brake_rotor_001/Drilled_rotor_hole_073_150,Brake_service_mat_001,Deep_charcoal,40
9352,Brake_service_mat_001/New_brake_rotor_001/Drilled_rotor_hole_074_151,Brake_service_mat_001,Deep_charcoal,40
9353,Brake_service_mat_001/New_brake_rotor_001/Drilled_rotor_hole_075_152,Brake_service_mat_001,Deep_charcoal,40
9354,Brake_service_mat_001/Removed_caliper_001/Brake_caliper_cast_body_000_153,Brake_service_mat_001,Worn_crimson_paint,44
9355,Brake_service_mat_001/Removed_caliper_001/Caliper_piston_boss_001_154,Brake_service_mat_001,Worn_crimson_paint,96
9356,Brake_service_mat_001/Removed_caliper_001/Hex_fastener_002_155,Brake_service_mat_001,Brushed_alloy,24
9357,Brake_service_mat_001/Removed_caliper_001/Caliper_piston_boss_003_156,Brake_service_mat_001,Worn_crimson_paint,96
9358,Brake_service_mat_001/Removed_caliper_001/Hex_fastener_004_157,Brake_service_mat_001,Brushed_alloy,24
9359,Brake_service_mat_001/Removed_caliper_001/Brake_pad_backing_plate_005_158,Brake_service_mat_001,Aged_black_steel,44
9360,Brake_service_mat_001/Removed_caliper_001/Brake_pad_backing_plate_006_159,Brake_service_mat_001,Aged_black_steel,44
9361,Brake_service_mat_001/Removed_caliper_001/Brake_bleed_nipple_007_160,Brake_service_mat_001,Brushed_alloy,40
9362,Brake_service_mat_001/Removed_caliper_001/Braided_brake_hose_008_161,Brake_service_mat_001,Tyre_rubber,48
9363,Brake_service_mat_001/Removed_caliper_001/Braided_brake_hose_009_162,Brake_service_mat_001,Tyre_rubber,48
9364,Brake_service_mat_001/Brake_pad_pair_001/Brake_pad_plate_000_163,Brake_service_mat_001,Aged_black_steel,44
9365,Brake_service_mat_001/Brake_pad_pair_001/Brake_friction_material_001_164,Brake_service_mat_001,Deep_charcoal,44
9366,Brake_service_mat_001/Brake_pad_pair_001/Brake_pad_plate_002_165,Brake_service_mat_001,Aged_black_steel,44
9367,Brake_service_mat_001/Brake_pad_pair_001/Brake_friction_material_003_166,Brake_service_mat_001,Deep_charcoal,44
9368,Brake_service_mat_001/Hex_fastener_167,Brake_service_mat_001,Brushed_alloy,24
9369,Brake_service_mat_001/Hex_fastener_168,Brake_service_mat_001,Brushed_alloy,24
9370,Brake_service_mat_001/Hex_fastener_169,Brake_service_mat_001,Brushed_alloy,24
9371,Brake_service_mat_001/Hex_fastener_170,Brake_service_mat_001,Brushed_alloy,24
9372,Brake_service_mat_001/Hex_fastener_171,Brake_service_mat_001,Brushed_alloy,24
9373,Brake_service_mat_001/Hex_fastener_172,Brake_service_mat_001,Brushed_alloy,24
9374,Brake_service_mat_001/Hex_fastener_173,Brake_service_mat_001,Brushed_alloy,24
9375,Brake_service_mat_001/Hex_fastener_174,Brake_service_mat_001,Brushed_alloy,24
9376,Brake_service_mat_001/Hex_fastener_175,Brake_service_mat_001,Brushed_alloy,24
9377,Loose_adjustable_coilover_001/Damper_body_000,Loose_adjustable_coilover_001,Aged_black_steel,96
9378,Loose_adjustable_coilover_001/Damper_piston_001,Loose_adjustable_coilover_001,Brushed_alloy,64
9379,Loose_adjustable_coilover_001/Top_mount_002,Loose_adjustable_coilover_001,Worn_crimson_paint,96
9380,Loose_adjustable_coilover_001/Spring_perch_003,Loose_adjustable_coilover_001,Aged_black_steel,288
9381,Loose_adjustable_coilover_001/Spring_perch_004,Loose_adjustable_coilover_001,Aged_black_steel,288
9382,Loose_adjustable_coilover_001/Coil_spring_wire_005,Loose_adjustable_coilover_001,Worn_crimson_paint,32
9383,Loose_adjustable_coilover_001/Coil_spring_wire_006,Loose_adjustable_coilover_001,Worn_crimson_paint,32
9384,Loose_adjustable_coilover_001/Coil_spring_wire_007,Loose_adjustable_coilover_001,Worn_crimson_paint,32
9385,Loose_adjustable_coilover_001/Coil_spring_wire_008,Loose_adjustable_coilover_001,Worn_crimson_paint,32
9386,Loose_adjustable_coilover_001/Coil_spring_wire_009,Loose_adjustable_coilover_001,Worn_crimson_paint,32
9387,Loose_adjustable_coilover_001/Coil_spring_wire_010,Loose_adjustable_coilover_001,Worn_crimson_paint,32
9388,Loose_adjustable_coilover_001/Coil_spring_wire_011,Loose_adjustable_coilover_001,Worn_crimson_paint,32
9389,Loose_adjustable_coilover_001/Coil_spring_wire_012,Loose_adjustable_coilover_001,Worn_crimson_paint,32
9390,Loose_adjustable_coilover_001/Coil_spring_wire_013,Loose_adjustable_coilover_001,Worn_crimson_paint,32
9391,Loose_adjustable_coilover_001/Coil_spring_wire_014,Loose_adjustable_coilover_001,Worn_crimson_paint,32
9392,Loose_adjustable_coilover_001/Coil_spring_wire_015,Loose_adjustable_coilover_001,Worn_crimson_paint,32
9393,Loose_adjustable_coilover_001/Coil_spring_wire_016,Loose_adjustable_coilover_001,Worn_crimson_paint,32
9394,Loose_adjustable_coilover_001/Coil_spring_wire_017,Loose_adjustable_coilover_001,Worn_crimson_paint,32
9395,Loose_adjustable_coilover_001/Coil_spring_wire_018,Loose_adjustable_coilover_001,Worn_crimson_paint,32
9396,Loose_adjustable_coilover_001/Coil_spring_wire_019,Loose_adjustable_coilover_001,Worn_crimson_paint,32
9397,Loose_adjustable_coilover_001/Coil_spring_wire_020,Loose_adjustable_coilover_001,Worn_crimson_paint,32
9398,Loose_adjustable_coilover_001/Coil_spring_wire_021,Loose_adjustable_coilover_001,Worn_crimson_paint,32
9399,Loose_adjustable_coilover_001/Coil_spring_wire_022,Loose_adjustable_coilover_001,Worn_crimson_paint,32
9400,Loose_adjustable_coilover_001/Coil_spring_wire_023,Loose_adjustable_coilover_001,Worn_crimson_paint,32
9401,Loose_adjustable_coilover_001/Coil_spring_wire_024,Loose_adjustable_coilover_001,Worn_crimson_paint,32
9402,Loose_adjustable_coilover_001/Coil_spring_wire_025,Loose_adjustable_coilover_001,Worn_crimson_paint,32
9403,Loose_adjustable_coilover_001/Coil_spring_wire_026,Loose_adjustable_coilover_001,Worn_crimson_paint,32
9404,Loose_adjustable_coilover_001/Coil_spring_wire_027,Loose_adjustable_coilover_001,Worn_crimson_paint,32
9405,Loose_adjustable_coilover_001/Coil_spring_wire_028,Loose_adjustable_coilover_001,Worn_crimson_paint,32
9406,Loose_adjustable_coilover_001/Coil_spring_wire_029,Loose_adjustable_coilover_001,Worn_crimson_paint,32
9407,Loose_adjustable_coilover_001/Coil_spring_wire_030,Loose_adjustable_coilover_001,Worn_crimson_paint,32
9408,Loose_adjustable_coilover_001/Coil_spring_wire_031,Loose_adjustable_coilover_001,Worn_crimson_paint,32
9409,Loose_adjustable_coilover_001/Coil_spring_wire_032,Loose_adjustable_coilover_001,Worn_crimson_paint,32
9410,Loose_adjustable_coilover_001/Coil_spring_wire_033,Loose_adjustable_coilover_001,Worn_crimson_paint,32
9411,Loose_adjustable_coilover_001/Coil_spring_wire_034,Loose_adjustable_coilover_001,Worn_crimson_paint,32
9412,Loose_adjustable_coilover_001/Coil_spring_wire_035,Loose_adjustable_coilover_001,Worn_crimson_paint,32
9413,Loose_adjustable_coilover_001/Coil_spring_wire_036,Loose_adjustable_coilover_001,Worn_crimson_paint,32
9414,Loose_adjustable_coilover_001/Coil_spring_wire_037,Loose_adjustable_coilover_001,Worn_crimson_paint,32
9415,Loose_adjustable_coilover_001/Coil_spring_wire_038,Loose_adjustable_coilover_001,Worn_crimson_paint,32
9416,Loose_adjustable_coilover_001/Coil_spring_wire_039,Loose_adjustable_coilover_001,Worn_crimson_paint,32
9417,Loose_adjustable_coilover_001/Coil_spring_wire_040,Loose_adjustable_coilover_001,Worn_crimson_paint,32
9418,Loose_adjustable_coilover_001/Coil_spring_wire_041,Loose_adjustable_coilover_001,Worn_crimson_paint,32
9419,Loose_adjustable_coilover_001/Coil_spring_wire_042,Loose_adjustable_coilover_001,Worn_crimson_paint,32
9420,Loose_adjustable_coilover_001/Coil_spring_wire_043,Loose_adjustable_coilover_001,Worn_crimson_paint,32
9421,Loose_adjustable_coilover_001/Coil_spring_wire_044,Loose_adjustable_coilover_001,Worn_crimson_paint,32
9422,Loose_adjustable_coilover_001/Coil_spring_wire_045,Loose_adjustable_coilover_001,Worn_crimson_paint,32
9423,Loose_adjustable_coilover_001/Coil_spring_wire_046,Loose_adjustable_coilover_001,Worn_crimson_paint,32
9424,Loose_adjustable_coilover_001/Coil_spring_wire_047,Loose_adjustable_coilover_001,Worn_crimson_paint,32
9425,Loose_adjustable_coilover_001/Coil_spring_wire_048,Loose_adjustable_coilover_001,Worn_crimson_paint,32
9426,Loose_adjustable_coilover_001/Coil_spring_wire_049,Loose_adjustable_coilover_001,Worn_crimson_paint,32
9427,Loose_adjustable_coilover_001/Coil_spring_wire_050,Loose_adjustable_coilover_001,Worn_crimson_paint,32
9428,Loose_adjustable_coilover_001/Coil_spring_wire_051,Loose_adjustable_coilover_001,Worn_crimson_paint,32
9429,Loose_adjustable_coilover_001/Coil_spring_wire_052,Loose_adjustable_coilover_001,Worn_crimson_paint,32
9430,Loose_adjustable_coilover_001/Coil_spring_wire_053,Loose_adjustable_coilover_001,Worn_crimson_paint,32
9431,Loose_adjustable_coilover_001/Coil_spring_wire_054,Loose_adjustable_coilover_001,Worn_crimson_paint,32
9432,Loose_adjustable_coilover_001/Coil_spring_wire_055,Loose_adjustable_coilover_001,Worn_crimson_paint,32
9433,Loose_adjustable_coilover_001/Coil_spring_wire_056,Loose_adjustable_coilover_001,Worn_crimson_paint,32
9434,Loose_adjustable_coilover_001/Coil_spring_wire_057,Loose_adjustable_coilover_001,Worn_crimson_paint,32
9435,Loose_adjustable_coilover_001/Coil_spring_wire_058,Loose_adjustable_coilover_001,Worn_crimson_paint,32
9436,Loose_adjustable_coilover_001/Coil_spring_wire_059,Loose_adjustable_coilover_001,Worn_crimson_paint,32
9437,Loose_adjustable_coilover_001/Coil_spring_wire_060,Loose_adjustable_coilover_001,Worn_crimson_paint,32
9438,Loose_adjustable_coilover_001/Coil_spring_wire_061,Loose_adjustable_coilover_001,Worn_crimson_paint,32
9439,Loose_adjustable_coilover_001/Coil_spring_wire_062,Loose_adjustable_coilover_001,Worn_crimson_paint,32
9440,Loose_adjustable_coilover_001/Coil_spring_wire_063,Loose_adjustable_coilover_001,Worn_crimson_paint,32
9441,Loose_adjustable_coilover_001/Coil_spring_wire_064,Loose_adjustable_coilover_001,Worn_crimson_paint,32
9442,Loose_adjustable_coilover_001/Coil_spring_wire_065,Loose_adjustable_coilover_001,Worn_crimson_paint,32
9443,Loose_adjustable_coilover_001/Coil_spring_wire_066,Loose_adjustable_coilover_001,Worn_crimson_paint,32
9444,Loose_adjustable_coilover_001/Coil_spring_wire_067,Loose_adjustable_coilover_001,Worn_crimson_paint,32
9445,Loose_adjustable_coilover_001/Coil_spring_wire_068,Loose_adjustable_coilover_001,Worn_crimson_paint,32
9446,Loose_adjustable_coilover_001/Coil_spring_wire_069,Loose_adjustable_coilover_001,Worn_crimson_paint,32
9447,Loose_adjustable_coilover_001/Coil_spring_wire_070,Loose_adjustable_coilover_001,Worn_crimson_paint,32
9448,Loose_adjustable_coilover_001/Coil_spring_wire_071,Loose_adjustable_coilover_001,Worn_crimson_paint,32
9449,Loose_adjustable_coilover_001/Coil_spring_wire_072,Loose_adjustable_coilover_001,Worn_crimson_paint,32
9450,Loose_adjustable_coilover_001/Coil_spring_wire_073,Loose_adjustable_coilover_001,Worn_crimson_paint,32
9451,Loose_adjustable_coilover_001/Coil_spring_wire_074,Loose_adjustable_coilover_001,Worn_crimson_paint,32
9452,Loose_adjustable_coilover_001/Coil_spring_wire_075,Loose_adjustable_coilover_001,Worn_crimson_paint,32
9453,Loose_adjustable_coilover_001/Coil_spring_wire_076,Loose_adjustable_coilover_001,Worn_crimson_paint,32
9454,Loose_adjustable_coilover_001/Coil_spring_wire_077,Loose_adjustable_coilover_001,Worn_crimson_paint,32
9455,Loose_adjustable_coilover_001/Coil_spring_wire_078,Loose_adjustable_coilover_001,Worn_crimson_paint,32
9456,Loose_adjustable_coilover_001/Coil_spring_wire_079,Loose_adjustable_coilover_001,Worn_crimson_paint,32
9457,Loose_adjustable_coilover_001/Coil_spring_wire_080,Loose_adjustable_coilover_001,Worn_crimson_paint,32
9458,Loose_adjustable_coilover_001/Coil_spring_wire_081,Loose_adjustable_coilover_001,Worn_crimson_paint,32
9459,Loose_adjustable_coilover_001/Coil_spring_wire_082,Loose_adjustable_coilover_001,Worn_crimson_paint,32
9460,Loose_adjustable_coilover_001/Coil_spring_wire_083,Loose_adjustable_coilover_001,Worn_crimson_paint,32
9461,Loose_adjustable_coilover_001/Coil_spring_wire_084,Loose_adjustable_coilover_001,Worn_crimson_paint,32
9462,Loose_adjustable_coilover_001/Coil_spring_wire_085,Loose_adjustable_coilover_001,Worn_crimson_paint,32
9463,Loose_adjustable_coilover_001/Coil_spring_wire_086,Loose_adjustable_coilover_001,Worn_crimson_paint,32
9464,Loose_adjustable_coilover_001/Coil_spring_wire_087,Loose_adjustable_coilover_001,Worn_crimson_paint,32
9465,Loose_adjustable_coilover_001/Coil_spring_wire_088,Loose_adjustable_coilover_001,Worn_crimson_paint,32
9466,Loose_adjustable_coilover_001/Coil_spring_wire_089,Loose_adjustable_coilover_001,Worn_crimson_paint,32
9467,Loose_adjustable_coilover_001/Coil_spring_wire_090,Loose_adjustable_coilover_001,Worn_crimson_paint,32
9468,Loose_adjustable_coilover_001/Coil_spring_wire_091,Loose_adjustable_coilover_001,Worn_crimson_paint,32
9469,Loose_adjustable_coilover_001/Coil_spring_wire_092,Loose_adjustable_coilover_001,Worn_crimson_paint,32
9470,Loose_adjustable_coilover_001/Coil_spring_wire_093,Loose_adjustable_coilover_001,Worn_crimson_paint,32
9471,Loose_adjustable_coilover_001/Coil_spring_wire_094,Loose_adjustable_coilover_001,Worn_crimson_paint,32
9472,Loose_adjustable_coilover_001/Coil_spring_wire_095,Loose_adjustable_coilover_001,Worn_crimson_paint,32
9473,Loose_adjustable_coilover_001/Coil_spring_wire_096,Loose_adjustable_coilover_001,Worn_crimson_paint,32
9474,Loose_adjustable_coilover_001/Coil_spring_wire_097,Loose_adjustable_coilover_001,Worn_crimson_paint,32
9475,Loose_adjustable_coilover_001/Coil_spring_wire_098,Loose_adjustable_coilover_001,Worn_crimson_paint,32
9476,Loose_adjustable_coilover_001/Coil_spring_wire_099,Loose_adjustable_coilover_001,Worn_crimson_paint,32
9477,Loose_adjustable_coilover_001/Coil_spring_wire_100,Loose_adjustable_coilover_001,Worn_crimson_paint,32
9478,Loose_adjustable_coilover_001/Coil_spring_wire_101,Loose_adjustable_coilover_001,Worn_crimson_paint,32
9479,Loose_adjustable_coilover_001/Coil_spring_wire_102,Loose_adjustable_coilover_001,Worn_crimson_paint,32
9480,Loose_adjustable_coilover_001/Coil_spring_wire_103,Loose_adjustable_coilover_001,Worn_crimson_paint,32
9481,Loose_adjustable_coilover_001/Coil_spring_wire_104,Loose_adjustable_coilover_001,Worn_crimson_paint,32
9482,Loose_adjustable_coilover_001/Coil_spring_wire_105,Loose_adjustable_coilover_001,Worn_crimson_paint,32
9483,Loose_adjustable_coilover_001/Coil_spring_wire_106,Loose_adjustable_coilover_001,Worn_crimson_paint,32
9484,Loose_adjustable_coilover_001/Coil_spring_wire_107,Loose_adjustable_coilover_001,Worn_crimson_paint,32
9485,Loose_adjustable_coilover_001/Coil_spring_wire_108,Loose_adjustable_coilover_001,Worn_crimson_paint,32
9486,Loose_adjustable_coilover_001/Coil_spring_wire_109,Loose_adjustable_coilover_001,Worn_crimson_paint,32
9487,Loose_adjustable_coilover_001/Coil_spring_wire_110,Loose_adjustable_coilover_001,Worn_crimson_paint,32
9488,Loose_adjustable_coilover_001/Coil_spring_wire_111,Loose_adjustable_coilover_001,Worn_crimson_paint,32
9489,Loose_adjustable_coilover_001/Coil_spring_wire_112,Loose_adjustable_coilover_001,Worn_crimson_paint,32
9490,Loose_adjustable_coilover_001/Coil_spring_wire_113,Loose_adjustable_coilover_001,Worn_crimson_paint,32
9491,Loose_adjustable_coilover_001/Coil_spring_wire_114,Loose_adjustable_coilover_001,Worn_crimson_paint,32
9492,Loose_adjustable_coilover_001/Coil_spring_wire_115,Loose_adjustable_coilover_001,Worn_crimson_paint,32
9493,Loose_adjustable_coilover_001/Coil_spring_wire_116,Loose_adjustable_coilover_001,Worn_crimson_paint,32
9494,Loose_adjustable_coilover_001/Damper_lower_bracket_117,Loose_adjustable_coilover_001,Aged_black_steel,44
9495,Loose_adjustable_coilover_001/Mount_bolt_118,Loose_adjustable_coilover_001,Brushed_alloy,24
9496,Loose_adjustable_coilover_001/Mount_bolt_119,Loose_adjustable_coilover_001,Brushed_alloy,24
9497,Loose_adjustable_coilover_002/Damper_body_000,Loose_adjustable_coilover_002,Aged_black_steel,96
9498,Loose_adjustable_coilover_002/Damper_piston_001,Loose_adjustable_coilover_002,Brushed_alloy,64
9499,Loose_adjustable_coilover_002/Top_mount_002,Loose_adjustable_coilover_002,Worn_crimson_paint,96
9500,Loose_adjustable_coilover_002/Spring_perch_003,Loose_adjustable_coilover_002,Aged_black_steel,288
9501,Loose_adjustable_coilover_002/Spring_perch_004,Loose_adjustable_coilover_002,Aged_black_steel,288
9502,Loose_adjustable_coilover_002/Coil_spring_wire_005,Loose_adjustable_coilover_002,Worn_crimson_paint,32
9503,Loose_adjustable_coilover_002/Coil_spring_wire_006,Loose_adjustable_coilover_002,Worn_crimson_paint,32
9504,Loose_adjustable_coilover_002/Coil_spring_wire_007,Loose_adjustable_coilover_002,Worn_crimson_paint,32
9505,Loose_adjustable_coilover_002/Coil_spring_wire_008,Loose_adjustable_coilover_002,Worn_crimson_paint,32
9506,Loose_adjustable_coilover_002/Coil_spring_wire_009,Loose_adjustable_coilover_002,Worn_crimson_paint,32
9507,Loose_adjustable_coilover_002/Coil_spring_wire_010,Loose_adjustable_coilover_002,Worn_crimson_paint,32
9508,Loose_adjustable_coilover_002/Coil_spring_wire_011,Loose_adjustable_coilover_002,Worn_crimson_paint,32
9509,Loose_adjustable_coilover_002/Coil_spring_wire_012,Loose_adjustable_coilover_002,Worn_crimson_paint,32
9510,Loose_adjustable_coilover_002/Coil_spring_wire_013,Loose_adjustable_coilover_002,Worn_crimson_paint,32
9511,Loose_adjustable_coilover_002/Coil_spring_wire_014,Loose_adjustable_coilover_002,Worn_crimson_paint,32
9512,Loose_adjustable_coilover_002/Coil_spring_wire_015,Loose_adjustable_coilover_002,Worn_crimson_paint,32
9513,Loose_adjustable_coilover_002/Coil_spring_wire_016,Loose_adjustable_coilover_002,Worn_crimson_paint,32
9514,Loose_adjustable_coilover_002/Coil_spring_wire_017,Loose_adjustable_coilover_002,Worn_crimson_paint,32
9515,Loose_adjustable_coilover_002/Coil_spring_wire_018,Loose_adjustable_coilover_002,Worn_crimson_paint,32
9516,Loose_adjustable_coilover_002/Coil_spring_wire_019,Loose_adjustable_coilover_002,Worn_crimson_paint,32
9517,Loose_adjustable_coilover_002/Coil_spring_wire_020,Loose_adjustable_coilover_002,Worn_crimson_paint,32
9518,Loose_adjustable_coilover_002/Coil_spring_wire_021,Loose_adjustable_coilover_002,Worn_crimson_paint,32
9519,Loose_adjustable_coilover_002/Coil_spring_wire_022,Loose_adjustable_coilover_002,Worn_crimson_paint,32
9520,Loose_adjustable_coilover_002/Coil_spring_wire_023,Loose_adjustable_coilover_002,Worn_crimson_paint,32
9521,Loose_adjustable_coilover_002/Coil_spring_wire_024,Loose_adjustable_coilover_002,Worn_crimson_paint,32
9522,Loose_adjustable_coilover_002/Coil_spring_wire_025,Loose_adjustable_coilover_002,Worn_crimson_paint,32
9523,Loose_adjustable_coilover_002/Coil_spring_wire_026,Loose_adjustable_coilover_002,Worn_crimson_paint,32
9524,Loose_adjustable_coilover_002/Coil_spring_wire_027,Loose_adjustable_coilover_002,Worn_crimson_paint,32
9525,Loose_adjustable_coilover_002/Coil_spring_wire_028,Loose_adjustable_coilover_002,Worn_crimson_paint,32
9526,Loose_adjustable_coilover_002/Coil_spring_wire_029,Loose_adjustable_coilover_002,Worn_crimson_paint,32
9527,Loose_adjustable_coilover_002/Coil_spring_wire_030,Loose_adjustable_coilover_002,Worn_crimson_paint,32
9528,Loose_adjustable_coilover_002/Coil_spring_wire_031,Loose_adjustable_coilover_002,Worn_crimson_paint,32
9529,Loose_adjustable_coilover_002/Coil_spring_wire_032,Loose_adjustable_coilover_002,Worn_crimson_paint,32
9530,Loose_adjustable_coilover_002/Coil_spring_wire_033,Loose_adjustable_coilover_002,Worn_crimson_paint,32
9531,Loose_adjustable_coilover_002/Coil_spring_wire_034,Loose_adjustable_coilover_002,Worn_crimson_paint,32
9532,Loose_adjustable_coilover_002/Coil_spring_wire_035,Loose_adjustable_coilover_002,Worn_crimson_paint,32
9533,Loose_adjustable_coilover_002/Coil_spring_wire_036,Loose_adjustable_coilover_002,Worn_crimson_paint,32
9534,Loose_adjustable_coilover_002/Coil_spring_wire_037,Loose_adjustable_coilover_002,Worn_crimson_paint,32
9535,Loose_adjustable_coilover_002/Coil_spring_wire_038,Loose_adjustable_coilover_002,Worn_crimson_paint,32
9536,Loose_adjustable_coilover_002/Coil_spring_wire_039,Loose_adjustable_coilover_002,Worn_crimson_paint,32
9537,Loose_adjustable_coilover_002/Coil_spring_wire_040,Loose_adjustable_coilover_002,Worn_crimson_paint,32
9538,Loose_adjustable_coilover_002/Coil_spring_wire_041,Loose_adjustable_coilover_002,Worn_crimson_paint,32
9539,Loose_adjustable_coilover_002/Coil_spring_wire_042,Loose_adjustable_coilover_002,Worn_crimson_paint,32
9540,Loose_adjustable_coilover_002/Coil_spring_wire_043,Loose_adjustable_coilover_002,Worn_crimson_paint,32
9541,Loose_adjustable_coilover_002/Coil_spring_wire_044,Loose_adjustable_coilover_002,Worn_crimson_paint,32
9542,Loose_adjustable_coilover_002/Coil_spring_wire_045,Loose_adjustable_coilover_002,Worn_crimson_paint,32
9543,Loose_adjustable_coilover_002/Coil_spring_wire_046,Loose_adjustable_coilover_002,Worn_crimson_paint,32
9544,Loose_adjustable_coilover_002/Coil_spring_wire_047,Loose_adjustable_coilover_002,Worn_crimson_paint,32
9545,Loose_adjustable_coilover_002/Coil_spring_wire_048,Loose_adjustable_coilover_002,Worn_crimson_paint,32
9546,Loose_adjustable_coilover_002/Coil_spring_wire_049,Loose_adjustable_coilover_002,Worn_crimson_paint,32
9547,Loose_adjustable_coilover_002/Coil_spring_wire_050,Loose_adjustable_coilover_002,Worn_crimson_paint,32
9548,Loose_adjustable_coilover_002/Coil_spring_wire_051,Loose_adjustable_coilover_002,Worn_crimson_paint,32
9549,Loose_adjustable_coilover_002/Coil_spring_wire_052,Loose_adjustable_coilover_002,Worn_crimson_paint,32
9550,Loose_adjustable_coilover_002/Coil_spring_wire_053,Loose_adjustable_coilover_002,Worn_crimson_paint,32
9551,Loose_adjustable_coilover_002/Coil_spring_wire_054,Loose_adjustable_coilover_002,Worn_crimson_paint,32
9552,Loose_adjustable_coilover_002/Coil_spring_wire_055,Loose_adjustable_coilover_002,Worn_crimson_paint,32
9553,Loose_adjustable_coilover_002/Coil_spring_wire_056,Loose_adjustable_coilover_002,Worn_crimson_paint,32
9554,Loose_adjustable_coilover_002/Coil_spring_wire_057,Loose_adjustable_coilover_002,Worn_crimson_paint,32
9555,Loose_adjustable_coilover_002/Coil_spring_wire_058,Loose_adjustable_coilover_002,Worn_crimson_paint,32
9556,Loose_adjustable_coilover_002/Coil_spring_wire_059,Loose_adjustable_coilover_002,Worn_crimson_paint,32
9557,Loose_adjustable_coilover_002/Coil_spring_wire_060,Loose_adjustable_coilover_002,Worn_crimson_paint,32
9558,Loose_adjustable_coilover_002/Coil_spring_wire_061,Loose_adjustable_coilover_002,Worn_crimson_paint,32
9559,Loose_adjustable_coilover_002/Coil_spring_wire_062,Loose_adjustable_coilover_002,Worn_crimson_paint,32
9560,Loose_adjustable_coilover_002/Coil_spring_wire_063,Loose_adjustable_coilover_002,Worn_crimson_paint,32
9561,Loose_adjustable_coilover_002/Coil_spring_wire_064,Loose_adjustable_coilover_002,Worn_crimson_paint,32
9562,Loose_adjustable_coilover_002/Coil_spring_wire_065,Loose_adjustable_coilover_002,Worn_crimson_paint,32
9563,Loose_adjustable_coilover_002/Coil_spring_wire_066,Loose_adjustable_coilover_002,Worn_crimson_paint,32
9564,Loose_adjustable_coilover_002/Coil_spring_wire_067,Loose_adjustable_coilover_002,Worn_crimson_paint,32
9565,Loose_adjustable_coilover_002/Coil_spring_wire_068,Loose_adjustable_coilover_002,Worn_crimson_paint,32
9566,Loose_adjustable_coilover_002/Coil_spring_wire_069,Loose_adjustable_coilover_002,Worn_crimson_paint,32
9567,Loose_adjustable_coilover_002/Coil_spring_wire_070,Loose_adjustable_coilover_002,Worn_crimson_paint,32
9568,Loose_adjustable_coilover_002/Coil_spring_wire_071,Loose_adjustable_coilover_002,Worn_crimson_paint,32
9569,Loose_adjustable_coilover_002/Coil_spring_wire_072,Loose_adjustable_coilover_002,Worn_crimson_paint,32
9570,Loose_adjustable_coilover_002/Coil_spring_wire_073,Loose_adjustable_coilover_002,Worn_crimson_paint,32
9571,Loose_adjustable_coilover_002/Coil_spring_wire_074,Loose_adjustable_coilover_002,Worn_crimson_paint,32
9572,Loose_adjustable_coilover_002/Coil_spring_wire_075,Loose_adjustable_coilover_002,Worn_crimson_paint,32
9573,Loose_adjustable_coilover_002/Coil_spring_wire_076,Loose_adjustable_coilover_002,Worn_crimson_paint,32
9574,Loose_adjustable_coilover_002/Coil_spring_wire_077,Loose_adjustable_coilover_002,Worn_crimson_paint,32
9575,Loose_adjustable_coilover_002/Coil_spring_wire_078,Loose_adjustable_coilover_002,Worn_crimson_paint,32
9576,Loose_adjustable_coilover_002/Coil_spring_wire_079,Loose_adjustable_coilover_002,Worn_crimson_paint,32
9577,Loose_adjustable_coilover_002/Coil_spring_wire_080,Loose_adjustable_coilover_002,Worn_crimson_paint,32
9578,Loose_adjustable_coilover_002/Coil_spring_wire_081,Loose_adjustable_coilover_002,Worn_crimson_paint,32
9579,Loose_adjustable_coilover_002/Coil_spring_wire_082,Loose_adjustable_coilover_002,Worn_crimson_paint,32
9580,Loose_adjustable_coilover_002/Coil_spring_wire_083,Loose_adjustable_coilover_002,Worn_crimson_paint,32
9581,Loose_adjustable_coilover_002/Coil_spring_wire_084,Loose_adjustable_coilover_002,Worn_crimson_paint,32
9582,Loose_adjustable_coilover_002/Coil_spring_wire_085,Loose_adjustable_coilover_002,Worn_crimson_paint,32
9583,Loose_adjustable_coilover_002/Coil_spring_wire_086,Loose_adjustable_coilover_002,Worn_crimson_paint,32
9584,Loose_adjustable_coilover_002/Coil_spring_wire_087,Loose_adjustable_coilover_002,Worn_crimson_paint,32
9585,Loose_adjustable_coilover_002/Coil_spring_wire_088,Loose_adjustable_coilover_002,Worn_crimson_paint,32
9586,Loose_adjustable_coilover_002/Coil_spring_wire_089,Loose_adjustable_coilover_002,Worn_crimson_paint,32
9587,Loose_adjustable_coilover_002/Coil_spring_wire_090,Loose_adjustable_coilover_002,Worn_crimson_paint,32
9588,Loose_adjustable_coilover_002/Coil_spring_wire_091,Loose_adjustable_coilover_002,Worn_crimson_paint,32
9589,Loose_adjustable_coilover_002/Coil_spring_wire_092,Loose_adjustable_coilover_002,Worn_crimson_paint,32
9590,Loose_adjustable_coilover_002/Coil_spring_wire_093,Loose_adjustable_coilover_002,Worn_crimson_paint,32
9591,Loose_adjustable_coilover_002/Coil_spring_wire_094,Loose_adjustable_coilover_002,Worn_crimson_paint,32
9592,Loose_adjustable_coilover_002/Coil_spring_wire_095,Loose_adjustable_coilover_002,Worn_crimson_paint,32
9593,Loose_adjustable_coilover_002/Coil_spring_wire_096,Loose_adjustable_coilover_002,Worn_crimson_paint,32
9594,Loose_adjustable_coilover_002/Coil_spring_wire_097,Loose_adjustable_coilover_002,Worn_crimson_paint,32
9595,Loose_adjustable_coilover_002/Coil_spring_wire_098,Loose_adjustable_coilover_002,Worn_crimson_paint,32
9596,Loose_adjustable_coilover_002/Coil_spring_wire_099,Loose_adjustable_coilover_002,Worn_crimson_paint,32
9597,Loose_adjustable_coilover_002/Coil_spring_wire_100,Loose_adjustable_coilover_002,Worn_crimson_paint,32
9598,Loose_adjustable_coilover_002/Coil_spring_wire_101,Loose_adjustable_coilover_002,Worn_crimson_paint,32
9599,Loose_adjustable_coilover_002/Coil_spring_wire_102,Loose_adjustable_coilover_002,Worn_crimson_paint,32
9600,Loose_adjustable_coilover_002/Coil_spring_wire_103,Loose_adjustable_coilover_002,Worn_crimson_paint,32
9601,Loose_adjustable_coilover_002/Coil_spring_wire_104,Loose_adjustable_coilover_002,Worn_crimson_paint,32
9602,Loose_adjustable_coilover_002/Coil_spring_wire_105,Loose_adjustable_coilover_002,Worn_crimson_paint,32
9603,Loose_adjustable_coilover_002/Coil_spring_wire_106,Loose_adjustable_coilover_002,Worn_crimson_paint,32
9604,Loose_adjustable_coilover_002/Coil_spring_wire_107,Loose_adjustable_coilover_002,Worn_crimson_paint,32
9605,Loose_adjustable_coilover_002/Coil_spring_wire_108,Loose_adjustable_coilover_002,Worn_crimson_paint,32
9606,Loose_adjustable_coilover_002/Coil_spring_wire_109,Loose_adjustable_coilover_002,Worn_crimson_paint,32
9607,Loose_adjustable_coilover_002/Coil_spring_wire_110,Loose_adjustable_coilover_002,Worn_crimson_paint,32
9608,Loose_adjustable_coilover_002/Coil_spring_wire_111,Loose_adjustable_coilover_002,Worn_crimson_paint,32
9609,Loose_adjustable_coilover_002/Coil_spring_wire_112,Loose_adjustable_coilover_002,Worn_crimson_paint,32
9610,Loose_adjustable_coilover_002/Coil_spring_wire_113,Loose_adjustable_coilover_002,Worn_crimson_paint,32
9611,Loose_adjustable_coilover_002/Coil_spring_wire_114,Loose_adjustable_coilover_002,Worn_crimson_paint,32
9612,Loose_adjustable_coilover_002/Coil_spring_wire_115,Loose_adjustable_coilover_002,Worn_crimson_paint,32
9613,Loose_adjustable_coilover_002/Coil_spring_wire_116,Loose_adjustable_coilover_002,Worn_crimson_paint,32
9614,Loose_adjustable_coilover_002/Damper_lower_bracket_117,Loose_adjustable_coilover_002,Aged_black_steel,44
9615,Loose_adjustable_coilover_002/Mount_bolt_118,Loose_adjustable_coilover_002,Brushed_alloy,24
9616,Loose_adjustable_coilover_002/Mount_bolt_119,Loose_adjustable_coilover_002,Brushed_alloy,24
9617,Bench_brake_caliper_001/Brake_caliper_cast_body_000,Bench_brake_caliper_001,Worn_crimson_paint,44
9618,Bench_brake_caliper_001/Caliper_piston_boss_001,Bench_brake_caliper_001,Worn_crimson_paint,96
9619,Bench_brake_caliper_001/Hex_fastener_002,Bench_brake_caliper_001,Brushed_alloy,24
9620,Bench_brake_caliper_001/Caliper_piston_boss_003,Bench_brake_caliper_001,Worn_crimson_paint,96
9621,Bench_brake_caliper_001/Hex_fastener_004,Bench_brake_caliper_001,Brushed_alloy,24
9622,Bench_brake_caliper_001/Brake_pad_backing_plate_005,Bench_brake_caliper_001,Aged_black_steel,44
9623,Bench_brake_caliper_001/Brake_pad_backing_plate_006,Bench_brake_caliper_001,Aged_black_steel,44
9624,Bench_brake_caliper_001/Brake_bleed_nipple_007,Bench_brake_caliper_001,Brushed_alloy,40
9625,Bench_brake_caliper_001/Braided_brake_hose_008,Bench_brake_caliper_001,Tyre_rubber,48
9626,Bench_brake_caliper_001/Braided_brake_hose_009,Bench_brake_caliper_001,Tyre_rubber,48
9627,Spare_turbocharger_001/Compressor_scroll_000,Spare_turbocharger_001,Brushed_alloy,800
9628,Spare_turbocharger_001/Compressor_inlet_001,Spare_turbocharger_001,Brushed_alloy,96
9629,Spare_turbocharger_001/Open_compressor_inlet_002,Spare_turbocharger_001,Deep_charcoal,96
9630,Spare_turbocharger_001/Turbo_impeller_blade_003,Spare_turbocharger_001,Brushed_alloy,44
9631,Spare_turbocharger_001/Turbo_impeller_blade_004,Spare_turbocharger_001,Brushed_alloy,44
9632,Spare_turbocharger_001/Turbo_impeller_blade_005,Spare_turbocharger_001,Brushed_alloy,44
9633,Spare_turbocharger_001/Turbo_impeller_blade_006,Spare_turbocharger_001,Brushed_alloy,44
9634,Spare_turbocharger_001/Turbo_impeller_blade_007,Spare_turbocharger_001,Brushed_alloy,44
9635,Spare_turbocharger_001/Turbo_impeller_blade_008,Spare_turbocharger_001,Brushed_alloy,44
9636,Spare_turbocharger_001/Turbo_impeller_blade_009,Spare_turbocharger_001,Brushed_alloy,44
9637,Spare_turbocharger_001/Turbo_impeller_blade_010,Spare_turbocharger_001,Brushed_alloy,44
9638,Spare_turbocharger_001/Turbo_impeller_blade_011,Spare_turbocharger_001,Brushed_alloy,44
9639,Spare_turbocharger_001/Turbo_impeller_blade_012,Spare_turbocharger_001,Brushed_alloy,44
9640,Spare_turbocharger_001/Bearing_housing_013,Spare_turbocharger_001,Aged_black_steel,96
9641,Spare_turbocharger_001/Turbine_scroll_014,Spare_turbocharger_001,Aged_black_steel,800
9642,Spare_turbocharger_001/Boost_outlet_015,Spare_turbocharger_001,Brushed_alloy,64
9643,Spare_turbocharger_001/Turbine_mount_flange_016,Spare_turbocharger_001,Aged_black_steel,44
9644,Spare_turbocharger_001/Hex_fastener_017,Spare_turbocharger_001,Brushed_alloy,24
9645,Spare_turbocharger_001/Hex_fastener_018,Spare_turbocharger_001,Brushed_alloy,24
9646,Spare_exhaust_section_001/Exhaust_pipe_000,Spare_exhaust_section_001,Brushed_alloy,48
9647,Spare_exhaust_section_001/Exhaust_pipe_001,Spare_exhaust_section_001,Brushed_alloy,48
9648,Spare_exhaust_section_001/Exhaust_pipe_002,Spare_exhaust_section_001,Brushed_alloy,48
9649,Spare_exhaust_section_001/Exhaust_pipe_003,Spare_exhaust_section_001,Brushed_alloy,48
9650,Spare_exhaust_section_001/Muffler_body_004,Spare_exhaust_section_001,Aged_black_steel,128
9651,Spare_exhaust_section_001/Exhaust_weld_bead_005,Spare_exhaust_section_001,Brushed_alloy,288
9652,Spare_exhaust_section_001/Exhaust_weld_bead_006,Spare_exhaust_section_001,Brushed_alloy,288
9653,Spare_exhaust_section_001/Rubber_mount_hanger_007,Spare_exhaust_section_001,Brushed_alloy,48
9654,Spare_exhaust_section_001/Rubber_mount_hanger_008,Spare_exhaust_section_001,Brushed_alloy,48
9655,Pneumatic_impact_wrench_001/Impact_gun_body_000,Pneumatic_impact_wrench_001,Workshop_blue_paint,96
9656,Pneumatic_impact_wrench_001/Impact_anvil_001,Pneumatic_impact_wrench_001,Brushed_alloy,64
9657,Pneumatic_impact_wrench_001/Impact_square_drive_002,Pneumatic_impact_wrench_001,Aged_black_steel,44
9658,Pneumatic_impact_wrench_001/Impact_pistol_grip_003,Pneumatic_impact_wrench_001,Tyre_rubber,44
9659,Pneumatic_impact_wrench_001/Air_quick_connect_004,Pneumatic_impact_wrench_001,Valve_brass,48
9660,Pneumatic_impact_wrench_001/Impact_trigger_005,Pneumatic_impact_wrench_001,Aged_black_steel,44
9661,Pneumatic_impact_wrench_001/Impact_air_vent_006,Pneumatic_impact_wrench_001,Deep_charcoal,44
9662,Pneumatic_impact_wrench_001/Impact_air_vent_007,Pneumatic_impact_wrench_001,Deep_charcoal,44
9663,Pneumatic_impact_wrench_001/Impact_air_vent_008,Pneumatic_impact_wrench_001,Deep_charcoal,44
9664,Pneumatic_impact_wrench_001/Impact_air_vent_009,Pneumatic_impact_wrench_001,Deep_charcoal,44
9665,Pneumatic_impact_wrench_001/Impact_air_vent_010,Pneumatic_impact_wrench_001,Deep_charcoal,44
9666,Pneumatic_impact_wrench_001/Impact_air_vent_011,Pneumatic_impact_wrench_001,Deep_charcoal,44
9667,Long_torque_wrench_001/Ratchet_handle_000,Long_torque_wrench_001,Brushed_alloy,64
9668,Long_torque_wrench_001/Ratchet_head_001,Long_torque_wrench_001,Brushed_alloy,96
9669,Long_torque_wrench_001/Square_drive_002,Long_torque_wrench_001,Aged_black_steel,44
9670,Long_torque_wrench_001/Selector_lever_003,Long_torque_wrench_001,Aged_black_steel,44
9671,Long_torque_wrench_001/Torque_wrench_extension_004,Long_torque_wrench_001,Brushed_alloy,64
9672,Long_torque_wrench_001/Adjustable_torque_grip_005,Long_torque_wrench_001,Tyre_rubber,80
9673,Long_torque_wrench_001/Adjustment_lock_ring_006,Long_torque_wrench_001,Brushed_alloy,240
9674,Oil_drain_pan_001/Drain_pan_bowl_000,Oil_drain_pan_001,Deep_charcoal,128
9675,Oil_drain_pan_001/Used_engine_oil_001,Oil_drain_pan_001,Dark_oil_stain,128
9676,Oil_drain_pan_001/Pan_lip_002,Oil_drain_pan_001,Tyre_rubber,480
9677,Oil_drain_pan_001/Drain_pan_handle_003,Oil_drain_pan_001,Deep_charcoal,44
9678,Scattered_service_spanner_001/Forged_shaft_000,Scattered_service_spanner_001,Brushed_alloy,44
9679,Scattered_service_spanner_001/Open_jaw_bridge_001,Scattered_service_spanner_001,Brushed_alloy,44
9680,Scattered_service_spanner_001/Open_jaw_finger_002,Scattered_service_spanner_001,Brushed_alloy,44
9681,Scattered_service_spanner_001/Open_jaw_finger_003,Scattered_service_spanner_001,Brushed_alloy,44
9682,Scattered_service_spanner_001/Box_end_004,Scattered_service_spanner_001,Brushed_alloy,288
9683,Scattered_service_spanner_002/Forged_shaft_000,Scattered_service_spanner_002,Brushed_alloy,44
9684,Scattered_service_spanner_002/Open_jaw_bridge_001,Scattered_service_spanner_002,Brushed_alloy,44
9685,Scattered_service_spanner_002/Open_jaw_finger_002,Scattered_service_spanner_002,Brushed_alloy,44
9686,Scattered_service_spanner_002/Open_jaw_finger_003,Scattered_service_spanner_002,Brushed_alloy,44
9687,Scattered_service_spanner_002/Box_end_004,Scattered_service_spanner_002,Brushed_alloy,288
9688,Scattered_service_spanner_003/Forged_shaft_000,Scattered_service_spanner_003,Brushed_alloy,44
9689,Scattered_service_spanner_003/Open_jaw_bridge_001,Scattered_service_spanner_003,Brushed_alloy,44
9690,Scattered_service_spanner_003/Open_jaw_finger_002,Scattered_service_spanner_003,Brushed_alloy,44
9691,Scattered_service_spanner_003/Open_jaw_finger_003,Scattered_service_spanner_003,Brushed_alloy,44
9692,Scattered_service_spanner_003/Box_end_004,Scattered_service_spanner_003,Brushed_alloy,288
9693,Scattered_service_spanner_004/Forged_shaft_000,Scattered_service_spanner_004,Brushed_alloy,44
9694,Scattered_service_spanner_004/Open_jaw_bridge_001,Scattered_service_spanner_004,Brushed_alloy,44
9695,Scattered_service_spanner_004/Open_jaw_finger_002,Scattered_service_spanner_004,Brushed_alloy,44
9696,Scattered_service_spanner_004/Open_jaw_finger_003,Scattered_service_spanner_004,Brushed_alloy,44
9697,Scattered_service_spanner_004/Box_end_004,Scattered_service_spanner_004,Brushed_alloy,288
9698,Scattered_service_spanner_005/Forged_shaft_000,Scattered_service_spanner_005,Brushed_alloy,44
9699,Scattered_service_spanner_005/Open_jaw_bridge_001,Scattered_service_spanner_005,Brushed_alloy,44
9700,Scattered_service_spanner_005/Open_jaw_finger_002,Scattered_service_spanner_005,Brushed_alloy,44
9701,Scattered_service_spanner_005/Open_jaw_finger_003,Scattered_service_spanner_005,Brushed_alloy,44
9702,Scattered_service_spanner_005/Box_end_004,Scattered_service_spanner_005,Brushed_alloy,288
9703,Loose_wheel_fastener_001/Hex_fastener_000,Loose_wheel_fastener_001,Brushed_alloy,24
9704,Loose_wheel_fastener_002/Hex_fastener_000,Loose_wheel_fastener_002,Brushed_alloy,24
9705,Loose_wheel_fastener_003/Hex_fastener_000,Loose_wheel_fastener_003,Brushed_alloy,24
9706,Loose_wheel_fastener_004/Hex_fastener_000,Loose_wheel_fastener_004,Brushed_alloy,24
9707,Loose_wheel_fastener_005/Hex_fastener_000,Loose_wheel_fastener_005,Brushed_alloy,24
9708,Loose_wheel_fastener_006/Hex_fastener_000,Loose_wheel_fastener_006,Brushed_alloy,24
9709,Loose_wheel_fastener_007/Hex_fastener_000,Loose_wheel_fastener_007,Brushed_alloy,24
9710,Loose_wheel_fastener_008/Hex_fastener_000,Loose_wheel_fastener_008,Brushed_alloy,24
9711,Loose_wheel_fastener_009/Hex_fastener_000,Loose_wheel_fastener_009,Brushed_alloy,24
9712,Loose_wheel_fastener_010/Hex_fastener_000,Loose_wheel_fastener_010,Brushed_alloy,24
9713,Loose_wheel_fastener_011/Hex_fastener_000,Loose_wheel_fastener_011,Brushed_alloy,24
9714,Loose_wheel_fastener_012/Hex_fastener_000,Loose_wheel_fastener_012,Brushed_alloy,24
9715,Loose_wheel_fastener_013/Hex_fastener_000,Loose_wheel_fastener_013,Brushed_alloy,24
9716,Loose_wheel_fastener_014/Hex_fastener_000,Loose_wheel_fastener_014,Brushed_alloy,24
9717,Used_shop_rag_001/Crumpled_shop_cloth_000,Used_shop_rag_001,Coolant_bottle_green,160
9718,Used_shop_rag_002/Crumpled_shop_cloth_000,Used_shop_rag_002,Coolant_bottle_green,160
9719,Used_shop_rag_003/Crumpled_shop_cloth_000,Used_shop_rag_003,Coolant_bottle_green,160
9720,Uncoiled_air_line_001/Loose_air_hose_000,Uncoiled_air_line_001,Hand_tool_orange,48
9721,Uncoiled_air_line_001/Loose_air_hose_001,Uncoiled_air_line_001,Hand_tool_orange,48
9722,Uncoiled_air_line_001/Loose_air_hose_002,Uncoiled_air_line_001,Hand_tool_orange,48
9723,Uncoiled_air_line_001/Loose_air_hose_003,Uncoiled_air_line_001,Hand_tool_orange,48
9724,Uncoiled_air_line_001/Loose_air_hose_004,Uncoiled_air_line_001,Hand_tool_orange,48
9725,Uncoiled_air_line_001/Loose_air_hose_005,Uncoiled_air_line_001,Hand_tool_orange,48
9726,Uncoiled_air_line_001/Loose_air_hose_006,Uncoiled_air_line_001,Hand_tool_orange,48
9727,Uncoiled_air_line_001/Loose_air_hose_007,Uncoiled_air_line_001,Hand_tool_orange,48
9728,Uncoiled_air_line_001/Pneumatic_coupler_008,Uncoiled_air_line_001,Valve_brass,48
9729,Partly_open_cabinet_drawer_001/Extended_drawer_floor_000,Partly_open_cabinet_drawer_001,Aged_black_steel,44
9730,Partly_open_cabinet_drawer_001/Drawer_side_wall_001,Partly_open_cabinet_drawer_001,Aged_black_steel,44
9731,Partly_open_cabinet_drawer_001/Drawer_side_wall_002,Partly_open_cabinet_drawer_001,Aged_black_steel,44
9732,Partly_open_cabinet_drawer_001/Drawer_socket_001/Socket_body_000_003,Partly_open_cabinet_drawer_001,Brushed_alloy,64
9733,Partly_open_cabinet_drawer_001/Drawer_socket_001/Socket_lip_001_004,Partly_open_cabinet_drawer_001,Brushed_alloy,192
9734,Partly_open_cabinet_drawer_001/Drawer_socket_001/Socket_opening_002_005,Partly_open_cabinet_drawer_001,Deep_charcoal,24
9735,Partly_open_cabinet_drawer_001/Drawer_socket_001/Socket_knurl_003_006,Partly_open_cabinet_drawer_001,Aged_black_steel,128
9736,Partly_open_cabinet_drawer_001/Drawer_socket_002/Socket_body_000_007,Partly_open_cabinet_drawer_001,Brushed_alloy,64
9737,Partly_open_cabinet_drawer_001/Drawer_socket_002/Socket_lip_001_008,Partly_open_cabinet_drawer_001,Brushed_alloy,192
9738,Partly_open_cabinet_drawer_001/Drawer_socket_002/Socket_opening_002_009,Partly_open_cabinet_drawer_001,Deep_charcoal,24
9739,Partly_open_cabinet_drawer_001/Drawer_socket_002/Socket_knurl_003_010,Partly_open_cabinet_drawer_001,Aged_black_steel,128
9740,Partly_open_cabinet_drawer_001/Drawer_socket_003/Socket_body_000_011,Partly_open_cabinet_drawer_001,Brushed_alloy,64
9741,Partly_open_cabinet_drawer_001/Drawer_socket_003/Socket_lip_001_012,Partly_open_cabinet_drawer_001,Brushed_alloy,192
9742,Partly_open_cabinet_drawer_001/Drawer_socket_003/Socket_opening_002_013,Partly_open_cabinet_drawer_001,Deep_charcoal,24
9743,Partly_open_cabinet_drawer_001/Drawer_socket_003/Socket_knurl_003_014,Partly_open_cabinet_drawer_001,Aged_black_steel,128
9744,Partly_open_cabinet_drawer_001/Drawer_socket_004/Socket_body_000_015,Partly_open_cabinet_drawer_001,Brushed_alloy,64
9745,Partly_open_cabinet_drawer_001/Drawer_socket_004/Socket_lip_001_016,Partly_open_cabinet_drawer_001,Brushed_alloy,192
9746,Partly_open_cabinet_drawer_001/Drawer_socket_004/Socket_opening_002_017,Partly_open_cabinet_drawer_001,Deep_charcoal,24
9747,Partly_open_cabinet_drawer_001/Drawer_socket_004/Socket_knurl_003_018,Partly_open_cabinet_drawer_001,Aged_black_steel,128
9748,Partly_open_cabinet_drawer_001/Drawer_socket_005/Socket_body_000_019,Partly_open_cabinet_drawer_001,Brushed_alloy,64
9749,Partly_open_cabinet_drawer_001/Drawer_socket_005/Socket_lip_001_020,Partly_open_cabinet_drawer_001,Brushed_alloy,192
9750,Partly_open_cabinet_drawer_001/Drawer_socket_005/Socket_opening_002_021,Partly_open_cabinet_drawer_001,Deep_charcoal,24
9751,Partly_open_cabinet_drawer_001/Drawer_socket_005/Socket_knurl_003_022,Partly_open_cabinet_drawer_001,Aged_black_steel,128
9752,Partly_open_cabinet_drawer_002/Extended_drawer_floor_000,Partly_open_cabinet_drawer_002,Aged_black_steel,44
9753,Partly_open_cabinet_drawer_002/Drawer_side_wall_001,Partly_open_cabinet_drawer_002,Aged_black_steel,44
9754,Partly_open_cabinet_drawer_002/Drawer_side_wall_002,Partly_open_cabinet_drawer_002,Aged_black_steel,44
9755,Partly_open_cabinet_drawer_002/Drawer_socket_006/Socket_body_000_003,Partly_open_cabinet_drawer_002,Brushed_alloy,64
9756,Partly_open_cabinet_drawer_002/Drawer_socket_006/Socket_lip_001_004,Partly_open_cabinet_drawer_002,Brushed_alloy,192
9757,Partly_open_cabinet_drawer_002/Drawer_socket_006/Socket_opening_002_005,Partly_open_cabinet_drawer_002,Deep_charcoal,24
9758,Partly_open_cabinet_drawer_002/Drawer_socket_006/Socket_knurl_003_006,Partly_open_cabinet_drawer_002,Aged_black_steel,128
9759,Partly_open_cabinet_drawer_002/Drawer_socket_007/Socket_body_000_007,Partly_open_cabinet_drawer_002,Brushed_alloy,64
9760,Partly_open_cabinet_drawer_002/Drawer_socket_007/Socket_lip_001_008,Partly_open_cabinet_drawer_002,Brushed_alloy,192
9761,Partly_open_cabinet_drawer_002/Drawer_socket_007/Socket_opening_002_009,Partly_open_cabinet_drawer_002,Deep_charcoal,24
9762,Partly_open_cabinet_drawer_002/Drawer_socket_007/Socket_knurl_003_010,Partly_open_cabinet_drawer_002,Aged_black_steel,128
9763,Partly_open_cabinet_drawer_002/Drawer_socket_008/Socket_body_000_011,Partly_open_cabinet_drawer_002,Brushed_alloy,64
9764,Partly_open_cabinet_drawer_002/Drawer_socket_008/Socket_lip_001_012,Partly_open_cabinet_drawer_002,Brushed_alloy,192
9765,Partly_open_cabinet_drawer_002/Drawer_socket_008/Socket_opening_002_013,Partly_open_cabinet_drawer_002,Deep_charcoal,24
9766,Partly_open_cabinet_drawer_002/Drawer_socket_008/Socket_knurl_003_014,Partly_open_cabinet_drawer_002,Aged_black_steel,128
9767,Partly_open_cabinet_drawer_002/Drawer_socket_009/Socket_body_000_015,Partly_open_cabinet_drawer_002,Brushed_alloy,64
9768,Partly_open_cabinet_drawer_002/Drawer_socket_009/Socket_lip_001_016,Partly_open_cabinet_drawer_002,Brushed_alloy,192
9769,Partly_open_cabinet_drawer_002/Drawer_socket_009/Socket_opening_002_017,Partly_open_cabinet_drawer_002,Deep_charcoal,24
9770,Partly_open_cabinet_drawer_002/Drawer_socket_009/Socket_knurl_003_018,Partly_open_cabinet_drawer_002,Aged_black_steel,128
9771,Partly_open_cabinet_drawer_002/Drawer_socket_010/Socket_body_000_019,Partly_open_cabinet_drawer_002,Brushed_alloy,64
9772,Partly_open_cabinet_drawer_002/Drawer_socket_010/Socket_lip_001_020,Partly_open_cabinet_drawer_002,Brushed_alloy,192
9773,Partly_open_cabinet_drawer_002/Drawer_socket_010/Socket_opening_002_021,Partly_open_cabinet_drawer_002,Deep_charcoal,24
9774,Partly_open_cabinet_drawer_002/Drawer_socket_010/Socket_knurl_003_022,Partly_open_cabinet_drawer_002,Aged_black_steel,128
9775,Open_parts_shipping_box_001/Open_carton_base_000,Open_parts_shipping_box_001,Storage_cartons,44
9776,Open_parts_shipping_box_001/Open_carton_side_001,Open_parts_shipping_box_001,Storage_cartons,44
9777,Open_parts_shipping_box_001/Open_carton_side_002,Open_parts_shipping_box_001,Storage_cartons,44
9778,Open_parts_shipping_box_001/Open_carton_end_003,Open_parts_shipping_box_001,Storage_cartons,44
9779,Open_parts_shipping_box_001/Open_carton_end_004,Open_parts_shipping_box_001,Storage_cartons,44
9780,Open_parts_shipping_box_001/Bent_top_flap_005,Open_parts_shipping_box_001,Storage_cartons,44
9781,Open_parts_shipping_box_001/Bent_top_flap_006,Open_parts_shipping_box_001,Storage_cartons,44
9782,Open_parts_shipping_box_001/Bent_side_flap_007,Open_parts_shipping_box_001,Storage_cartons,44
9783,Open_parts_shipping_box_001/Bent_side_flap_008,Open_parts_shipping_box_001,Storage_cartons,44
9784,Open_parts_shipping_box_001/Dark_cardboard_inside_009,Open_parts_shipping_box_001,Workbench_wood,44
9785,Open_parts_shipping_box_001/Packed_socket_001/Socket_body_000_010,Open_parts_shipping_box_001,Brushed_alloy,64
9786,Open_parts_shipping_box_001/Packed_socket_001/Socket_lip_001_011,Open_parts_shipping_box_001,Brushed_alloy,192
9787,Open_parts_shipping_box_001/Packed_socket_001/Socket_opening_002_012,Open_parts_shipping_box_001,Deep_charcoal,24
9788,Open_parts_shipping_box_001/Packed_socket_001/Socket_knurl_003_013,Open_parts_shipping_box_001,Aged_black_steel,128
9789,Open_parts_shipping_box_001/Packed_socket_002/Socket_body_000_014,Open_parts_shipping_box_001,Brushed_alloy,64
9790,Open_parts_shipping_box_001/Packed_socket_002/Socket_lip_001_015,Open_parts_shipping_box_001,Brushed_alloy,192
9791,Open_parts_shipping_box_001/Packed_socket_002/Socket_opening_002_016,Open_parts_shipping_box_001,Deep_charcoal,24
9792,Open_parts_shipping_box_001/Packed_socket_002/Socket_knurl_003_017,Open_parts_shipping_box_001,Aged_black_steel,128
9793,Open_parts_shipping_box_001/Packed_socket_003/Socket_body_000_018,Open_parts_shipping_box_001,Brushed_alloy,64
9794,Open_parts_shipping_box_001/Packed_socket_003/Socket_lip_001_019,Open_parts_shipping_box_001,Brushed_alloy,192
9795,Open_parts_shipping_box_001/Packed_socket_003/Socket_opening_002_020,Open_parts_shipping_box_001,Deep_charcoal,24
9796,Open_parts_shipping_box_001/Packed_socket_003/Socket_knurl_003_021,Open_parts_shipping_box_001,Aged_black_steel,128
9797,Open_parts_shipping_box_002/Open_carton_base_000,Open_parts_shipping_box_002,Storage_cartons,44
9798,Open_parts_shipping_box_002/Open_carton_side_001,Open_parts_shipping_box_002,Storage_cartons,44
9799,Open_parts_shipping_box_002/Open_carton_side_002,Open_parts_shipping_box_002,Storage_cartons,44
9800,Open_parts_shipping_box_002/Open_carton_end_003,Open_parts_shipping_box_002,Storage_cartons,44
9801,Open_parts_shipping_box_002/Open_carton_end_004,Open_parts_shipping_box_002,Storage_cartons,44
9802,Open_parts_shipping_box_002/Bent_top_flap_005,Open_parts_shipping_box_002,Storage_cartons,44
9803,Open_parts_shipping_box_002/Bent_top_flap_006,Open_parts_shipping_box_002,Storage_cartons,44
9804,Open_parts_shipping_box_002/Bent_side_flap_007,Open_parts_shipping_box_002,Storage_cartons,44
9805,Open_parts_shipping_box_002/Bent_side_flap_008,Open_parts_shipping_box_002,Storage_cartons,44
9806,Open_parts_shipping_box_002/Dark_cardboard_inside_009,Open_parts_shipping_box_002,Workbench_wood,44
9807,Open_parts_shipping_box_002/Packed_socket_004/Socket_body_000_010,Open_parts_shipping_box_002,Brushed_alloy,64
9808,Open_parts_shipping_box_002/Packed_socket_004/Socket_lip_001_011,Open_parts_shipping_box_002,Brushed_alloy,192
9809,Open_parts_shipping_box_002/Packed_socket_004/Socket_opening_002_012,Open_parts_shipping_box_002,Deep_charcoal,24
9810,Open_parts_shipping_box_002/Packed_socket_004/Socket_knurl_003_013,Open_parts_shipping_box_002,Aged_black_steel,128
9811,Open_parts_shipping_box_002/Packed_socket_005/Socket_body_000_014,Open_parts_shipping_box_002,Brushed_alloy,64
9812,Open_parts_shipping_box_002/Packed_socket_005/Socket_lip_001_015,Open_parts_shipping_box_002,Brushed_alloy,192
9813,Open_parts_shipping_box_002/Packed_socket_005/Socket_opening_002_016,Open_parts_shipping_box_002,Deep_charcoal,24
9814,Open_parts_shipping_box_002/Packed_socket_005/Socket_knurl_003_017,Open_parts_shipping_box_002,Aged_black_steel,128
9815,Open_parts_shipping_box_002/Packed_socket_006/Socket_body_000_018,Open_parts_shipping_box_002,Brushed_alloy,64
9816,Open_parts_shipping_box_002/Packed_socket_006/Socket_lip_001_019,Open_parts_shipping_box_002,Brushed_alloy,192
9817,Open_parts_shipping_box_002/Packed_socket_006/Socket_opening_002_020,Open_parts_shipping_box_002,Deep_charcoal,24
9818,Open_parts_shipping_box_002/Packed_socket_006/Socket_knurl_003_021,Open_parts_shipping_box_002,Aged_black_steel,128
9819,Open_parts_shipping_box_003/Open_carton_base_000,Open_parts_shipping_box_003,Storage_cartons,44
9820,Open_parts_shipping_box_003/Open_carton_side_001,Open_parts_shipping_box_003,Storage_cartons,44
9821,Open_parts_shipping_box_003/Open_carton_side_002,Open_parts_shipping_box_003,Storage_cartons,44
9822,Open_parts_shipping_box_003/Open_carton_end_003,Open_parts_shipping_box_003,Storage_cartons,44
9823,Open_parts_shipping_box_003/Open_carton_end_004,Open_parts_shipping_box_003,Storage_cartons,44
9824,Open_parts_shipping_box_003/Bent_top_flap_005,Open_parts_shipping_box_003,Storage_cartons,44
9825,Open_parts_shipping_box_003/Bent_top_flap_006,Open_parts_shipping_box_003,Storage_cartons,44
9826,Open_parts_shipping_box_003/Bent_side_flap_007,Open_parts_shipping_box_003,Storage_cartons,44
9827,Open_parts_shipping_box_003/Bent_side_flap_008,Open_parts_shipping_box_003,Storage_cartons,44
9828,Open_parts_shipping_box_003/Dark_cardboard_inside_009,Open_parts_shipping_box_003,Workbench_wood,44
9829,Open_parts_shipping_box_003/Packed_socket_007/Socket_body_000_010,Open_parts_shipping_box_003,Brushed_alloy,64
9830,Open_parts_shipping_box_003/Packed_socket_007/Socket_lip_001_011,Open_parts_shipping_box_003,Brushed_alloy,192
9831,Open_parts_shipping_box_003/Packed_socket_007/Socket_opening_002_012,Open_parts_shipping_box_003,Deep_charcoal,24
9832,Open_parts_shipping_box_003/Packed_socket_007/Socket_knurl_003_013,Open_parts_shipping_box_003,Aged_black_steel,128
9833,Open_parts_shipping_box_003/Packed_socket_008/Socket_body_000_014,Open_parts_shipping_box_003,Brushed_alloy,64
9834,Open_parts_shipping_box_003/Packed_socket_008/Socket_lip_001_015,Open_parts_shipping_box_003,Brushed_alloy,192
9835,Open_parts_shipping_box_003/Packed_socket_008/Socket_opening_002_016,Open_parts_shipping_box_003,Deep_charcoal,24
9836,Open_parts_shipping_box_003/Packed_socket_008/Socket_knurl_003_017,Open_parts_shipping_box_003,Aged_black_steel,128
9837,Open_parts_shipping_box_003/Packed_socket_009/Socket_body_000_018,Open_parts_shipping_box_003,Brushed_alloy,64
9838,Open_parts_shipping_box_003/Packed_socket_009/Socket_lip_001_019,Open_parts_shipping_box_003,Brushed_alloy,192
9839,Open_parts_shipping_box_003/Packed_socket_009/Socket_opening_002_020,Open_parts_shipping_box_003,Deep_charcoal,24
9840,Open_parts_shipping_box_003/Packed_socket_009/Socket_knurl_003_021,Open_parts_shipping_box_003,Aged_black_steel,128
9841,Uneven_carton_pile_001/Lower_used_box_000,Uneven_carton_pile_001,Storage_cartons,44
9842,Uneven_carton_pile_001/Upper_box_shifted_001,Uneven_carton_pile_001,Storage_cartons,44
9843,Uneven_carton_pile_001/Old_packing_tape_002,Uneven_carton_pile_001,Workbench_wood,44
9844,Irregular_floor_oil_stain_001/Oil_stain_contour_000,Irregular_floor_oil_stain_001,Dark_oil_stain,36
9845,Irregular_floor_oil_stain_002/Oil_stain_contour_000,Irregular_floor_oil_stain_002,Dark_oil_stain,36
9846,Irregular_floor_oil_stain_003/Oil_stain_contour_000,Irregular_floor_oil_stain_003,Dark_oil_stain,36
